State,Constituency,O.S.N.,Candidate,Party,EVM Votes,Postal Votes,Total Votes
Andaman & Nicobar Islands,Andaman & Nicobar Islands ,1,AYAN MANDAL,All India Trinamool Congress,1717,4,1721
Andaman & Nicobar Islands,Andaman & Nicobar Islands ,2,KULDEEP RAI SHARMA,Indian National Congress,95249,59,95308
Andaman & Nicobar Islands,Andaman & Nicobar Islands ,3,PRAKASH MINJ,Bahujan Samaj Party,2478,8,2486
Andaman & Nicobar Islands,Andaman & Nicobar Islands ,4,VISHAL JOLLY,Bharatiya Janata Party,93772,129,93901
Andaman & Nicobar Islands,Andaman & Nicobar Islands ,5,SANJAY MESHACK,Aam Aadmi Party,2837,2,2839
Andaman & Nicobar Islands,Andaman & Nicobar Islands ,6,C G SAJI KUMAR,All India Hindustan Congress Party,212,0,212
Andaman & Nicobar Islands,Andaman & Nicobar Islands ,7,K KALIMUTHU,Independent,269,6,275
Andaman & Nicobar Islands,Andaman & Nicobar Islands ,8,V V KHALID,Independent,305,1,306
Andaman & Nicobar Islands,Andaman & Nicobar Islands ,9,GOUR CHANDRA MAJUMDER,Independent,221,0,221
Andaman & Nicobar Islands,Andaman & Nicobar Islands ,10,PARITOSH KUMAR HALDAR,Independent,5339,2,5341
Andaman & Nicobar Islands,Andaman & Nicobar Islands ,11,MINATI BISWAS,Independent,615,3,618
Andaman & Nicobar Islands,Andaman & Nicobar Islands ,12,C U RASHEED,Independent,272,1,273
Andaman & Nicobar Islands,Andaman & Nicobar Islands ,13,K VENKAT RAM BABU,Independent,914,0,914
Andaman & Nicobar Islands,Andaman & Nicobar Islands ,14,S SUDERSHAN RAO,Independent,475,0,475
Andaman & Nicobar Islands,Andaman & Nicobar Islands ,15,HENRY,Independent,994,0,994
Andaman & Nicobar Islands,Andaman & Nicobar Islands ,16,NOTA,None of the Above,1411,1,1412
Andhra Pradesh,Amalapuram,1,AYYAJI VEMA MANEPALLI,Bharatiya Janata Party,11358,158,11516
Andhra Pradesh,Amalapuram,2,GANTI HARISH MADHUR (BALAYOGI),Telugu Desam,442774,2573,445347
Andhra Pradesh,Amalapuram,3,CHINTA ANURADHA,Yuvajana Sramika Rythu Congress Party,481358,3955,485313
Andhra Pradesh,Amalapuram,4,JANGA GOUTHAM,Indian National Congress,7840,38,7878
Andhra Pradesh,Amalapuram,5,CHELLE RAJANI,Jana Jagruti Party,1228,0,1228
Andhra Pradesh,Amalapuram,6,PANTHAGADA VIJAYA CHAKRAVARTHY,Republican Party of India (Khobragade),1801,0,1801
Andhra Pradesh,Amalapuram,7,MURALIKRISHNA KANDERI,India Praja Bandhu Party,1801,1,1802
Andhra Pradesh,Amalapuram,8,MORTHA SIVA RAMA KRISHNA,Pyramid Party of India,1946,4,1950
Andhra Pradesh,Amalapuram,9,D M R SEKHAR,Janasena Party,253271,1577,254848
Andhra Pradesh,Amalapuram,10,REVU SUDHAKAR,Independent,2770,1,2771
Andhra Pradesh,Amalapuram,11,NOTA,None of the Above,16408,41,16449
Andhra Pradesh,Anakapalli,1,ADARI ANAND KUMAR,Telugu Desam,495381,1653,497034
Andhra Pradesh,Anakapalli,2,Dr. Gandi Venkata Satyanarayana Rao (Dr Vikram),Bharatiya Janata Party,12888,388,13276
Andhra Pradesh,Anakapalli,3,Dr.Beesetti Venkata Satyavathi,Yuvajana Sramika Rythu Congress Party,583210,3016,586226
Andhra Pradesh,Anakapalli,4,Ruthala Srirama Murthy,Indian National Congress,10072,49,10121
Andhra Pradesh,Anakapalli,5,P.S.AJAY KUMAR,Communist Party of India (Marxist-Leninist) (Liberation),2708,8,2716
Andhra Pradesh,Anakapalli,6,K B SWAROOP,Jana Jagruti Party,1615,6,1621
Andhra Pradesh,Anakapalli,7,Chintala Partha Sarathi,Janasena Party,82126,462,82588
Andhra Pradesh,Anakapalli,8,Taadi Veera Jagadeeshwari,Pyramid Party of India,1801,2,1803
Andhra Pradesh,Anakapalli,9,Vadlamuri Krishna Swaroop,Dalita Bahujana Party,4443,1,4444
Andhra Pradesh,Anakapalli,10,Appala Naidu Tummagunta,Independent,3760,5,3765
Andhra Pradesh,Anakapalli,11,NOTA,None of the Above,34877,20,34897
Andhra Pradesh,Anantapur,1,D.JAGADEESH,Communist Party of India,20192,102,20294
Andhra Pradesh,Anantapur,2,TALARI RANGAIAH,Yuvajana Sramika Rythu Congress Party,690901,4307,695208
Andhra Pradesh,Anantapur,3,J.C. PAVAN REDDY,Telugu Desam,550597,3183,553780
Andhra Pradesh,Anantapur,4,K.RAJIV REDDY,Indian National Congress,29994,85,30079
Andhra Pradesh,Anantapur,5,HAMSA DEVINENI,Bharatiya Janata Party,7440,164,7604
Andhra Pradesh,Anantapur,6,GADIDAMA RANGANAYAKULU,Vishwa Jana Party,728,0,728
Andhra Pradesh,Anantapur,7,P.RADHA KRISHNA,Radical Democrats,1219,1,1220
Andhra Pradesh,Anantapur,8,G. LALITHA,SOCIALIST UNITY CENTRE OF INDIA (COMMUNIST),890,9,899
Andhra Pradesh,Anantapur,9,M.VENKATESULU,Pyramid Party of India,1043,5,1048
Andhra Pradesh,Anantapur,10,S.V.P. YADAV,Independent,4398,0,4398
Andhra Pradesh,Anantapur,11,P. RANGAIAH,Independent,3580,8,3588
Andhra Pradesh,Anantapur,12,L. RANGAIAH,Independent,1688,3,1691
Andhra Pradesh,Anantapur,13,VADDE KASINATH,Independent,2063,3,2066
Andhra Pradesh,Anantapur,14,SOMANATH DESHMUKH,Independent,3236,1,3237
Andhra Pradesh,Anantapur,15,NOTA,None of the Above,16406,60,16466
Andhra Pradesh,Aruku,1,KISHORE CHANDRA DEO,Telugu Desam,336163,1938,338101
Andhra Pradesh,Aruku,2,Dr. KOSURI KASI VISWANADHA VEERA VENKATA SATYANARAYANA REDDY,Bharatiya Janata Party,17578,289,17867
Andhra Pradesh,Aruku,3,GODDETI. MADHAVI,Yuvajana Sramika Rythu Congress Party,557561,4629,562190
Andhra Pradesh,Aruku,4,SHRUTI DEVI VYRICHERLA,Indian National Congress,17656,74,17730
Andhra Pradesh,Aruku,5,GANGULAIAH VAMPURU.,Janasena Party,42245,549,42794
Andhra Pradesh,Aruku,6,SWAMULA. SUBRAHMANYAM,Jana Jagruti Party,4705,5,4710
Andhra Pradesh,Aruku,7,ANUMULA VAMSIKRISHNA,Independent,10211,29,10240
Andhra Pradesh,Aruku,8,KANGALA BALUDORA,Independent,13810,16,13826
Andhra Pradesh,Aruku,9,NARAVA SATYAVATHI,Independent,11231,5,11236
Andhra Pradesh,Aruku,10,BIDDIKA RAMAYYA.,Independent,7863,4,7867
Andhra Pradesh,Aruku,11,NOTA,None of the Above,47955,22,47977
Andhra Pradesh,Bapatla,1,CHALLAGALI KISHORE KUMAR,Bharatiya Janata Party,9842,509,10351
Andhra Pradesh,Bapatla,2,K. DEVANAND,Bahujan Samaj Party,42262,318,42580
Andhra Pradesh,Bapatla,3,NANDIGAM SURESH,Yuvajana Sramika Rythu Congress Party,592250,6007,598257
Andhra Pradesh,Bapatla,4,MALYADRI SRIRAM,Telugu Desam,577403,4789,582192
Andhra Pradesh,Bapatla,5,J.D. SEELAM,Indian National Congress,12941,214,13155
Andhra Pradesh,Bapatla,6,KUMAR KATTEPOGU,Pyramid Party of India,877,8,885
Andhra Pradesh,Bapatla,7,GADDE HARI BABU,Navodayam Party,521,9,530
Andhra Pradesh,Bapatla,8,CHINA NAGESWARA RAO SADHU,Mundadugu Praja Party,463,3,466
Andhra Pradesh,Bapatla,9,THUMATI RAVI,All Peoples Party,368,2,370
Andhra Pradesh,Bapatla,10,NUTHAKKI RAMA RAO,All India Praja Party,600,6,606
Andhra Pradesh,Bapatla,11,GELLA NAGAMALLI,Independent,651,4,655
Andhra Pradesh,Bapatla,12,GOLLA BABURAO,Independent,1271,5,1276
Andhra Pradesh,Bapatla,13,BUSSA NAGARAJU,Independent,1943,8,1951
Andhra Pradesh,Bapatla,14,NOTA,None of the Above,13178,40,13218
Andhra Pradesh,Chittoor,1,CHEEMALA. RANGAPPA,Indian National Congress,24497,146,24643
Andhra Pradesh,Chittoor,2,JAYARAM DUGGANI,Bharatiya Janata Party,10137,359,10496
Andhra Pradesh,Chittoor,3,NARAMALLI SIVA PRASAD,Telugu Desam,545374,4147,549521
Andhra Pradesh,Chittoor,4,C. PUNYAMURTHY,Bahujan Samaj Party,19952,110,20062
Andhra Pradesh,Chittoor,5,N. REDDEPPA,Yuvajana Sramika Rythu Congress Party,681325,5467,686792
Andhra Pradesh,Chittoor,6,PALLIPATTU. ABHINAV VISHNU,Mundadugu Praja Party,3441,4,3445
Andhra Pradesh,Chittoor,7,P. RAMACHANDRAN,Independent,1854,9,1863
Andhra Pradesh,Chittoor,8,A. HEMANTH,Independent,2089,5,2094
Andhra Pradesh,Chittoor,9,NOTA,None of the Above,20503,53,20556
Andhra Pradesh,Eluru,1,KOTAGIRI SRIDHAR,Yuvajana Sramika Rythu Congress Party,672834,3975,676809
Andhra Pradesh,Eluru,2,CHINNAM RAMA KOTAYYA,Bharatiya Janata Party,8317,95,8412
Andhra Pradesh,Eluru,3,JETTI GURUNADHA RAO,Indian National Congress,20284,94,20378
Andhra Pradesh,Eluru,4,MAGANTTI VENKATESWARA RAO BABU,Telugu Desam,509549,1335,510884
Andhra Pradesh,Eluru,5,CHINA VENKATA SURYANARAYANA JOSYULA,Pyramid Party of India,2932,3,2935
Andhra Pradesh,Eluru,6,PENTAPATI PULLARAO,Janasena Party,76481,346,76827
Andhra Pradesh,Eluru,7,MATHE. BOBBY,Republican Party of India (A),1871,8,1879
Andhra Pradesh,Eluru,8,V. SIVA RAMA KRISHNA,Jana Jagruti Party,1261,0,1261
Andhra Pradesh,Eluru,9,ALAGA. RAVI KUMAR,Independent,1648,0,1648
Andhra Pradesh,Eluru,10,Dr.MENDEM. SANTHOSH KUMAR(PEDDABABU),Independent,3010,0,3010
Andhra Pradesh,Eluru,11,NOTA,None of the Above,23861,19,23880
Andhra Pradesh ,Guntur,1,Jayadev Galla,Telugu Desam,586292,1626,587918
Andhra Pradesh ,Guntur,2,Jayaprakash Narayana Valluru,Bharatiya Janata Party,11667,174,11841
Andhra Pradesh ,Guntur,3,Modugula Venugopala Reddy,Yuvajana Sramika Rythu Congress Party,580840,2873,583713
Andhra Pradesh ,Guntur,4,Shaik Mastanvali,Indian National Congress,14124,81,14205
Andhra Pradesh ,Guntur,5,Araveti Hazarath Rao,Pyramid Party of India,808,2,810
Andhra Pradesh ,Guntur,6,Ullagi David Jayakumar,Hardam Manavtawadi Rashtriya Dal,447,0,447
Andhra Pradesh ,Guntur,7,Jeldi Raja Mohan,All India Praja Party,437,0,437
Andhra Pradesh ,Guntur,8,Nagaraju Ekula,Republican Party of India (A),920,0,920
Andhra Pradesh ,Guntur,9,Bonaboyina Srinivasa Rao,Janasena Party,128746,459,129205
Andhra Pradesh ,Guntur,10,Mannava Hariprasad,Communist Party of India (Marxist-Leninist) Red Star,3212,4,3216
Andhra Pradesh ,Guntur,11,Ramarao Simhadri,Praja Shanthi Party,1744,2,1746
Andhra Pradesh ,Guntur,12,Jacob Vidyasagar Nakka,Viduthalai Chiruthaigal Katchi,639,2,641
Andhra Pradesh ,Guntur,13,Sarabandi Raju Sikhinam,Indian Labour Party (Ambedkar Phule),1015,2,1017
Andhra Pradesh ,Guntur,14,Shaik Jaleel,Navarang Congress Party,560,3,563
Andhra Pradesh ,Guntur,15,Samudrala Chinna Kotaiah,National Dalitha Dhal Party,628,0,628
Andhra Pradesh ,Guntur,16,Umar Basha Shaik,Independent,2676,0,2676
Andhra Pradesh ,Guntur,17,Dasari Kiran Babu,Independent,2907,2,2909
Andhra Pradesh ,Guntur,18,Doppalapudi Veera Das,Independent,629,0,629
Andhra Pradesh ,Guntur,19,Yanamadala Venkata Suresh,Independent,1947,0,1947
Andhra Pradesh ,Guntur,20,NOTA,None of the Above,5972,34,6006
Andhra Pradesh,Hindupur,1,KAMAGANAHALLI THIPPESWAMY SREEDHAR (K.T.SREEDHAR),Indian National Congress,26973,183,27156
Andhra Pradesh,Hindupur,2,KURUVA GORANTLA MADHAV,Yuvajana Sramika Rythu Congress Party,699739,6863,706602
Andhra Pradesh,Hindupur,3,KRISTAPPA . NIMMALA,Telugu Desam,561602,4252,565854
Andhra Pradesh,Hindupur,4,MITTA PARTHASARATHI,Bharatiya Janata Party,13530,275,13805
Andhra Pradesh,Hindupur,5,Ram Mohan Singamneni,Pyramid Party of India,1305,8,1313
Andhra Pradesh,Hindupur,6,S.R.Anjaneyulu,Independent,1215,12,1227
Andhra Pradesh,Hindupur,7,GOGULA PULAKUNTA JAYANTH,Independent,1578,4,1582
Andhra Pradesh,Hindupur,8,Mugi Surya Prakash,Independent,1315,1,1316
Andhra Pradesh,Hindupur,9,Ramamohan D.G.,Independent,2230,1,2231
Andhra Pradesh,Hindupur,10,NOTA,None of the Above,17356,72,17428
Andhra Pradesh,Kadapa,1,Y.S.Avinash Reddy,Yuvajana Sramika Rythu Congress Party,778267,5532,783799
Andhra Pradesh,Kadapa,2,Chadipirala Adi Narayana Reddy,Telugu Desam,400192,2631,402823
Andhra Pradesh,Kadapa,3,Gundlakunta Sreeramulu,Indian National Congress,8280,61,8341
Andhra Pradesh,Kadapa,4,Gujjula Eswaraiah,Communist Party of India,6152,90,6242
Andhra Pradesh,Kadapa,5,Sri Rama Chandra Singareddy,Bharatiya Janata Party,3917,168,4085
Andhra Pradesh,Kadapa,6,Ameen Peeran Shaik,Ambedkar National Congress,571,2,573
Andhra Pradesh,Kadapa,7,Lakshmi Reddy Putha,Rajyadhikara Party,365,3,368
Andhra Pradesh,Kadapa,8,Pedakala Varalakshmi,Pyramid Party of India,705,11,716
Andhra Pradesh,Kadapa,9,Chadipirala Siva Narayana Reddy,Navarang Congress Party,445,1,446
Andhra Pradesh,Kadapa,10,Siva Chandra Reddy Komma,Anna YSR Congress Party,1398,24,1422
Andhra Pradesh,Kadapa,11,Gona Purushottam Reddy,Independent,1131,3,1134
Andhra Pradesh,Kadapa,12,Jakku Chenna Krishna Reddy,Independent,578,1,579
Andhra Pradesh,Kadapa,13,Nyamatulla Shaik,Independent,755,4,759
Andhra Pradesh,Kadapa,14,Peddireddy Showry Subhash Reddy,Independent,865,0,865
Andhra Pradesh,Kadapa,15,Venu Gopal Rachineni,Independent,1748,0,1748
Andhra Pradesh,Kadapa,16,NOTA,None of the Above,14629,63,14692
Andhra Pradesh ,Kakinada,1,CHALAMALASETTY SUNIL,Telugu Desam,508361,3531,511892
Andhra Pradesh ,Kakinada,2,MALLIPUDI SRI RAMACHANDRA MURTHY (RAMBABU),Indian National Congress,8601,39,8640
Andhra Pradesh ,Kakinada,3,YALLA VENKATA RAMA MOHAN RAO (DORABABU),Bharatiya Janata Party,9456,140,9596
Andhra Pradesh ,Kakinada,4,VANGA GEETHAVISWANATH,Yuvajana Sramika Rythu Congress Party,534655,2975,537630
Andhra Pradesh ,Kakinada,5,APPALAKONDA VANGALAPUDI,Mundadugu Praja Party,2997,0,2997
Andhra Pradesh ,Kakinada,6,B. GEETHA,Praja Shanthi Party,1687,1,1688
Andhra Pradesh ,Kakinada,7,GODUGU SATYANARAYANA,Communist Party of India (Marxist-Leninist) (Liberation),1723,1,1724
Andhra Pradesh ,Kakinada,8,JYOTHULA VENKATESWARA RAO,Janasena Party,132124,524,132648
Andhra Pradesh ,Kakinada,9,DONAM NEELAKANTAM,All India Praja Party,980,0,980
Andhra Pradesh ,Kakinada,10,PEDDIMSETTI. VENKATESWARARAO,Jana Jagruti Party,812,3,815
Andhra Pradesh ,Kakinada,11,VASAMSETTY VENKATARAMANA,All India Forward Bloc,1012,2,1014
Andhra Pradesh ,Kakinada,12,SATHI VEERALAKSHMI,Pyramid Party of India,1117,2,1119
Andhra Pradesh ,Kakinada,13,ANKADI SATHIBABU,Independent,1381,0,1381
Andhra Pradesh ,Kakinada,14,KAKILETI RAVINDRA,Independent,3325,2,3327
Andhra Pradesh ,Kakinada,15,MEDISETTI VIJAYA KUMAR,Independent,2051,0,2051
Andhra Pradesh ,Kakinada,16,NOTA,None of the Above,17117,36,17153
Andhra Pradesh,Kurnool,1,AHMED ALI KHAN,Indian National Congress,36169,89,36258
Andhra Pradesh,Kurnool,2,KOTLA JAYA SURYA PRAKASH REDDY,Telugu Desam,450341,3324,453665
Andhra Pradesh,Kurnool,3,Dr. PARTHASARATHI VALMIKI,Bharatiya Janata Party,24089,241,24330
Andhra Pradesh,Kurnool,4,K. PRABHAKARA REDDY,Communist Party of India (Marxist),18818,101,18919
Andhra Pradesh,Kurnool,5,AYUSHMAN DOCTOR SANJEEV KUMAR,Yuvajana Sramika Rythu Congress Party,600190,2364,602554
Andhra Pradesh,Kurnool,6,ABDUL WARIS,SOCIAL DEMOCRATIC PARTY OF INDIA,7261,4,7265
Andhra Pradesh,Kurnool,7,KASULA RAJASEKHAR,Pyramid Party of India,1223,3,1226
Andhra Pradesh,Kurnool,8,DANDU SESHU YADAV,Samajwadi Party,3264,2,3266
Andhra Pradesh,Kurnool,9,M. NAGANNA,SOCIALIST UNITY CENTRE OF INDIA (COMMUNIST),1283,2,1285
Andhra Pradesh,Kurnool,10,S.MD. SHAFATH,Rayalaseema Rashtra Samithi,1220,1,1221
Andhra Pradesh,Kurnool,11,G Sanjeeva Kumar,Samajwadi Forward Bloc,2095,2,2097
Andhra Pradesh,Kurnool,12,HATCHOLI THOMAS,Independent,1489,7,1496
Andhra Pradesh,Kurnool,13,DEVARAPOGU MADDILETY,Independent,1696,1,1697
Andhra Pradesh,Kurnool,14,BALIJA. SHIVA KUMAR,Independent,2741,0,2741
Andhra Pradesh,Kurnool,15,T. BEECHUPALLY,Independent,9771,0,9771
Andhra Pradesh,Kurnool,16,P.V. SRIHARI,Independent,6548,3,6551
Andhra Pradesh,Kurnool,17,NOTA,None of the Above,7643,26,7669
Andhra Pradesh,Machilipatnam,1,KONAKALLA NARAYANA RAO,Telugu Desam,508570,2725,511295
Andhra Pradesh,Machilipatnam,2,GUDIVAKA RAMANJANEYULU,Bharatiya Janata Party,6355,107,6462
Andhra Pradesh,Machilipatnam,3,GOLLU KRISHNA,Indian National Congress,12207,77,12284
Andhra Pradesh,Machilipatnam,4,BALASHOWRY VALLABHANENI,Yuvajana Sramika Rythu Congress Party,566178,5258,571436
Andhra Pradesh,Machilipatnam,5,PERAM SIVA NAGESWARA RAO,Republican Party of India (A),3620,2,3622
Andhra Pradesh,Machilipatnam,6,BANDREDDI RAMAKRISHNA,Janasena Party,112416,876,113292
Andhra Pradesh,Machilipatnam,7,YARLAGADDA RAMA MOHANA RAO,Bahujan Maha Party,1016,1,1017
Andhra Pradesh,Machilipatnam,8,VALLURU VENKATESWARA RAO,Pyramid Party of India,824,2,826
Andhra Pradesh,Machilipatnam,9,GANDHI DHANEKULA,Independent,846,0,846
Andhra Pradesh,Machilipatnam,10,NADAKUDITI NAGA GAYATHRI,Independent,771,2,773
Andhra Pradesh,Machilipatnam,11,GUDIVAKA VENKATA NAGA BASAVA RAO,Independent,895,1,896
Andhra Pradesh,Machilipatnam,12,VIJAYA LAKSHMI CHALAPAKA,Independent,4766,13,4779
Andhra Pradesh,Machilipatnam,13,NOTA,None of the Above,14043,34,14077
Andhra Pradesh,Nandyal,1,ADINARAYANA INTY,Bharatiya Janata Party,8794,272,9066
Andhra Pradesh,Nandyal,2,JANGITE LAKSHMI NARASIMHA YADAV,Indian National Congress,14313,107,14420
Andhra Pradesh,Nandyal,3,POCHA . BRAHMANANDA REDDY,Yuvajana Sramika Rythu Congress Party,715024,5864,720888
Andhra Pradesh,Nandyal,4,MANDRA SIVANANDA REDDY,Telugu Desam,466869,3900,470769
Andhra Pradesh,Nandyal,5,D. P. JAMAL BASHA.,Anna YSR Congress Party,3981,108,4089
Andhra Pradesh,Nandyal,6,PULA. NAGAMADDILETY,Ambedkar National Congress,931,6,937
Andhra Pradesh,Nandyal,7,D. MAHAMMAD RAFI .,B. C. United Front,645,4,649
Andhra Pradesh,Nandyal,8,RUDDIREDDY RADHAKRISHNA,All India Forward Bloc,667,6,673
Andhra Pradesh,Nandyal,9,S.P.Y. REDDY,Janasena Party,38568,303,38871
Andhra Pradesh,Nandyal,10,S. A. INDUMATHI,Independent,842,5,847
Andhra Pradesh,Nandyal,11,ELLURI. BHUPAL.,Independent,667,1,668
Andhra Pradesh,Nandyal,12,K.P. KAMBAGIRISWAMY.,Independent,765,2,767
Andhra Pradesh,Nandyal,13,JESTADI SUDHAKAR,Independent,4542,0,4542
Andhra Pradesh,Nandyal,14,I.V. PAKKIR REDDY,Independent,3103,0,3103
Andhra Pradesh,Nandyal,15,POLURU GURUVAIAH.,Independent,6099,0,6099
Andhra Pradesh,Nandyal,16,BHUMA KISHOR REDDY,Independent,4848,4,4852
Andhra Pradesh,Nandyal,17,B.C. RAMANATHA REDDY,Independent,2543,0,2543
Andhra Pradesh,Nandyal,18,Dr. LAKSHMI KANTHA REDDY CHITLA,Independent,1428,1,1429
Andhra Pradesh,Nandyal,19,VANGALA PARAMESWARA REDDY.,Independent,2380,2,2382
Andhra Pradesh,Nandyal,20,C. SURENDRA NATH REDDY,Independent,1708,0,1708
Andhra Pradesh,Nandyal,21,NOTA,None of the Above,9759,32,9791
Andhra Pradesh,Narasaraopet,1,KANNA LAKSHMI NARAYANA,Bharatiya Janata Party,15237,231,15468
Andhra Pradesh,Narasaraopet,2,PAKKALA SURIBABU,Indian National Congress,10976,56,11032
Andhra Pradesh,Narasaraopet,3,RAYAPATI SAMBASIVARAO,Telugu Desam,588900,2211,591111
Andhra Pradesh,Narasaraopet,4,LAVU SRI KRISHNA DEVARAYALU,Yuvajana Sramika Rythu Congress Party,740041,5048,745089
Andhra Pradesh,Narasaraopet,5,ALLU VENKATAREDDY,Pyramid Party of India,2892,4,2896
Andhra Pradesh,Narasaraopet,6,KANAKAM SRINIVASARAO,National Nava Kranthi Party,1065,4,1069
Andhra Pradesh,Narasaraopet,7,NAYUB KAMAL SHAIK,Janasena Party,50518,295,50813
Andhra Pradesh,Narasaraopet,8,SURABHI DEVASAHAYAM,Indian Union Muslim League,423,0,423
Andhra Pradesh,Narasaraopet,9,KANTE SAYANNA,Independent,365,1,366
Andhra Pradesh,Narasaraopet,10,GADDALA VENU,Independent,623,3,626
Andhra Pradesh,Narasaraopet,11,DURGAMPUDI RAMIREDDY,Independent,2683,1,2684
Andhra Pradesh,Narasaraopet,12,PARIMI NARASIMHA RAO,Independent,999,2,1001
Andhra Pradesh,Narasaraopet,13,REDDYBOINA PRASANNA KUMAR,Independent,1394,1,1395
Andhra Pradesh,Narasaraopet,14,NOTA,None of the Above,13664,38,13702
Andhra Pradesh,Narsapuram,1,KANUMURU BAPIRAJU,Indian National Congress,13678,132,13810
Andhra Pradesh,Narsapuram,2,KANUMURU RAGHU RAMA KRISHNA RAJU,Yuvajana Sramika Rythu Congress Party,442736,4858,447594
Andhra Pradesh,Narsapuram,3,PYDIKONDALA MANIKYALA RAO,Bharatiya Janata Party,12118,260,12378
Andhra Pradesh,Narsapuram,4,V.V. SIVA RAMA RAJU (KALAVAPUDI SIVA),Telugu Desam,413674,2011,415685
Andhra Pradesh,Narsapuram,5,YELLA VENU GOPAL RAO,Nava Samaj Party,4268,2,4270
Andhra Pradesh,Narsapuram,6,GANJI PURNIMA,Republican Party of India (A),865,2,867
Andhra Pradesh,Narsapuram,7,GURUGUBILLI RAMBABU,Marxist Communist Party of India (United),582,0,582
Andhra Pradesh,Narsapuram,8,G S RAJU,Samajwadi Party,3459,3,3462
Andhra Pradesh,Narsapuram,9,DASARI KRISHNA MURTHY,India Praja Bandhu Party,1600,0,1600
Andhra Pradesh,Narsapuram,10,NALLAM SURYA CHANDRA RAO,Pyramid Party of India,2194,9,2203
Andhra Pradesh,Narsapuram,11,NAGABABU KONIDELA,Janasena Party,248675,1614,250289
Andhra Pradesh,Narsapuram,12,K.A.PAUL,Praja Shanthi Party,3018,19,3037
Andhra Pradesh,Narsapuram,13,GOTTUMUKKALA SHIVAJI,Independent,1273,0,1273
Andhra Pradesh,Narsapuram,14,NALLI RAJESH,Independent,2646,2,2648
Andhra Pradesh,Narsapuram,15,MEDAPATI VARAHALA REDDY,Independent,2674,3,2677
Andhra Pradesh,Narsapuram,16,NOTA,None of the Above,12031,35,12066
Andhra Pradesh,Nellore,1,Adala Prabhakara Reddy,Yuvajana Sramika Rythu Congress Party,677014,6816,683830
Andhra Pradesh,Nellore,2,Chandra Rajagopal,Communist Party of India (Marxist),18571,259,18830
Andhra Pradesh,Nellore,3,Chevuru Devakumar Reddy,Indian National Congress,9973,48,10021
Andhra Pradesh,Nellore,4,Beeda Masthan Rao,Telugu Desam,529571,5688,535259
Andhra Pradesh,Nellore,5,Sannapureddy Suresh Reddy,Bharatiya Janata Party,12278,235,12513
Andhra Pradesh,Nellore,6,Chinni Venkateswarlu,Pyramid Party of India,836,5,841
Andhra Pradesh,Nellore,7,Shaik Mahaboob Basha (Mabu),Republican Party of India (A),1317,2,1319
Andhra Pradesh,Nellore,8,Kankanala Penchala Naidu,Independent,667,1,668
Andhra Pradesh,Nellore,9,Narasapuram Prasad,Independent,2397,2,2399
Andhra Pradesh,Nellore,10,Butti Nagaraju,Independent,1089,12,1101
Andhra Pradesh,Nellore,11,Meda Malla Reddy,Independent,597,1,598
Andhra Pradesh,Nellore,12,Sukapalli Naveen,Independent,1014,0,1014
Andhra Pradesh,Nellore,13,Dr. S. Suresh Babu,Independent,1482,0,1482
Andhra Pradesh,Nellore,14,NOTA,None of the Above,17128,33,17161
Andhra Pradesh,Ongole,1,THOGANTI SREENIVASULU,Bharatiya Janata Party,7587,642,8229
Andhra Pradesh,Ongole,2,MAGUNTA SREENIVASULU REDDY,Yuvajana Sramika Rythu Congress Party,729344,9858,739202
Andhra Pradesh,Ongole,3,SIDDA RAGHAVA RAO,Telugu Desam,516287,8064,524351
Andhra Pradesh,Ongole,4,DR SIRIVELLA PRASAD,Indian National Congress,8001,138,8139
Andhra Pradesh,Ongole,5,KONDA PRAVEEN KUMAR,Navodayam Party,805,6,811
Andhra Pradesh,Ongole,6,BELLAMKONDA SAIBABU,Janasena Party,29054,325,29379
Andhra Pradesh,Ongole,7,MARAM SRINIVASA REDDY,Praja Shanthi Party,3253,5,3258
Andhra Pradesh,Ongole,8,VENKATESAN BABURAO,India Praja Bandhu Party,1068,5,1073
Andhra Pradesh,Ongole,9,KAVURI VENU BABU NAIDU,Independent,564,1,565
Andhra Pradesh,Ongole,10,BILLA CHENNAIAH,Independent,671,2,673
Andhra Pradesh,Ongole,11,MADHU YATTAPU,Independent,1160,0,1160
Andhra Pradesh,Ongole,12,MOHAN AYYAPPA,Independent,1451,0,1451
Andhra Pradesh,Ongole,13,VENKATESH VEPURI,Independent,3208,4,3212
Andhra Pradesh,Ongole,14,NOTA,None of the Above,20843,22,20865
Andhra Pradesh,Rajahmundry,1,NALLURI VIJAYA SRINIVASA RAO,Indian National Congress,12678,47,12725
Andhra Pradesh,Rajahmundry,2,PARAVASTU SATYA GOPINATH DAS,Bharatiya Janata Party,12165,169,12334
Andhra Pradesh,Rajahmundry,3,MAGANTI ROOPA,Telugu Desam,459100,1290,460390
Andhra Pradesh,Rajahmundry,4,MARGANI BHARAT,Yuvajana Sramika Rythu Congress Party,578471,3553,582024
Andhra Pradesh,Rajahmundry,5,AKULA SATYANARAYANA,Janasena Party,155164,643,155807
Andhra Pradesh,Rajahmundry,6,GEDDAM DAVID NELSON BABU,Ambedkarite Party of India,1752,5,1757
Andhra Pradesh,Rajahmundry,7,BANDARU RAJESWARA RAO,Jana Jagruti Party,1034,1,1035
Andhra Pradesh,Rajahmundry,8,MEDA SRINIVAS,Rashtriya Praja Congress (Secular),994,2,996
Andhra Pradesh,Rajahmundry,9,SANGISETTI SRINIVASA RAO,Pyramid Party of India,1156,5,1161
Andhra Pradesh,Rajahmundry,10,KURUVELLA BHANUCHANDAR,Independent,1242,0,1242
Andhra Pradesh,Rajahmundry,11,KOLLAPU VENU,Independent,2868,1,2869
Andhra Pradesh,Rajahmundry,12,NOTA,None of the Above,18064,23,18087
Andhra Pradesh,Rajampet,1,P.V.MIDHUN REDDY,Yuvajana Sramika Rythu Congress Party,695277,6934,702211
Andhra Pradesh,Rajampet,2,M.SHAJAHAN BASHA (JAHA),Indian National Congress,20959,191,21150
Andhra Pradesh,Rajampet,3,D A SATHYA PRABHA,Telugu Desam,429710,4217,433927
Andhra Pradesh,Rajampet,4,ASADI. VENKATADRI,Rashtriya Krantikari Samajwadi Party,3449,11,3460
Andhra Pradesh,Rajampet,5,KARIMULLA KHAN PATTAN,Navataram Party,1132,3,1135
Andhra Pradesh,Rajampet,6,KHADER VALI SHAIK,Indian Union Muslim League,1555,2,1557
Andhra Pradesh,Rajampet,7,SYED MUKARRAM,Janasena Party,33833,153,33986
Andhra Pradesh,Rajampet,8,NARESH KUMAR POOJALA,Independent,1761,7,1768
Andhra Pradesh,Rajampet,9,PASUPULETI VENKATARAMANA ROYAL,Independent,3809,12,3821
Andhra Pradesh,Rajampet,10,NOTA,None of the Above,21289,50,21339
Andhra Pradesh,Srikakulam,1,KINJARAPU RAM MOHAN NAIDU,Telugu Desam,529213,5331,534544
Andhra Pradesh,Srikakulam,2,DOLA JAGAN,Indian National Congress,13456,289,13745
Andhra Pradesh,Srikakulam,3,DUVVADA SRINIVAS,Yuvajana Sramika Rythu Congress Party,520931,6960,527891
Andhra Pradesh,Srikakulam,4,PERLA SAMBA MURTHY,Bharatiya Janata Party,7357,1033,8390
Andhra Pradesh,Srikakulam,5,MATTA SATISH CHAKRAVARTHY,Pyramid Party of India,1441,7,1448
Andhra Pradesh,Srikakulam,6,METTA RAMARAO,Janasena Party,31319,637,31956
Andhra Pradesh,Srikakulam,7,NAMBALLA KRISHNA MOHAN,Independent,4829,7,4836
Andhra Pradesh,Srikakulam,8,NAIDUGARI RAJASEKHAR,Independent,5151,5,5156
Andhra Pradesh,Srikakulam,9,BETHA VIVEKANANDA MAHARAJ,Independent,3814,4,3818
Andhra Pradesh,Srikakulam,10,NOTA,None of the Above,25500,45,25545
Andhra Pradesh,Tirupati,1,Chintamohan,Indian National Congress,23926,113,24039
Andhra Pradesh,Tirupati,2,Doctor Daggumati Sreehari Rao,Bahujan Samaj Party,20847,124,20971
Andhra Pradesh,Tirupati,3,Panabaka Lakshmi,Telugu Desam,490605,3896,494501
Andhra Pradesh,Tirupati,4,Balli Durga Prasad Rao,Yuvajana Sramika Rythu Congress Party,717924,4953,722877
Andhra Pradesh,Tirupati,5,Bommi Srihari Rao,Bharatiya Janata Party,16001,124,16125
Andhra Pradesh,Tirupati,6,Karra Siva (Pyramid Siva),Pyramid Party of India,998,5,1003
Andhra Pradesh,Tirupati,7,"Neeruguttu Nagesh, M.A., Philosophy",Janapaalana Party (Democratic),912,1,913
Andhra Pradesh,Tirupati,8,Bokkam. Ramesh,Viduthalai Chiruthaigal Katchi,1194,1,1195
Andhra Pradesh,Tirupati,9,Viruvuru Sudhakar,Vishwa Jana Party,995,3,998
Andhra Pradesh,Tirupati,10,M. Solomon,Andhra Rastra Praja Samithi,1563,0,1563
Andhra Pradesh,Tirupati,11,Kattamanchi Prabhakar,Independent,1430,0,1430
Andhra Pradesh,Tirupati,12,K.S. Munirathnam,Independent,2117,2,2119
Andhra Pradesh,Tirupati,13,NOTA,None of the Above,25750,31,25781
Andhra Pradesh,Vijayawada,1,KILARU DILEEP,Bharatiya Janata Party,18411,93,18504
Andhra Pradesh,Vijayawada,2,KESINENI SRINIVAS (NANI),Telugu Desam,573929,1569,575498
Andhra Pradesh,Vijayawada,3,NARAHARISETTY. NARASIMHARAO.,Indian National Congress,16204,57,16261
Andhra Pradesh,Vijayawada,4,POTLURI.V.PRASAD ( P V P ),Yuvajana Sramika Rythu Congress Party,564174,2598,566772
Andhra Pradesh,Vijayawada,5,ANDUKURI VIJAYA BHASKAR,India Praja Bandhu Party,2457,0,2457
Andhra Pradesh,Vijayawada,6,DATLA LURDU MARY,Mundadugu Praja Party,433,1,434
Andhra Pradesh,Vijayawada,7,PADALA SIVA PRASAD,Navarang Congress Party,480,0,480
Andhra Pradesh,Vijayawada,8,Muttamsetty Prasad babu,Janasena Party,81416,234,81650
Andhra Pradesh,Vijayawada,9,SEKHAR,Pyramid Party of India,683,2,685
Andhra Pradesh,Vijayawada,10,Sk. Riyaz,Indian Union Muslim League,412,0,412
Andhra Pradesh,Vijayawada,11,ANIL KUMAR MADDINENI,Independent,1049,0,1049
Andhra Pradesh,Vijayawada,12,DHANEKULA GANDHI,Independent,687,1,688
Andhra Pradesh,Vijayawada,13,NANDINI NALLAGHATLA,Independent,951,2,953
Andhra Pradesh,Vijayawada,14,BOLISETTY HARI BABU,Independent,1739,0,1739
Andhra Pradesh,Vijayawada,15,MOHAMMAD ISHAQ,Independent,1218,0,1218
Andhra Pradesh,Vijayawada,16,NOTA,None of the Above,8889,22,8911
Andhra Pradesh,Visakhapatnam,1,DAGGUBATI PURANDESWARI,Bharatiya Janata Party,33430,462,33892
Andhra Pradesh,Visakhapatnam,2,PEDADA. RAMANIKUMARI,Indian National Congress,14550,83,14633
Andhra Pradesh,Visakhapatnam,3,BHARAT MATHUKUMILLI,Telugu Desam,431093,1399,432492
Andhra Pradesh,Visakhapatnam,4,M V V SATYANARAYANA,Yuvajana Sramika Rythu Congress Party,433968,2938,436906
Andhra Pradesh,Visakhapatnam,5,GEORGE BANGARI,Viduthalai Chiruthaigal Katchi,3027,1,3028
Andhra Pradesh,Visakhapatnam,6,B. JAYA VENU GOPAL,Pyramid Party of India,1622,5,1627
Andhra Pradesh,Visakhapatnam,7,V.V. LAKSHMI NARAYANA,Janasena Party,287072,1802,288874
Andhra Pradesh,Visakhapatnam,8,ANMISH VARMA,Independent,1904,11,1915
Andhra Pradesh,Visakhapatnam,9,R. UDAYA GOWRI,Independent,1384,0,1384
Andhra Pradesh,Visakhapatnam,10,KOTHAPALLI GEETHA,Independent,1155,3,1158
Andhra Pradesh,Visakhapatnam,11,GAMPALA SOMASUNDARAM,Independent,1127,1,1128
Andhra Pradesh,Visakhapatnam,12,GANNU MALLAYYA,Independent,1311,2,1313
Andhra Pradesh,Visakhapatnam,13,DURGAPRASAD. GUNTU,Independent,2463,1,2464
Andhra Pradesh,Visakhapatnam,14,PULAPAKA RAJA SEKHAR,Independent,2294,0,2294
Andhra Pradesh,Visakhapatnam,15,NOTA,None of the Above,16626,20,16646
Andhra Pradesh,Vizianagaram,1,Ashok Gajapathi Raju Pusapati,Telugu Desam,527307,3075,530382
Andhra Pradesh,Vizianagaram,2,Adiraju Yedla,Indian National Congress,15607,118,15725
Andhra Pradesh,Vizianagaram,3,Bellana Chandra Sekhar,Yuvajana Sramika Rythu Congress Party,573466,4952,578418
Andhra Pradesh,Vizianagaram,4,Sanyasi Raju Pakalapati,Bharatiya Janata Party,6902,364,7266
Andhra Pradesh,Vizianagaram,5,P.V.A. Ananda Sagar,Samaanya Praja Party,4981,2,4983
Andhra Pradesh,Vizianagaram,6,Chiranjeevi Lingala,Andhra Chaitanya Party,1261,2,1263
Andhra Pradesh,Vizianagaram,7,Mukka Srinivas Rao,Janasena Party,33779,413,34192
Andhra Pradesh,Vizianagaram,8,Lagudu. Govinda Rao,Jana Jagruti Party,787,4,791
Andhra Pradesh,Vizianagaram,9,Surya Bhavani. K,Pyramid Party of India,822,8,830
Andhra Pradesh,Vizianagaram,10,Yella Rao Siyyadula,Independent,1010,0,1010
Andhra Pradesh,Vizianagaram,11,Dhanalakoti Ramana,Independent,1172,4,1176
Andhra Pradesh,Vizianagaram,12,Pentapati Rajesh,Independent,1461,1,1462
Andhra Pradesh,Vizianagaram,13,Ijjurouthu Ramunaidu,Independent,4550,3,4553
Andhra Pradesh,Vizianagaram,14,Venkata Trindha Rao Veluri,Independent,6336,2,6338
Andhra Pradesh,Vizianagaram,15,NOTA,None of the Above,29468,33,29501
Arunachal Pradesh,ARUNACHAL EAST,1,Lowangcha Wanglat,Indian National Congress,80378,3557,83935
Arunachal Pradesh,ARUNACHAL EAST,2,Mongol Yomso,People's Party of Arunachal,22160,777,22937
Arunachal Pradesh,ARUNACHAL EAST,3,Tapir Gao,Bharatiya Janata Party,148567,5316,153883
Arunachal Pradesh,ARUNACHAL EAST,4,Bandey Mili,Janata Dal (Secular),15304,654,15958
Arunachal Pradesh,ARUNACHAL EAST,5,C. C. Singpho,Independent,10955,538,11493
Arunachal Pradesh,ARUNACHAL EAST,6,NOTA,None of the Above,5490,85,5575
Arunachal Pradesh,ARUNACHAL WEST,1,KIREN RIJIJU,Bharatiya Janata Party,216494,9302,225796
Arunachal Pradesh,ARUNACHAL WEST,2,NABAM TUKI,Indian National Congress,49362,1591,50953
Arunachal Pradesh,ARUNACHAL WEST,3,SUBU KECHI,People's Party of Arunachal,4633,133,4766
Arunachal Pradesh,ARUNACHAL WEST,4,JARJUM ETE,Janata Dal (Secular),41509,2410,43919
Arunachal Pradesh,ARUNACHAL WEST,5,JOMIN NYOKIR KARA,All India Forward Bloc,1879,42,1921
Arunachal Pradesh,ARUNACHAL WEST,6,KHYODA APIK,National People's Party,26530,589,27119
Arunachal Pradesh,ARUNACHAL WEST,7,RUMAK JOMOH,Independent,1878,68,1946
Arunachal Pradesh,ARUNACHAL WEST,8,NOTA,None of the Above,1837,52,1889
Assam,Autonomous District,1,BIREN SINGH ENGTI,Indian National Congress,141344,346,141690
Assam,Autonomous District,2,HOREN SING BEY,Bharatiya Janata Party,380183,1133,381316
Assam,Autonomous District,3,LIENKHOCHON,National People's Party,9920,117,10037
Assam,Autonomous District,4,HOLIRAM TERANG,Autonomous State Demand Committee,36840,75,36915
Assam,Autonomous District,5,JONES INGTI KATHAR,Independent,39425,158,39583
Assam,Autonomous District,6,NOTA,None of the Above,8160,34,8194
Assam,Barpeta,1,Abdul Khaleque,Indian National Congress,643441,1732,645173
Assam,Barpeta,2,Ashahak Ali Dewan,All India Trinamool Congress,20405,61,20466
Assam,Barpeta,3,Kumar Deepak Das,Asom Gana Parishad,501319,3547,504866
Assam,Barpeta,4,Rafiqul Islam,All India United Democratic Front,248360,307,248667
Assam,Barpeta,5,Aroon Barooa,Purvanchal Janta Party (Secular),3424,194,3618
Assam,Barpeta,6,Chitralekha Das,SOCIALIST UNITY CENTRE OF INDIA (COMMUNIST),2322,60,2382
Assam,Barpeta,7,Saniara Parbin,Voters Party International,3391,46,3437
Assam,Barpeta,8,Pranabjyoti Das Rajbonshi,National People's Party,2390,72,2462
Assam,Barpeta,9,Bhadreswar Barman,National Republican Congress,2164,50,2214
Assam,Barpeta,10,Matiar Rahman,The National Road Map Party of India,3970,3,3973
Assam,Barpeta,11,Rejaul Karim,Republican Party of India (A),3345,5,3350
Assam,Barpeta,12,Santanu Mukherjee,Bharatiya Gana Parishad,5279,129,5408
Assam,Barpeta,13,Arfan Ali,Independent,2780,19,2799
Assam,Barpeta,14,NOTA,None of the Above,9648,86,9734
Assam,Dhubri,1,ABU TAHER BEPARI,Indian National Congress,492086,420,492506
Assam,Dhubri,2,ZABED ISLAM,Asom Gana Parishad,398770,963,399733
Assam,Dhubri,3,NURUL ISLAM CHOUDHURY,All India Trinamool Congress,12865,30,12895
Assam,Dhubri,4,BADRUDDIN AJMAL,All India United Democratic Front,718131,633,718764
Assam,Dhubri,5,ALAKESH ROY,Hindusthan Nirman Dal,7717,63,7780
Assam,Dhubri,6,SURAT JAMAN MONDAL,SOCIALIST UNITY CENTRE OF INDIA (COMMUNIST),4304,21,4325
Assam,Dhubri,7,JOHIRUL ISLAM KHAN,Purvanchal Janta Party (Secular),2846,13,2859
Assam,Dhubri,8,NRIPEN DAS,Bharatiya National Janta Dal,1908,164,2072
Assam,Dhubri,9,MEHBUBAR RAHMAN,Republican Party of India (A),4249,1,4250
Assam,Dhubri,10,SHAJAHAN SHEIKH,Voters Party International,5625,3,5628
Assam,Dhubri,11,ANAMIKA SARKAR,Independent,5566,23,5589
Assam,Dhubri,12,UTTAM KUMAR RAY,Independent,3290,31,3321
Assam,Dhubri,13,MIR HUSSAIN SARKAR,Independent,4138,0,4138
Assam,Dhubri,14,RUKUNUR ZAMAN,Independent,4393,0,4393
Assam,Dhubri,15,SHUKUR ALI,Independent,7765,9,7774
Assam,Dhubri,16,NOTA,None of the Above,8963,15,8978
Assam,Dibrugarh,1,PABAN SINGH GHATOWAR,Indian National Congress,294663,354,295017
Assam,Dibrugarh,2,RAMESWAR TELI,Bharatiya Janata Party,657983,1600,659583
Assam,Dibrugarh,3,DR. TITUS BHENGRA,Bahujan Mukti Party,6930,3,6933
Assam,Dibrugarh,4,BHABEN BARUAH,National People's Party,9687,31,9718
Assam,Dibrugarh,5,APURBA SAIKIA,Independent,3790,21,3811
Assam,Dibrugarh,6,ISRAIL NANDA,Independent,5684,3,5687
Assam,Dibrugarh,7,NURUL HUDA IMDADUL ISLAM SAIKIA,Independent,5598,1,5599
Assam,Dibrugarh,8,RUBUL BURAGOHAIN,Independent,8102,10,8112
Assam,Dibrugarh,9,NOTA,None of the Above,21240,48,21288
Assam,Gauhati,1,QUEEN OJA,Bharatiya Janata Party,1007156,1780,1008936
Assam,Gauhati,2,BOBBEETA SHARMA,Indian National Congress,662776,554,663330
Assam,Gauhati,3,MANOJ SHARMA,All India Trinamool Congress,10135,6,10141
Assam,Gauhati,4,AVIJIT CHAKRABORTY,Bharatiya Gana Parishad,2335,16,2351
Assam,Gauhati,5,SADEK ALI,Republican Party of India (A),3645,5,3650
Assam,Gauhati,6,PANKAJ DAS,Swarna Bharat Party,4102,8,4110
Assam,Gauhati,7,PARTHA PRATIM BARUAH,Voters Party International,2587,3,2590
Assam,Gauhati,8,MAMONI SARMA,Purvanchal Janta Party (Secular),2451,5,2456
Assam,Gauhati,9,RAJIB KAKATI,Hindusthan Nirman Dal,2119,3,2122
Assam,Gauhati,10,RATUL KUMAR CHOUDHURY,Samajwadi Party,2378,5,2383
Assam,Gauhati,11,RUBI NEOG,National Republican Congress,2050,14,2064
Assam,Gauhati,12,ALIMUDDIN AHMED,Independent,2833,3,2836
Assam,Gauhati,13,UPAMANYU HAZARIKA,Independent,21114,79,21193
Assam,Gauhati,14,UTPAL BORGOHAIN,Independent,2748,5,2753
Assam,Gauhati,15,JUNMONI DEVI KHAUND,Independent,5479,4,5483
Assam,Gauhati,16,FARUK AHMED BHUYAN,Independent,9043,1,9044
Assam,Gauhati,17,SHANKHA SINHA,Independent,7847,2,7849
Assam,Gauhati,18,NOTA,None of the Above,10442,24,10466
Assam,Jorhat,1,KANAK GOGOI,Communist Party of India,17759,90,17849
Assam,Jorhat,2,TOPON KUMAR GOGOI,Bharatiya Janata Party,540942,2346,543288
Assam,Jorhat,3,RIBULAYA GOGOI,All India Trinamool Congress,6058,63,6121
Assam,Jorhat,4,SUSHANTA BORGOHAIN,Indian National Congress,459480,1155,460635
Assam,Jorhat,5,KAMALA RAJ KONWAR,National People's Party,4989,7,4996
Assam,Jorhat,6,RAJ KUMAR DUWARA,All India Forward Bloc,3431,7,3438
Assam,Jorhat,7,ARBIN KUMAR BORUAH,Independent,3577,11,3588
Assam,Jorhat,8,NANDITA NAG,Independent,5467,14,5481
Assam,Jorhat,9,NOTA,None of the Above,12536,33,12569
Assam,Kaliabor,1,Gaurav Gogoi,Indian National Congress,785014,1078,786092
Assam,Kaliabor,2,Moni Madhab Mahanta,Asom Gana Parishad,574456,1642,576098
Assam,Kaliabor,3,Abdul Aziz,National People's Party,9880,23,9903
Assam,Kaliabor,4,Shree Diganta Kumar Saikia,Hindusthan Nirman Dal,5650,62,5712
Assam,Kaliabor,5,Md. Hariqul Islam Bhuyan,Asom Jana Morcha,5257,13,5270
Assam,Kaliabor,6,Sri Jiten Gogoi,Independent,18253,91,18344
Assam,Kaliabor,7,Sri Bhaskar Sarmah,Independent,7316,39,7355
Assam,Kaliabor,8,NOTA,None of the Above,15845,68,15913
Assam,Karimganj,1,KRIPANATH MALLAH,Bharatiya Janata Party,471946,1100,473046
Assam,Karimganj,2,CHANDAN DAS,All India Trinamool Congress,4848,22,4870
Assam,Karimganj,3,RADHESHYAM BISWAS,All India United Democratic Front,434519,138,434657
Assam,Karimganj,4,SWARUP DAS,Indian National Congress,120293,159,120452
Assam,Karimganj,5,AJOY KUMAR SARKAR,All India Forward Bloc,1537,1,1538
Assam,Karimganj,6,NIKHIL RANJAN DAS,Hindusthan Nirman Dal,2518,1,2519
Assam,Karimganj,7,PROBASH CHANDRA SARKAR,SOCIALIST UNITY CENTRE OF INDIA (COMMUNIST),1165,1,1166
Assam,Karimganj,8,ANUPAM SINGHA,Independent,1057,12,1069
Assam,Karimganj,9,PARIKSHIT ROY,Independent,2765,0,2765
Assam,Karimganj,10,RABINDRA CHANDRA DAS,Independent,1714,5,1719
Assam,Karimganj,11,RAJU DAS,Independent,2107,4,2111
Assam,Karimganj,12,RAMNARAYAN SUKLABAIDYA,Independent,1795,0,1795
Assam,Karimganj,13,SATYAJIT DAS,Independent,2986,2,2988
Assam,Karimganj,14,HARILAL RABIDAS,Independent,2821,1,2822
Assam,Karimganj,15,NOTA,None of the Above,6548,7,6555
Assam,Kokrajhar,1,Pramila Rani Brahma,Bodoland Peoples Front,443410,3364,446774
Assam,Kokrajhar,2,Biraj Deka,Communist Party of India (Marxist),27804,324,28128
Assam,Kokrajhar,3,Sabda Ram Rabha,Indian National Congress,146251,867,147118
Assam,Kokrajhar,4,Urkhao Gwra Brahma,"United People’s Party, Liberal",309736,2699,312435
Assam,Kokrajhar,5,Charan Iswary,Purvanchal Janta Party (Secular),9519,308,9827
Assam,Kokrajhar,6,Rajesh Narzary,Voters Party International,13866,42,13908
Assam,Kokrajhar,7,Naba Kumar Sarania,Independent,482556,2004,484560
Assam,Kokrajhar,8,Prasanjit Kumar Das,Independent,9822,137,9959
Assam,Kokrajhar,9,Ranjoy Kr. Brahma,Independent,10733,55,10788
Assam,Kokrajhar,10,NOTA,None of the Above,15867,121,15988
Assam,Lakhimpur,1,ANIL BORGOHAIN,Indian National Congress,425002,853,425855
Assam,Lakhimpur,2,ANUP PRATIM BORBARUAH,Nationalist Congress Party,4463,64,4527
Assam,Lakhimpur,3,AMIYA KUMAR HANDIQUE,Communist Party of India (Marxist),12746,63,12809
Assam,Lakhimpur,4,ARUP KALITA,Communist Party of India,13357,21,13378
Assam,Lakhimpur,5,PRADAN BARUAH,Bharatiya Janata Party,774017,2389,776406
Assam,Lakhimpur,6,UBAIDUR RAHMAN,Asom Jana Morcha,8738,0,8738
Assam,Lakhimpur,7,DILIP MORAN,Assam Dristi Party,8196,89,8285
Assam,Lakhimpur,8,BHUPEN NARAH,Voters Party International,5566,15,5581
Assam,Lakhimpur,9,HEM KANTA MIRI,SOCIALIST UNITY CENTRE OF INDIA (COMMUNIST),4009,25,4034
Assam,Lakhimpur,10,AMBAZ UDDIN,Independent,3889,1,3890
Assam,Lakhimpur,11,PROBHU LAL VAISNAVA,Independent,4858,8,4866
Assam,Lakhimpur,12,NOTA,None of the Above,15187,33,15220
Assam,Mangaldoi,1,DILIP SAIKIA,Bharatiya Janata Party,732740,2729,735469
Assam,Mangaldoi,2,BHUBANESWAR KALITA,Indian National Congress,595845,1079,596924
Assam,Mangaldoi,3,SUDHENDU MOHAN TALUKDAR,All India Trinamool Congress,10619,21,10640
Assam,Mangaldoi,4,AINUL HAQUE,Asom Jana Morcha,4242,7,4249
Assam,Mangaldoi,5,GANDHESHWAR MOCHAHARI,Voters Party International,11212,33,11245
Assam,Mangaldoi,6,BIREN BASAK,Bharatiya Gana Parishad,2520,4,2524
Assam,Mangaldoi,7,MANI RAM BASUMATARY,Hindusthan Nirman Dal,3831,67,3898
Assam,Mangaldoi,8,SWARNALATA CHALIHA,SOCIALIST UNITY CENTRE OF INDIA (COMMUNIST),3819,10,3829
Assam,Mangaldoi,9,KAZI NEKIB AHMED,Independent,7131,4,7135
Assam,Mangaldoi,10,JAYANTA KUMAR KALITA,Independent,7799,7,7806
Assam,Mangaldoi,11,PRODEEP KUMAR DAIMARY,"United People’s Party, Liberal",103402,468,103870
Assam,Mangaldoi,12,NOTA,None of the Above,18495,23,18518
Assam,Nowgong,1,Pradyut Bordoloi,Indian National Congress,738881,843,739724
Assam,Nowgong,2,Sri Rupak Sharma,Bharatiya Janata Party,720727,2245,722972
Assam,Nowgong,3,Sahadeb Das,All India Trinamool Congress,5860,15,5875
Assam,Nowgong,4,Azgor Ali,Purvanchal Janta Party (Secular),3650,5,3655
Assam,Nowgong,5,Saiful Islam Choudhury,Asom Jana Morcha,3418,3,3421
Assam,Nowgong,6,Sukanta Mazumdar,Bharatiya Gana Parishad,2745,11,2756
Assam,Nowgong,7,Zakir Hussain,Independent,4311,4,4315
Assam,Nowgong,8,NOTA,None of the Above,10737,20,10757
Assam,Silchar,1,RAJDEEP ROY,Bharatiya Janata Party,496235,3179,499414
Assam,Silchar,2,SUSHMITA DEV,Indian National Congress,416233,1585,417818
Assam,Silchar,3,HITABRATA ROY,All India Trinamool Congress,3498,16,3514
Assam,Silchar,4,NAZIA YASMIN MAZUMDAR,National People's Party,5650,43,5693
Assam,Silchar,5,Badrul Islam Barbhuiya,All India Forward Bloc,829,11,840
Assam,Silchar,6,Shyam Deo Kurmi,SOCIALIST UNITY CENTRE OF INDIA (COMMUNIST),1081,14,1095
Assam,Silchar,7,Ashitava Dutta,Independent,808,5,813
Assam,Silchar,8,Ashutosh Bhattacharjee,Independent,1503,4,1507
Assam,Silchar,9,Nazmul Haque Laskar,Independent,1816,4,1820
Assam,Silchar,10,Puran Lal Goala,Independent,1459,1,1460
Assam,Silchar,11,Mohendra Chandra Das,Independent,1652,3,1655
Assam,Silchar,12,Shuvadip Datta,Independent,1532,3,1535
Assam,Silchar,13,Sabindra Das,Independent,3981,4,3985
Assam,Silchar,14,NOTA,None of the Above,8525,22,8547
Assam,Tezpur,1,PALLAB LOCHAN DAS,Bharatiya Janata Party,681437,2729,684166
Assam,Tezpur,2,M.G.V.K. BHANU,Indian National Congress,440461,864,441325
Assam,Tezpur,3,MAHENDRA BHUYAN,Nationalist Congress Party,6398,85,6483
Assam,Tezpur,4,MAHENDRA ORANG,Voters Party International,7950,16,7966
Assam,Tezpur,5,RAM BAHADUR SUNAR,National People's Party,5776,104,5880
Assam,Tezpur,6,ZIABUR RAHMAN KHAN,Independent,5099,5,5104
Assam,Tezpur,7,BIJOY KUMAR TIRU,Independent,23626,20,23646
Assam,Tezpur,8,NOTA,None of the Above,15588,38,15626
Bihar,Araria,1,PRADEEP KUMAR SINGH,Bharatiya Janata Party,618004,430,618434
Bihar,Araria,2,RAM NRAYAN BHARTI,Bahujan Samaj Party,10287,7,10294
Bihar,Araria,3,SARFARAZ ALAM,Rashtriya Janata Dal,481120,73,481193
Bihar,Araria,4,TARACHAND PASWAN,Bahujan Mukti Party,7263,3,7266
Bihar,Araria,5,SUDAMA SINGH,Bihar Lok Nirman Dal,2057,2,2059
Bihar,Araria,6,MD. MATIN,Independent,1368,1,1369
Bihar,Araria,7,MD. MINHAZ ALAM,Independent,1949,0,1949
Bihar,Araria,8,MUKESH SINGH,Independent,2143,2,2145
Bihar,Araria,9,MD. MOBINUL HAQUE,Independent,3036,1,3037
Bihar,Araria,10,RAMA NAND RISHIDEO,Independent,5959,0,5959
Bihar,Araria,11,ABDUL WAHID KHAN,Independent,8168,0,8168
Bihar,Araria,12,SHAHIN PRAVIN,Independent,7138,1,7139
Bihar,Araria,13,NOTA,None of the Above,20606,12,20618
Bihar,Arrah,1,Manoj Yadav,Bahujan Samaj Party,10498,280,10778
Bihar,Arrah,2,R. K. Singh,Bharatiya Janata Party,560106,6374,566480
Bihar,Arrah,3,Anil Kumar Singh,Pragatishil Samajwadi Party (Lohia),7018,23,7041
Bihar,Arrah,4,Krishna Paswan,Bhartiya Kranti Vir Party,3745,33,3778
Bihar,Arrah,5,Bharat Bhushan Pandey,Akhil Bharatiya Jan Sangh,3579,18,3597
Bihar,Arrah,6,Raj Giri Bhagat,Shoshit Samaj Dal,12592,6,12598
Bihar,Arrah,7,Raju Yadav,Communist Party of India (Marxist-Leninist) (Liberation),418266,929,419195
Bihar,Arrah,8,Dr. Kumar Sheelbhadra,Independent,9139,23,9162
Bihar,Arrah,9,Ram Raj Singh,Independent,4551,4,4555
Bihar,Arrah,10,Lakshaman Kumar Ojha,Independent,7894,8,7902
Bihar,Arrah,11,Shiv das Singh,Independent,13768,5,13773
Bihar,Arrah,12,NOTA,None of the Above,21763,62,21825
Bihar,Aurangabad,1,NARESH YADAV,Bahujan Samaj Party,33958,75,34033
Bihar,Aurangabad,2,SUSHIL KUMAR SINGH,Bharatiya Janata Party,429936,1605,431541
Bihar,Aurangabad,3,AVINASH KUMAR,Peoples Party of India (Democratic),13753,12,13765
Bihar,Aurangabad,4,UPENDRA PRASAD,Hindustani Awam Morcha (Secular),358611,323,358934
Bihar,Aurangabad,5,DR DHARMENDRA KUMAR,Akhil Hind Forward Bloc (Krantikari),16678,5,16683
Bihar,Aurangabad,6,SOM PRAKASH,Swaraj Party (Loktantrik),11775,4,11779
Bihar,Aurangabad,7,DHIRENDRA KUMAR SINGH,Independent,25024,6,25030
Bihar,Aurangabad,8,YOGENDRA RAM,Independent,12052,8,12060
Bihar,Aurangabad,9,SANTOSH KUMAR SINHA,Independent,15134,4,15138
Bihar,Aurangabad,10,NOTA,None of the Above,22605,27,22632
Bihar,Banka,1,GIRIDHARI YADAV,Janata Dal (United),476948,840,477788
Bihar,Banka,2,JAI PRAKASH NARAYAN YADAV,Rashtriya Janata Dal,276856,400,277256
Bihar,Banka,3,MD RAFIQUE ALAM,Bahujan Samaj Party,11931,29,11960
Bihar,Banka,4,KAILASH PRASAD SINGH,Pragatishil Samajwadi Party (Lohia),2570,12,2582
Bihar,Banka,5,NEELU DEVI,Bhartiya Dalit Party,2282,49,2331
Bihar,Banka,6,PHESAL ANSARI,Bharatiya Momin Front,2128,3,2131
Bihar,Banka,7,RAJKISHORE PRASAD ALIAS PAPPU YADAV,Jharkhand Mukti Morcha,3933,5,3938
Bihar,Banka,8,AMARJEET KUMAR,Independent,3660,13,3673
Bihar,Banka,9,UMAKANT YADAV,Independent,1886,3,1889
Bihar,Banka,10,MP YADAV,Independent,1877,1,1878
Bihar,Banka,11,NARESH YADAV,Independent,2759,2,2761
Bihar,Banka,12,PAWAN THAKUR,Independent,4082,2,4084
Bihar,Banka,13,PUTUL KUMARI,Independent,103448,281,103729
Bihar,Banka,14,PRAMOD SINGH WELDONE,Independent,7361,1,7362
Bihar,Banka,15,PRAVIN KUMAR JHA,Independent,17021,4,17025
Bihar,Banka,16,MANOJ KUMAR SAH,Independent,44394,4,44398
Bihar,Banka,17,MRITUNJAY ROY,Independent,14228,1,14229
Bihar,Banka,18,MOHAMMAD MUKHTAR ALAM,Independent,5786,0,5786
Bihar,Banka,19,SANJIV KUMAR KUNAL,Independent,2381,1,2382
Bihar,Banka,20,SYED ALAMDAR HUSSAIN,Independent,1998,1,1999
Bihar,Banka,21,NOTA,None of the Above,6591,34,6625
Bihar,Begusarai,1,Kanhaiya Kumar,Communist Party of India,267917,2059,269976
Bihar,Begusarai,2,Giriraj Singh,Bharatiya Janata Party,687577,4616,692193
Bihar,Begusarai,3,Mo. Tanweer Hassan,Rashtriya Janata Dal,196800,1433,198233
Bihar,Begusarai,4,Umesh Patel,Shoshit Samaj Dal,4165,7,4172
Bihar,Begusarai,5,Gaurav Kumar,Bhartiya Lokmat Rashtrwadi Party,1881,5,1886
Bihar,Begusarai,6,Maksudan Paswan,Bahujan Mukti Party,3180,14,3194
Bihar,Begusarai,7,Amar Kumar,Independent,2558,2,2560
Bihar,Begusarai,8,Dhiraj Narain,Independent,4277,1,4278
Bihar,Begusarai,9,Shambhu Kumar Singh,Independent,10017,2,10019
Bihar,Begusarai,10,Saurabh,Independent,18636,2,18638
Bihar,Begusarai,11,NOTA,None of the Above,20408,37,20445
Bihar,Bhagalpur,1,AJAY KUMAR MANDAL,Janata Dal (United),616724,1530,618254
Bihar,Bhagalpur,2,MOHAMMAD ASHIQ IBRAHIMI,Bahujan Samaj Party,9489,83,9572
Bihar,Bhagalpur,3,SHAILESH KUMAR ALIAS VULO MANDAL,Rashtriya Janata Dal,339999,625,340624
Bihar,Bhagalpur,4,DEEPAK KUMAR,SOCIALIST UNITY CENTRE OF INDIA (COMMUNIST),7380,16,7396
Bihar,Bhagalpur,5,SATYENDRA KUMAR,Aam Aadmi Party,7270,46,7316
Bihar,Bhagalpur,6,SUSHIL KUMAR DAS,Bhartiya Dalit Party,4722,42,4764
Bihar,Bhagalpur,7,ABHISHEK PRIYADARSHI,Independent,5530,25,5555
Bihar,Bhagalpur,8,NURULLAH,Independent,9615,5,9620
Bihar,Bhagalpur,9,SUNIL KUMAR,Independent,7839,11,7850
Bihar,Bhagalpur,10,NOTA,None of the Above,31528,39,31567
Bihar,Buxar,1,Ashwini Kumar Choubey,Bharatiya Janata Party,468690,4363,473053
Bihar,Buxar,2,Jagadanand Singh,Rashtriya Janata Dal,353627,1817,355444
Bihar,Buxar,3,Sushil Kumar Singh,Bahujan Samaj Party,80031,230,80261
Bihar,Buxar,4,Anil Kumar,Jantantrik Vikas Party,9740,16,9756
Bihar,Buxar,5,Anil Kumar Rai,Rashtriya Dal United,1897,10,1907
Bihar,Buxar,6,Uday Narayan Rai @ Luddu Rajbhar,Suheldev Bharatiya Samaj Party,14163,7,14170
Bihar,Buxar,7,Dhanjit Singh @ Dhanjit Kumar,Voters Party International,4166,5,4171
Bihar,Buxar,8,Ravi Raj,Pragatishil Samajwadi Party (Lohia),1768,10,1778
Bihar,Buxar,9,Binod Kumar Bikrant,Peoples Party of India (Democratic),1614,3,1617
Bihar,Buxar,10,Santosh Kumar Yadav,Bahujan Mukti Party,2224,12,2236
Bihar,Buxar,11,Arvind Kumar Pandey @ Chote Baba,Independent,2348,3,2351
Bihar,Buxar,12,Jay Prakash Ram,Independent,2222,11,2233
Bihar,Buxar,13,Ranjit Singh @ Ranage,Independent,3901,4,3905
Bihar,Buxar,14,Rakesh Kumar Ray @ Guddu Ray,Independent,6800,2,6802
Bihar,Buxar,15,Ramchandra Singh Yadav,Independent,10721,9,10730
Bihar,Buxar,16,NOTA,None of the Above,16379,68,16447
Bihar,Darbhanga,1,Abdul Bari Siddiqui,Rashtriya Janata Dal,317485,1204,318689
Bihar,Darbhanga,2,Gopal Jee Thakur,Bharatiya Janata Party,585013,1655,586668
Bihar,Darbhanga,3,MD. MUKHTAR,Bahujan Samaj Party,11243,12,11255
Bihar,Darbhanga,4,Saroj Kumar Chaudhary,Mithilanchal Mukti Morcha,4410,3,4413
Bihar,Darbhanga,5,Abdul Aziz,Independent,2562,2,2564
Bihar,Darbhanga,6,PANKAJ KUMAR SINGH,Independent,2767,2,2769
Bihar,Darbhanga,7,SANJAY PASWAN,Independent,4390,6,4396
Bihar,Darbhanga,8,SAGUNI RAY,Independent,13768,6,13774
Bihar,Darbhanga,9,NOTA,None of the Above,20444,24,20468
Bihar,Gaya (SC),1,Din Dayal Bharti alias Kapil Chaudhri,Nationalist Congress Party,8434,82,8516
Bihar,Gaya (SC),2,Dilip Kumar,Bahujan Samaj Party,12953,78,13031
Bihar,Gaya (SC),3,Vijay Kumar,Janata Dal (United),465748,1259,467007
Bihar,Gaya (SC),4,Umesh Rajak,Peoples Party of India (Democratic),10391,7,10398
Bihar,Gaya (SC),5,Giridhar Sapera,Bharatiya Rashtriya Morcha,7917,27,7944
Bihar,Gaya (SC),6,Jitan Ram Manjhi,Hindustani Awam Morcha (Secular),313984,597,314581
Bihar,Gaya (SC),7,Dayanand Rajwanshi,Moolniwasi Samaj Party,14552,1,14553
Bihar,Gaya (SC),8,Prakash Chandra,Public Mission Party,11161,4,11165
Bihar,Gaya (SC),9,Rakesh Chaudhari,Moulik Adhikar Party,14528,4,14532
Bihar,Gaya (SC),10,Rajesh Kumar Paswan,Aam Janta Party Rashtriya,11653,18,11671
Bihar,Gaya (SC),11,Vijay Kumar Chaudhary,Janta Dal Rashtravadi,23448,14,23462
Bihar,Gaya (SC),12,Sheo Shankar,Ambedkarite Party of India,20459,5,20464
Bihar,Gaya (SC),13,Sunil Paswan,Bharat Bhrashtachar Mitao Party,9886,8,9894
Bihar,Gaya (SC),14,NOTA,None of the Above,29988,42,30030
Bihar,Gopalganj (SC),1,DR. ALOK KUMAR SUMAN,Janata Dal (United),562424,5726,568150
Bihar,Gopalganj (SC),2,KUNAL KISHOR VIVEK,Bahujan Samaj Party,35690,326,36016
Bihar,Gopalganj (SC),3,SURENDRA RAM,Rashtriya Janata Dal,278606,3110,281716
Bihar,Gopalganj (SC),4,AJAY PASWAN,Shivsena,7500,73,7573
Bihar,Gopalganj (SC),5,OM PRAKASH MANJHI,Jai Prakash Janata Dal,3741,3,3744
Bihar,Gopalganj (SC),6,ANIL KUMAR MANJHI,Independent,4836,50,4886
Bihar,Gopalganj (SC),7,UMA SHANKAR KHARAWAR,Independent,4957,14,4971
Bihar,Gopalganj (SC),8,GAYA RAM,Independent,4209,6,4215
Bihar,Gopalganj (SC),9,DILIP KUMAR MANJHI,Independent,12766,7,12773
Bihar,Gopalganj (SC),10,DINANATH MANJHI,Independent,15550,50,15600
Bihar,Gopalganj (SC),11,RAM KUMAR MANJHI,Independent,9673,3,9676
Bihar,Gopalganj (SC),12,SURENDRA RAM,Independent,13791,16,13807
Bihar,Gopalganj (SC),13,SURAJ KUMAR,Independent,10086,3,10089
Bihar,Gopalganj (SC),14,NOTA,None of the Above,51565,95,51660
Bihar,Hajipur (SC),1,UMESH DAS,Bahujan Samaj Party,14424,155,14579
Bihar,Hajipur (SC),2,DASAI CHAUDHARY,Nationalist Congress Party,4704,171,4875
Bihar,Hajipur (SC),3,PASHU PATI KUMAR PARAS,Lok Jan Shakti Party,539665,1645,541310
Bihar,Hajipur (SC),4,SHIV CHANDRA RAM,Rashtriya Janata Dal,335283,578,335861
Bihar,Hajipur (SC),5,KUMARI AASHIKI,Sathi Aur Aapka Faisala Party,6776,25,6801
Bihar,Hajipur (SC),6,JIBAS PASWAN,SOCIALIST UNITY CENTRE OF INDIA (COMMUNIST),3441,12,3453
Bihar,Hajipur (SC),7,BALENDRA DAS,Jai Prakash Janata Dal,5580,9,5589
Bihar,Hajipur (SC),8,RAJGIR PASWAN,Bajjikanchal Vikas Party,11195,4,11199
Bihar,Hajipur (SC),9,ARVIND PASWAN,Independent,18324,22,18346
Bihar,Hajipur (SC),10,RAJ KR. PASWAN,Independent,30784,13,30797
Bihar,Hajipur (SC),11,SHIWANI KANT,Independent,8716,35,8751
Bihar,Hajipur (SC),12,NOTA,None of the Above,25194,62,25256
Bihar,Jahanabad,1,CHANDESHWAR PRASAD,Janata Dal (United),333191,2393,335584
Bihar,Jahanabad,2,NITYA NAND SINGH,Bahujan Samaj Party,19024,187,19211
Bihar,Jahanabad,3,SURENDRA PRASAD YADAV,Rashtriya Janata Dal,332116,1717,333833
Bihar,Jahanabad,4,ARBIND KUMAR,Rajnaitik Vikalp Party,9096,13,9109
Bihar,Jahanabad,5,ARUN KUMAR,Rashtriya Samta Party (Secular),34088,470,34558
Bihar,Jahanabad,6,AVINASH KUMAR,Bharatiya Bahujan Congress,2544,54,2598
Bihar,Jahanabad,7,UMA SHANKAR VERMA,SOCIALIST UNITY CENTRE OF INDIA (COMMUNIST),3300,23,3323
Bihar,Jahanabad,8,KUNTI DEVI,Communist Party of India (Marxist-Leninist) (Liberation),26285,40,26325
Bihar,Jahanabad,9,MEERA KUMARI YADAV,Shoshit Samaj Dal,4316,21,4337
Bihar,Jahanabad,10,RAJENDRA PASWAN,Lok Jan Vikas Morcha,3283,17,3300
Bihar,Jahanabad,11,RAMJEE KEWAT,Rashtriya mahan Gantantra Party,4999,6,5005
Bihar,Jahanabad,12,SUNIL KUMAR,Peoples Party of India (Democratic),9444,0,9444
Bihar,Jahanabad,13,CHANDRA PRAKASH,Independent,7714,41,7755
Bihar,Jahanabad,14,NOTA,None of the Above,27574,109,27683
Bihar,Jamui (SC),1,UPENDRA RAVIDAS,Bahujan Samaj Party,31504,107,31611
Bihar,Jamui (SC),2,CHIRAG KUMAR PASWAN,Lok Jan Shakti Party,527860,1274,529134
Bihar,Jamui (SC),3,BHUDEO CHOUDHARY,Rashtriya Lok Samta Party,287805,280,288085
Bihar,Jamui (SC),4,AJAY KUMAR,Bhartiya Dalit Party,8217,64,8281
Bihar,Jamui (SC),5,PANKAJ KUMAR DAS,SOCIALIST UNITY CENTRE OF INDIA (COMMUNIST),3996,8,4004
Bihar,Jamui (SC),6,VALAMIKI PASAVAN,Hindusthan Nirman Dal,6551,3,6554
Bihar,Jamui (SC),7,VISHNU PRIYA,Bahujan Mukti Party,10598,27,10625
Bihar,Jamui (SC),8,VIRENDRA KUMAR,Independent,14611,17,14628
Bihar,Jamui (SC),9,SUBHASH PASWAN,Independent,16714,5,16719
Bihar,Jamui (SC),10,NOTA,None of the Above,39450,46,39496
Bihar,Jhanjharpur,1,GULAB YADAV,Rashtriya Janata Dal,279168,272,279440
Bihar,Jhanjharpur,2,Raj Kumar Singh,Bahujan Samaj Party,9026,40,9066
Bihar,Jhanjharpur,3,Ramprit Mandal,Janata Dal (United),601597,794,602391
Bihar,Jhanjharpur,4,Ganga Prasad Yadav,Peoples Party of India (Democratic),8894,6,8900
Bihar,Jhanjharpur,5,Chhedi Ram,Bhartiya Mitra Party,3923,17,3940
Bihar,Jhanjharpur,6,Devendra Prasad Yadav,Samajwadi Janata Dal Democratic,25586,44,25630
Bihar,Jhanjharpur,7,Prabhat Prasad,Suheldev Bharatiya Samaj Party,8426,3,8429
Bihar,Jhanjharpur,8,Ratneshwar Jha,Aadarsh Mithila Party,3533,15,3548
Bihar,Jhanjharpur,9,Ramanand Thakur,Shivsena,4405,41,4446
Bihar,Jhanjharpur,10,Ramesh kumar Kamat,Aam Adhikar Morcha,4784,8,4792
Bihar,Jhanjharpur,11,Lakshman Prasad Yadav,Republican Party of India (A),5712,5,5717
Bihar,Jhanjharpur,12,Surendra Prasad Suman,All India Forward Bloc,4959,5,4964
Bihar,Jhanjharpur,13,Om Prakash Poddar,Independent,21987,1,21988
Bihar,Jhanjharpur,14,Ganpati Jha,Independent,21625,7,21632
Bihar,Jhanjharpur,15,Bablu Gupta,Independent,6902,6,6908
Bihar,Jhanjharpur,16,Bipeen Kumar Singhwait,Independent,29504,2,29506
Bihar,Jhanjharpur,17,Sanjay Bhartia,Independent,10060,2,10062
Bihar,Jhanjharpur,18,NOTA,None of the Above,9161,42,9203
Bihar,Karakat,1,UPENDRA KUSHWAHA,Rashtriya Lok Samta Party,312269,1597,313866
Bihar,Karakat,2,MAHABALI SINGH,Janata Dal (United),396282,2126,398408
Bihar,Karakat,3,RAJ NARAYAN TIWARI,Bahujan Samaj Party,21587,128,21715
Bihar,Karakat,4,ARIF ISAIN HUSAIN,Janta Dal Rashtravadi,2461,37,2498
Bihar,Karakat,5,USHA SHARAN,Shoshit Samaj Dal,2988,15,3003
Bihar,Karakat,6,KAMLESH RAM (PRASAD),Suheldev Bharatiya Samaj Party,1699,14,1713
Bihar,Karakat,7,GORAKH RAM,Voters Party International,2076,3,2079
Bihar,Karakat,8,GHANSHYAM TIWARI,Samajwadi Party,2853,28,2881
Bihar,Karakat,9,JYOTI RASHMI,Rashtra Sewa Dal,8332,49,8381
Bihar,Karakat,10,NAND KISHOR YADAV,Swaraj Party (Loktantrik),3402,17,3419
Bihar,Karakat,11,PRITHVI NATH PRASAD,Asli Deshi Party,1691,4,1695
Bihar,Karakat,12,PRAKASH CHANDRA GOYAL,Peoples Party of India (Democratic),2217,2,2219
Bihar,Karakat,13,PRADEEP CHOUHAN,Bihar Lok Nirman Dal,2844,0,2844
Bihar,Karakat,14,MANOJ SINGH KUSHVAHA,Jai Prakash Janata Dal,3975,9,3984
Bihar,Karakat,15,MAMTA PANDEY,Rashtriya Samta Party (Secular),8821,30,8851
Bihar,Karakat,16,MOHAMMAD ATAHAR HUSAIN,Ambedkar National Congress,12416,15,12431
Bihar,Karakat,17,RAJA RAM SINGH,Communist Party of India (Marxist-Leninist) (Liberation),24892,40,24932
Bihar,Karakat,18,RAMJEE SINGH KANTA,Akhil Hind Forward Bloc (Krantikari),6660,3,6663
Bihar,Karakat,19,SHASHIKANT SINGH,Bharatiya Momin Front,1964,8,1972
Bihar,Karakat,20,ABHIRAM PRIYADARSHI,Independent,1069,5,1074
Bihar,Karakat,21,KUMAR SAURABH,Independent,2431,19,2450
Bihar,Karakat,22,DHARMENDRA SINGH,Independent,1283,3,1286
Bihar,Karakat,23,NEELAM KUMARI,Independent,4599,6,4605
Bihar,Karakat,24,PUNAM DEVI,Independent,1332,27,1359
Bihar,Karakat,25,RAM AYODHYA SINGH,Independent,1471,1,1472
Bihar,Karakat,26,RAMESHWAR SINGH,Independent,4100,3,4103
Bihar,Karakat,27,BASUDEO HAZARIKA,Independent,6791,0,6791
Bihar,Karakat,28,NOTA,None of the Above,22002,102,22104
Bihar,Katihar,1,TARIQ ANWAR,Indian National Congress,502044,176,502220
Bihar,Katihar,2,DULAL CHANDRA GOSWAMI,Janata Dal (United),558984,439,559423
Bihar,Katihar,3,MUHAMMAD SHAKUR,Nationalist Congress Party,9234,14,9248
Bihar,Katihar,4,SHIVNANDAN MANDAL,Bahujan Samaj Party,3981,33,4014
Bihar,Katihar,5,ABDUR RAHMAN,Peoples Party of India (Democratic),2306,3,2309
Bihar,Katihar,6,GANGA KEBAT,Rashtriya Jansambhavna Party,2934,3,2937
Bihar,Katihar,7,BASUKINATH SAH,Bharatiya Bahujan Congress,2632,1,2633
Bihar,Katihar,8,MARANG HANSDA,Independent,6225,22,6247
Bihar,Katihar,9,SAMIR KUMAR JHA,Independent,8112,7,8119
Bihar,Katihar,10,NOTA,None of the Above,20572,12,20584
Bihar,Khagaria,1,Choudhary Mehboob Ali Kaiser,Lok Jan Shakti Party,509138,1055,510193
Bihar,Khagaria,2,Ramakant Chaudhari,Bahujan Samaj Party,7984,106,8090
Bihar,Khagaria,3,Upendra Sahani,Rashtriya Jansambhavna Party,5933,67,6000
Bihar,Khagaria,4,Umesh Chandra Bharti,Aadarsh Mithila Party,7753,10,7763
Bihar,Khagaria,5,Tej Bahadur Singh,Proutist Sarva Samaj,2821,9,2830
Bihar,Khagaria,6,Dhirendra Chaudhary,Aam Adhikar Morcha,10744,3,10747
Bihar,Khagaria,7,Madhuvala Devi,Aam Janta Party Rashtriya,8216,37,8253
Bihar,Khagaria,8,Mukesh Sahani,Vikassheel Insaan Party,261409,214,261623
Bihar,Khagaria,9,Moni Kumar,Bahujan Mukti Party,16686,6,16692
Bihar,Khagaria,10,Vinay Kumar Varun,Janhit Kisan Party,5073,16,5089
Bihar,Khagaria,11,Sandeep Kumar Saket,Shivsena,3821,86,3907
Bihar,Khagaria,12,Sunil Yadav,Garib Janshakti Party,5918,9,5927
Bihar,Khagaria,13,Kundan Kumar,Independent,4483,10,4493
Bihar,Khagaria,14,Nagendra Singh Tyagi,Independent,16073,24,16097
Bihar,Khagaria,15,Parmanand Singh,Independent,6619,9,6628
Bihar,Khagaria,16,Priadarshi Dinkar,Independent,51847,0,51847
Bihar,Khagaria,17,Bandan Kumar Singh,Independent,20445,4,20449
Bihar,Khagaria,18,Shiv Narayan Singh,Independent,1953,1,1954
Bihar,Khagaria,19,Shobha Devi,Independent,4097,11,4108
Bihar,Khagaria,20,Sangram Kumar Sada,Independent,6527,0,6527
Bihar,Khagaria,21,NOTA,None of the Above,7572,24,7596
Bihar,Kishanganj,1,Indra Deo Paswan,Bahujan Samaj Party,6790,3,6793
Bihar,Kishanganj,2,Javed Akhter,All India Trinamool Congress,5481,2,5483
Bihar,Kishanganj,3,Dr. Mohammad Jawed,Indian National Congress,366820,197,367017
Bihar,Kishanganj,4,Syed Mahmood Ashraf,Janata Dal (United),332325,226,332551
Bihar,Kishanganj,5,Akhtarul Iman,All India Majlis-E-Ittehadul Muslimeen,294859,170,295029
Bihar,Kishanganj,6,Alimuddin Ansari,Aam Aadmi Party,9822,0,9822
Bihar,Kishanganj,7,Pradip Kumar Singh,Shivsena,3260,6,3266
Bihar,Kishanganj,8,Rajendra Paswan,Bahujan Mukti Party,4013,0,4013
Bihar,Kishanganj,9,Shukal Murmu,Jharkhand Mukti Morcha,10273,2,10275
Bihar,Kishanganj,10,Azimuddin,Independent,4755,0,4755
Bihar,Kishanganj,11,Asad Alam,Independent,8133,0,8133
Bihar,Kishanganj,12,Chhote Lal Mahto,Independent,8699,1,8700
Bihar,Kishanganj,13,Rajesh Kumar Dubey,Independent,15182,2,15184
Bihar,Kishanganj,14,Haserul,Independent,10860,0,10860
Bihar,Kishanganj,15,NOTA,None of the Above,19719,3,19722
Bihar,Madhepura,1,Dinesh Chandra Yadav,Janata Dal (United),623460,874,624334
Bihar,Madhepura,2,Sharad Yadav,Rashtriya Janata Dal,322410,397,322807
Bihar,Madhepura,3,Anil Bharti,Rashtravadi Janata Party,7127,42,7169
Bihar,Madhepura,4,Umashankar,Bahujan Mukti Party,3094,10,3104
Bihar,Madhepura,5,Manoj Kumar Mandal,Aam Adhikar Morcha,2556,9,2565
Bihar,Madhepura,6,Rajiv Kumar Yadav,Baliraja Party,4731,4,4735
Bihar,Madhepura,7,Rajesh Ranjan @ Pappu Yadav,Jan Adhikar Party (Loktantrik),97466,165,97631
Bihar,Madhepura,8,Suresh Kumar Bharti,Asli Deshi Party,4728,3,4731
Bihar,Madhepura,9,Md. Arshad Husain,Independent,3805,2,3807
Bihar,Madhepura,10,Jaykant Yadav,Independent,8752,3,8755
Bihar,Madhepura,11,Rajo Sah,Independent,5628,3,5631
Bihar,Madhepura,12,Vinay Kumar Mishra,Independent,5964,7,5971
Bihar,Madhepura,13,Suman Kumar Jha,Independent,17573,11,17584
Bihar,Madhepura,14,NOTA,None of the Above,38429,21,38450
Bihar,Madhubani,1,ASHOK KUMAR YADAV,Bharatiya Janata Party,594811,1032,595843
Bihar,Madhubani,2,ANAND KUMAR JHA,Akhil Bhartiya Mithila Party,10109,18,10127
Bihar,Madhubani,3,MD. KHALIQUE ANSARI,Pragatishil Samajwadi Party (Lohia),2720,6,2726
Bihar,Madhubani,4,DHANESHWAR MAHTO,Bhartiya Mitra Party,6318,4,6322
Bihar,Madhubani,5,BADRI KUMAR PURBEY,Vikassheel Insaan Party,140705,198,140903
Bihar,Madhubani,6,RANJIT KUMAR,Bahujan Mukti Party,4521,3,4524
Bihar,Madhubani,7,RAM SWARUP BHARTI,Voters Party International,2819,0,2819
Bihar,Madhubani,8,REKHA RANJAN YADAV,Republican Party of India (A),4561,5,4566
Bihar,Madhubani,9,SATISH CHANDRA JHA,Purvanchal Janta Party (Secular),5071,3,5074
Bihar,Madhubani,10,SUBHASH CHANDRA JHA,Rashtriya Jansambhavna Party,5672,5,5677
Bihar,Madhubani,11,ANIL KUMAR SAH,Independent,4528,0,4528
Bihar,Madhubani,12,ABUBAKAR RAHMANI,Independent,12491,1,12492
Bihar,Madhubani,13,ABHIJIT KUMAR SINGH,Independent,4068,1,4069
Bihar,Madhubani,14,RAJU KUMAR RAJ,Independent,5695,0,5695
Bihar,Madhubani,15,VIDYA SAGAR MANDAL,Independent,6933,3,6936
Bihar,Madhubani,16,DR. SHAKEEL AHMAD,Independent,131416,114,131530
Bihar,Madhubani,17,HEMA JHA,Independent,14254,0,14254
Bihar,Madhubani,18,NOTA,None of the Above,5602,21,5623
Bihar,Maharajganj,1,Anirudh Prasad alias Sadhu Yadav,Bahujan Samaj Party,24913,126,25039
Bihar,Maharajganj,2,"Janardan Singh 'Sigriwal""",Bharatiya Janata Party,543523,2829,546352
Bihar,Maharajganj,3,Randhir Kumar Singh,Rashtriya Janata Dal,314803,777,315580
Bihar,Maharajganj,4,Aravind Kumar Sharma,Bharatiya Jan Kranti Dal (Democratic),8001,5,8006
Bihar,Maharajganj,5,Ali Azhar Ansari,Maanavvaadi Janta Party,3285,16,3301
Bihar,Maharajganj,6,Dr. Gopal Prasad,Bhartiya New Sanskar Krantikari Party,2633,7,2640
Bihar,Maharajganj,7,Subash Singh,Jago Hindustan Party,2896,4,2900
Bihar,Maharajganj,8,Menka Raman,Independent,6003,23,6026
Bihar,Maharajganj,9,Rajendra kumar,Independent,7055,2,7057
Bihar,Maharajganj,10,Dr. Shree Bhagwan Singh,Independent,13135,2,13137
Bihar,Maharajganj,11,M.K. Singh Rathour,Independent,20495,2,20497
Bihar,Maharajganj,12,NOTA,None of the Above,22149,19,22168
Bihar,Munger,1,KUMAR NAVNEET HIMANSHU,Bahujan Samaj Party,10477,135,10612
Bihar,Munger,2,NILAM DEVI,Indian National Congress,359303,1522,360825
Bihar,Munger,3,RAJIV RANJAN SINGH ALIAS LALAN SINGH,Janata Dal (United),525519,3243,528762
Bihar,Munger,4,AJIT KUMAR,Jharkhand Mukti Morcha,8661,16,8677
Bihar,Munger,5,ARVIND KUMAR SHARMA,Rashtriya Hind Sena,9264,27,9291
Bihar,Munger,6,KRISHNA MURARI KUMAR,Jan Adhikar Party,3552,4,3556
Bihar,Munger,7,PANCHANAND SINGH,Jago Hindustan Party,3267,4,3271
Bihar,Munger,8,RAUSHAN KUMAR,Pragatishil Samajwadi Party (Lohia),2416,3,2419
Bihar,Munger,9,VIKASH KUMAR ARYA,SOCIALIST UNITY CENTRE OF INDIA (COMMUNIST),4297,10,4307
Bihar,Munger,10,SANJAY KESARI,Shivsena,8504,127,8631
Bihar,Munger,11,SANTOSH KUMAR,Bahujan Mukti Party,4393,14,4407
Bihar,Munger,12,SURYODAY PASWAN,Sankhyanupati Bhagidari Party,4442,8,4450
Bihar,Munger,13,SONELAL KORA,Bharatiya Bahujan Congress,7149,13,7162
Bihar,Munger,14,AMARJIT PATEL,Independent,18639,7,18646
Bihar,Munger,15,UCHIT KUMAR,Independent,12364,6,12370
Bihar,Munger,16,DINA SAW,Independent,15890,3,15893
Bihar,Munger,17,PRANAY KUMAR,Independent,4742,1,4743
Bihar,Munger,18,MAHESH RAM,Independent,7447,3,7450
Bihar,Munger,19,DR. RAJESH KUMAR RATNAKAR,Independent,11044,10,11054
Bihar,Munger,20,NOTA,None of the Above,9651,91,9742
Bihar,Muzaffarpur,1,Ajay Nishad,Bharatiya Janata Party,664074,2804,666878
Bihar,Muzaffarpur,2,Swarnlata Devi,Bahujan Samaj Party,9010,85,9095
Bihar,Muzaffarpur,3,Anirudh Singh,All India Forward Bloc,2536,7,2543
Bihar,Muzaffarpur,4,Jauhar Azad,Bahujan Mukti Party,4614,22,4636
Bihar,Muzaffarpur,5,Devendra Rakesh,Bajjikanchal Vikas Party,7702,7,7709
Bihar,Muzaffarpur,6,Dharmendra Paswan,Bharatiya Momin Front,3317,6,3323
Bihar,Muzaffarpur,7,Nandan Kumar,Janata Party,2564,8,2572
Bihar,Muzaffarpur,8,Nageshwar Prasad Singh,Rashtriya Rashtrawadi Party,3190,5,3195
Bihar,Muzaffarpur,9,Pankaj Kumar,Aap Aur Hum Party,3424,10,3434
Bihar,Muzaffarpur,10,Pradeep Kumar Singh,Shivsena,4316,5,4321
Bihar,Muzaffarpur,11,Mohamad Idris,SOCIALIST UNITY CENTRE OF INDIA (COMMUNIST),6107,9,6116
Bihar,Muzaffarpur,12,Raj Bhushan Choudhary,Vikassheel Insaan Party,255837,1053,256890
Bihar,Muzaffarpur,13,Renu Khari,Jan Adhikar Party,7991,4,7995
Bihar,Muzaffarpur,14,Shiv shakti Monu,Bihar Lok Nirman Dal,8233,3,8236
Bihar,Muzaffarpur,15,Shiva Bihari Singhania,Bharat Nirman Party,5672,2,5674
Bihar,Muzaffarpur,16,Sukhdeo Prasad,Voters Party International,24525,1,24526
Bihar,Muzaffarpur,17,Sudhir Kumar Jha,Yuva Krantikari Party,15838,5,15843
Bihar,Muzaffarpur,18,Surendra Ray,Rashtriya Hind Sena,7255,3,7258
Bihar,Muzaffarpur,19,Ajitansh Gaur,Independent,2620,1,2621
Bihar,Muzaffarpur,20,Mukesh Kumar,Independent,1582,7,1589
Bihar,Muzaffarpur,21,Ritesh Prasad,Independent,2142,5,2147
Bihar,Muzaffarpur,22,Suresh Kumar,Independent,2310,4,2314
Bihar,Muzaffarpur,23,NOTA,None of the Above,9105,66,9171
Bihar,Nalanda,1,Kaushlendra Kumar,Janata Dal (United),539183,1705,540888
Bihar,Nalanda,2,Shashi Kumar,Bahujan Samaj Party,12612,63,12675
Bihar,Nalanda,3,Shashi Kumar,Nationalist Congress Party,2965,118,3083
Bihar,Nalanda,4,Anil Kumar,Bharatiya Jan Kranti Dal (Democratic),8057,29,8086
Bihar,Nalanda,5,Ashok Kumar Azad,Hindustani Awam Morcha (Secular),284587,164,284751
Bihar,Nalanda,6,KUMAR HARI CHARAN SINGH YADAV,Bharatiya Momin Front,6182,5,6187
Bihar,Nalanda,7,Chiranjib Kumar,Shivsena,5468,52,5520
Bihar,Nalanda,8,Dilip Rawat,Maanavvaadi Janta Party,2964,2,2966
Bihar,Nalanda,9,Dinanath Pandey,Independent,2226,5,2231
Bihar,Nalanda,10,Pawan Kumar Pandey,Bhartiya Lokmat Rashtrwadi Party,2312,10,2322
Bihar,Nalanda,11,Purushotam Sharma,National Jagaran Party,4442,2,4444
Bihar,Nalanda,12,Brahamdev Prasad,Shoshit Samaj Dal,16346,0,16346
Bihar,Nalanda,13,Rajeev Ranjan Kumar,Jan Adhikar Party,5961,1,5962
Bihar,Nalanda,14,Ram Charitra Prasad Singh,Hindusthan Nirman Dal,4412,0,4412
Bihar,Nalanda,15,Ramchandra Prasad,Samagra Utthan Party,6513,1,6514
Bihar,Nalanda,16,Ramvilaf Paswan,Rashtriya Hind Sena,21268,8,21276
Bihar,Nalanda,17,Rekha Kumari,Purvanchal Mahapanchayat,9140,10,9150
Bihar,Nalanda,18,Shankar Pandey,Bahujan Nyay Dal,4767,1,4768
Bihar,Nalanda,19,Sanjeet Kumar,Jantantrik Vikas Party,3665,3,3668
Bihar,Nalanda,20,Sampati Kumar,Suheldev Bharatiya Samaj Party,4433,1,4434
Bihar,Nalanda,21,Sunil Ravidas,Republican Party of India,6426,2,6428
Bihar,Nalanda,22,Surendra Singh,Bharat Prabhat Party,2972,1,2973
Bihar,Nalanda,23,Sohavan Paswan,Public Mission Party,2073,0,2073
Bihar,Nalanda,24,Ashok Kumar,Independent,10134,3,10137
Bihar,Nalanda,25,Usha Devi,Independent,3378,3,3381
Bihar,Nalanda,26,Nita Devi,Independent,2397,2,2399
Bihar,Nalanda,27,Punit Kumar,Independent,5052,6,5058
Bihar,Nalanda,28,Mintu Kumar,Independent,6321,4,6325
Bihar,Nalanda,29,Mohan Bind,Independent,3472,2,3474
Bihar,Nalanda,30,Mohammad Surkhab Alam,Independent,2215,1,2216
Bihar,Nalanda,31,Rajnish Kumar Paswan,Independent,2602,0,2602
Bihar,Nalanda,32,Rakesh Paswan,Independent,11960,4,11964
Bihar,Nalanda,33,Ramchandra Singh,Independent,9073,2,9075
Bihar,Nalanda,34,Shailendra Chaudhari,Independent,2170,1,2171
Bihar,Nalanda,35,Sudhir Kumar,Independent,2901,0,2901
Bihar,Nalanda,36,NOTA,None of the Above,8372,54,8426
Bihar,Nawada,1,Chandan Singh,Lok Jan Shakti Party,491956,3728,495684
Bihar,Nawada,2,Vibha Devi,Rashtriya Janata Dal,344734,2878,347612
Bihar,Nawada,3,Vishnu Dev Yadav,Bahujan Samaj Party,11296,107,11403
Bihar,Nawada,4,Aditya Pradhan,Peoples Party of India (Democratic),4738,43,4781
Bihar,Nawada,5,Mokim Uddin,Rashtriya Ulama Council,3768,8,3776
Bihar,Nawada,6,Ranganatha chary,Shivsena,3565,111,3676
Bihar,Nawada,7,Vijay Ram,Moolniwasi Samaj Party,3384,43,3427
Bihar,Nawada,8,Tulsi Dayal,Independent,2211,19,2230
Bihar,Nawada,9,Naresh Prasad,Independent,2642,9,2651
Bihar,Nawada,10,Nivedita Singh,Independent,6773,14,6787
Bihar,Nawada,11,Prof. K.B. Prasad,Independent,4044,28,4072
Bihar,Nawada,12,Rakesh Raushan,Independent,6278,4,6282
Bihar,Nawada,13,Rajesh Kumar,Independent,14922,12,14934
Bihar,Nawada,14,NOTA,None of the Above,35044,103,35147
Bihar,Paschim Champaran,1,BRIJESH KUMAR KUSHWAHA,Rashtriya Lok Samta Party,307964,1836,309800
Bihar,Paschim Champaran,2,RAKESH KUMAR,Bahujan Samaj Party,11286,141,11427
Bihar,Paschim Champaran,3,DR. SANJAY JAISWAL,Bharatiya Janata Party,600735,2971,603706
Bihar,Paschim Champaran,4,BIPIN NATH TIWARI ALIAS BIPIN TIWARI,Loktantrik Jan Swaraj Party,9863,5,9868
Bihar,Paschim Champaran,5,AJAY KUMAR SINHA,Independent,3216,8,3224
Bihar,Paschim Champaran,6,NAFISH AHMAD,Independent,5477,20,5497
Bihar,Paschim Champaran,7,RATAN KUMAR SARKAR,Independent,4229,1,4230
Bihar,Paschim Champaran,8,VIKAS KUMAR PRASAD,Independent,8682,2,8684
Bihar,Paschim Champaran,9,SANJAY KUMAR PATEL,Independent,10794,7,10801
Bihar,Paschim Champaran,10,NOTA,None of the Above,45637,62,45699
Bihar,Pataliputra,1,MD. KALIMULLAH,Bahujan Samaj Party,13980,65,14045
Bihar,Pataliputra,2,MISHA BHARTI,Rashtriya Janata Dal,468873,1363,470236
Bihar,Pataliputra,3,RAM KRIPAL YADAV,Bharatiya Janata Party,506557,3000,509557
Bihar,Pataliputra,4,INDU DEVI MISHRA,Bharatiya Jan Kranti Dal (Democratic),6291,4,6295
Bihar,Pataliputra,5,MD. TAUFIQUE AHMAD,Voters Party International,3852,5,3857
Bihar,Pataliputra,6,DURGESH NANDAN SINGH alias DURGESH YADAV,Rashtriya Janvikas Party (Democratic),1413,1,1414
Bihar,Pataliputra,7,Nagmani,Shivsena,1783,7,1790
Bihar,Pataliputra,8,VINOD DAS,Bharatiya Bahujan Congress,1766,19,1785
Bihar,Pataliputra,9,BINDU DEVI,Rashtriya Jansambhavna Party,2794,1,2795
Bihar,Pataliputra,10,RAM NARAYAN MANJHI,Sankhyanupati Bhagidari Party,1945,0,1945
Bihar,Pataliputra,11,RAM NIRANJAN ROY,Rashtrawadi Chetna Party,1975,0,1975
Bihar,Pataliputra,12,RAM PRAVESH RAJAK,Peoples Party of India (Democratic),2126,3,2129
Bihar,Pataliputra,13,LALITA RAY,Bahujan Nyay Dal,3551,5,3556
Bihar,Pataliputra,14,WAKIL AHMAD,Janata Party,7640,6,7646
Bihar,Pataliputra,15,SHIV KUMAR SINGH,Apna Kisan Party,8353,1,8354
Bihar,Pataliputra,16,SHAILESH KUMAR,Bharatiya Aam Awam Party,9627,1,9628
Bihar,Pataliputra,17,SATISH KUMAR,Bharatiya Momin Front,3145,0,3145
Bihar,Pataliputra,18,SOHAN RAY,Yuva Krantikari Party,5809,1,5810
Bihar,Pataliputra,19,JITENDRA BIND,Independent,4869,1,4870
Bihar,Pataliputra,20,PUPUL KUMAR SHARMA,Independent,1280,3,1283
Bihar,Pataliputra,21,BRAJESHWAR PRASAD SINGH,Independent,950,1,951
Bihar,Pataliputra,22,MANTU KUMAR,Independent,770,0,770
Bihar,Pataliputra,23,RAMESH KUMAR SHARMA,Independent,1556,2,1558
Bihar,Pataliputra,24,RAJESH KUMAR,Independent,2982,4,2986
Bihar,Pataliputra,25,SURESH PASWAN,Independent,2791,2,2793
Bihar,Pataliputra,26,NOTA,None of the Above,6497,79,6576
Bihar,Patna Sahib,1,RAVI SHANKAR PRASAD,Bharatiya Janata Party,604956,2550,607506
Bihar,Patna Sahib,2,SHATRUGHAN SINHA,Indian National Congress,321840,1009,322849
Bihar,Patna Sahib,3,AKHILESH KUMAR,Asli Deshi Party,3762,4,3766
Bihar,Patna Sahib,4,ANAMIKA KUMARI,SOCIALIST UNITY CENTRE OF INDIA (COMMUNIST),1217,3,1220
Bihar,Patna Sahib,5,PRABHASH CHANDRA SHARMA,Vanchit Samaj Party,1272,0,1272
Bihar,Patna Sahib,6,BASANT SINGH,Bharatiya Jan Kranti Dal (Democratic),1027,0,1027
Bihar,Patna Sahib,7,MAHBOOB ALAM ANSARI,Bharatiya Momin Front,1480,3,1483
Bihar,Patna Sahib,8,RAJESH KUMAR,Janata Party,1436,1,1437
Bihar,Patna Sahib,9,RITA DEVI,Vikassheel Insaan Party,1289,1,1290
Bihar,Patna Sahib,10,SUMIT RANJAN SINHA,Shivsena,1420,4,1424
Bihar,Patna Sahib,11,AMIT KUMAR GUPTA,Independent,1571,1,1572
Bihar,Patna Sahib,12,ARVIND KUMAR,Independent,2804,2,2806
Bihar,Patna Sahib,13,ASHOK KUMAR GUPTA,Independent,3436,11,3447
Bihar,Patna Sahib,14,KUMAR RAUNAK,Independent,2574,1,2575
Bihar,Patna Sahib,15,JAVED,Independent,5446,0,5446
Bihar,Patna Sahib,16,NIMESH SHUKLA,Independent,9319,0,9319
Bihar,Patna Sahib,17,RANI DEVI,Independent,5253,2,5255
Bihar,Patna Sahib,18,VISHNU DEV,Independent,3512,3,3515
Bihar,Patna Sahib,19,NOTA,None of the Above,4988,88,5076
Bihar,Purnia,1,UDAY SINGH ALIAS PAPPU SINGH,Indian National Congress,369278,185,369463
Bihar,Purnia,2,JITENDRA URAB,Bahujan Samaj Party,16478,59,16537
Bihar,Purnia,3,SANTOSH KUMAR,Janata Dal (United),632435,489,632924
Bihar,Purnia,4,MANJU MURMU,Jharkhand Mukti Morcha,7948,15,7963
Bihar,Purnia,5,SANOJ KUMAR CHAUHAN,Bihar Lok Nirman Dal,2620,5,2625
Bihar,Purnia,6,MD. AKHTAR ALI,Independent,1404,0,1404
Bihar,Purnia,7,ANIRUDH MEHTA,Independent,9358,1,9359
Bihar,Purnia,8,ARJUN SINGH,Independent,4441,3,4444
Bihar,Purnia,9,ASHOK KUMAR SAH,Independent,7312,2,7314
Bihar,Purnia,10,ASHOK KUMAR SINGH,Independent,7565,0,7565
Bihar,Purnia,11,DR. MRITUNJAY KUMAR JHA,Independent,3172,3,3175
Bihar,Purnia,12,RAJIV KUMAR SINGH,Independent,3402,1,3403
Bihar,Purnia,13,RAJESH KUMAR,Independent,9078,1,9079
Bihar,Purnia,14,SHUBHASH KUMAR THAKUR,Independent,31794,1,31795
Bihar,Purnia,15,SHOBHA SOREN,Independent,6935,12,6947
Bihar,Purnia,16,SAGEER AHMAD,Independent,21374,0,21374
Bihar,Purnia,17,NOTA,None of the Above,18557,12,18569
Bihar,Purvi Champaran,1,AAKASH KUMAR SINGH,Rashtriya Lok Samta Party,281500,2639,284139
Bihar,Purvi Champaran,2,Prabhakar Jaiswal,Communist Party of India,10206,68,10274
Bihar,Purvi Champaran,3,RADHA MOHAN SINGH,Bharatiya Janata Party,574081,3706,577787
Bihar,Purvi Champaran,4,Dinesh Sahani,Rashtriya mahan Gantantra Party,9303,8,9311
Bihar,Purvi Champaran,5,Devendra Singh,Rashtriya Sarvjan Vikas Party,1905,9,1914
Bihar,Purvi Champaran,6,Parasnath Pandey,Janvadi Party(Socialist),1789,4,1793
Bihar,Purvi Champaran,7,Parasnath Ram,Janata Party,1795,17,1812
Bihar,Purvi Champaran,8,Randhir Kumar Tiwari,Asli Deshi Party,1403,3,1406
Bihar,Purvi Champaran,9,Rajiv Ranjan,Janta Dal Rashtravadi,1619,5,1624
Bihar,Purvi Champaran,10,Ramchandra Sah,Rashtriya Jansambhavna Party,6400,2,6402
Bihar,Purvi Champaran,11,Vinay Kumar Sriwastava,Rashtriya Samta Party (Secular),2335,8,2343
Bihar,Purvi Champaran,12,Shatrughna Tiwari,Bajjikanchal Vikas Party,4700,4,4704
Bihar,Purvi Champaran,13,Shekh Seraj,Akhil Bhartiya Apna Dal,4375,3,4378
Bihar,Purvi Champaran,14,Shobha Devi,Shoshit Samaj Dal,14023,4,14027
Bihar,Purvi Champaran,15,Sachin Paswan,Rashtriya Hind Sena,12060,20,12080
Bihar,Purvi Champaran,16,Satyam Yadav,Bahujan Nyay Dal,17736,5,17741
Bihar,Purvi Champaran,17,Md. Ajmer Alam,Independent,6042,9,6051
Bihar,Purvi Champaran,18,Aniket Ranjan,Independent,2048,10,2058
Bihar,Purvi Champaran,19,Pradeep Singh,Independent,6883,1,6884
Bihar,Purvi Champaran,20,Manoj Tiwari,Independent,1840,0,1840
Bihar,Purvi Champaran,21,Muneshwar Tiwari,Independent,2765,2,2767
Bihar,Purvi Champaran,22,Shakti Kumar,Independent,5358,1,5359
Bihar,Purvi Champaran,23,NOTA,None of the Above,22644,62,22706
Bihar,Samastipur (SC),1,Dr. Ashok Kumar,Indian National Congress,310016,784,310800
Bihar,Samastipur (SC),2,Mantesh Kumar,Bahujan Samaj Party,11681,37,11718
Bihar,Samastipur (SC),3,Ramchandra Paswan,Lok Jan Shakti Party,561460,983,562443
Bihar,Samastipur (SC),4,Asha Devi,Aam Adhikar Morcha,14099,15,14114
Bihar,Samastipur (SC),5,Pinku Paswan,Yuva Krantikari Party,6304,5,6309
Bihar,Samastipur (SC),6,Ratan Bihari,Jan Adhikar Party,5138,4,5142
Bihar,Samastipur (SC),7,Raj Kumar Ram,Bharatiya Momin Front,5517,7,5524
Bihar,Samastipur (SC),8,Lalo Paswan,Voters Party International,5466,1,5467
Bihar,Samastipur (SC),9,Vijay Kumar Ram,Vanchit Samaj Party,10510,2,10512
Bihar,Samastipur (SC),10,Vidya Nand Ram,Wazib Adhikar Party,29392,0,29392
Bihar,Samastipur (SC),11,Suraj Kumar Das,Independent,22170,17,22187
Bihar,Samastipur (SC),12,NOTA,None of the Above,35380,37,35417
Bihar,Saran,1,Chandrika Roy,Rashtriya Janata Dal,360461,452,360913
Bihar,Saran,2,Rajiv Pratap Rudy,Bharatiya Janata Party,496992,2350,499342
Bihar,Saran,3,Sheojee Ram,Bahujan Samaj Party,15196,53,15249
Bihar,Saran,4,Ishteyaque Ahmad,Yuva Krantikari Party,2522,4,2526
Bihar,Saran,5,Juned Khan,Bhartiya Insan Party,1604,9,1613
Bihar,Saran,6,Dharamveer Kumar,Bihar Lok Nirman Dal,1498,15,1513
Bihar,Saran,7,Bhisham Kumar Ray,Purvanchal Mahapanchayat,1928,3,1931
Bihar,Saran,8,Raj Kishore Prasad,Vanchit Samaj Party,2027,2,2029
Bihar,Saran,9,Prabhat Kumar Giri,Independent,2598,13,2611
Bihar,Saran,10,Raj Kumar Rai (Yadav),Independent,4837,3,4840
Bihar,Saran,11,Lalu Prasad Yadav,Independent,6201,4,6205
Bihar,Saran,12,Shiv Brat Singh,Independent,14617,0,14617
Bihar,Saran,13,NOTA,None of the Above,28227,40,28267
Bihar,Sasaram (SC),1,CHHEDI PASWAN,Bharatiya Janata Party,492364,2436,494800
Bihar,Sasaram (SC),2,MANOJ KUMAR,Bahujan Samaj Party,86187,219,86406
Bihar,Sasaram (SC),3,MEIRA KUMAR,Indian National Congress,326373,2682,329055
Bihar,Sasaram (SC),4,DHARMRAJ PASWAN,Lok Jan Vikas Morcha,5974,4,5978
Bihar,Sasaram (SC),5,NIRMALA DEVI,Pragatishil Samajwadi Party (Lohia),1691,11,1702
Bihar,Sasaram (SC),6,VIDYA JYOTI,Bahujan Mukti Party,2732,14,2746
Bihar,Sasaram (SC),7,SATYA NARAYAN RAM,Ambedkarite Party of India,4770,0,4770
Bihar,Sasaram (SC),8,ASHOK KUMAR PASWAN,Independent,2664,1,2665
Bihar,Sasaram (SC),9,ASHOK BAITHA,Independent,9973,56,10029
Bihar,Sasaram (SC),10,RAGHUNI RAM SHASTRI,Independent,2416,5,2421
Bihar,Sasaram (SC),11,RAJANIKANT CHOUDHARY,Independent,3556,1,3557
Bihar,Sasaram (SC),12,RAMEKBAL RAM,Independent,6408,2,6410
Bihar,Sasaram (SC),13,SATYA NARAYAN PASWAN,Independent,5222,0,5222
Bihar,Sasaram (SC),14,NOTA,None of the Above,18914,74,18988
Bihar,Sheohar,1,Mukesh Kumar Jha,Bahujan Samaj Party,12417,53,12470
Bihar,Sheohar,2,RAMA DEVI,Bharatiya Janata Party,606581,2097,608678
Bihar,Sheohar,3,Shamim Alam,Nationalist Congress Party,13239,30,13269
Bihar,Sheohar,4,SYED FAISAL ALI,Rashtriya Janata Dal,266870,1448,268318
Bihar,Sheohar,5,Anil Kumar,Jan Adhikar Party,5774,5,5779
Bihar,Sheohar,6,Anand Kumar Maurya,Bahujan Azad Party,1813,1,1814
Bihar,Sheohar,7,UPENDRA SAHANI,Rashtriya Jansambhavna Party,7278,3,7281
Bihar,Sheohar,8,Jagdish Prasad,Bajjikanchal Vikas Party,4562,1,4563
Bihar,Sheohar,9,Devendra Prasad Singh,All India Forward Bloc,2631,9,2640
Bihar,Sheohar,10,Nabi Hussain,Bharat Prabhat Party,1990,2,1992
Bihar,Sheohar,11,PRABHU NARAYAN,Shivsena,2496,3,2499
Bihar,Sheohar,12,SHYAM KUMAR,Rashtriya Hind Sena,5065,1,5066
Bihar,Sheohar,13,Anil Kumar Tiwari,Independent,10678,1,10679
Bihar,Sheohar,14,Abul Kalam Khan,Independent,6083,1,6084
Bihar,Sheohar,15,Kedar Nath Prasad,Independent,18425,1,18426
Bihar,Sheohar,16,Raj Kumar Parsad,Independent,13701,3,13704
Bihar,Sheohar,17,Ram Dayal Prasad,Independent,3140,2,3142
Bihar,Sheohar,18,Vijay Nandan Paswan,Independent,11127,11,11138
Bihar,Sheohar,19,NOTA,None of the Above,6971,46,7017
Bihar,Sitamarhi,1,Arjun Ray,Rashtriya Janata Dal,315230,1976,317206
Bihar,Sitamarhi,2,Jasem Ahamad,Bahujan Samaj Party,7062,50,7112
Bihar,Sitamarhi,3,Sunil Kumar Pintu,Janata Dal (United),565533,2212,567745
Bihar,Sitamarhi,4,Braj Kishor,All India Forward Bloc,6305,2,6307
Bihar,Sitamarhi,5,Mohan Sah,Kisan Party of India,3046,18,3064
Bihar,Sitamarhi,6,Raghunath Kumar,Aam Aadmi Party,8947,62,9009
Bihar,Sitamarhi,7,Ravindra Kumar Chandra urf Dr. Raja Babu,Bhartiya Mitra Party,2464,11,2475
Bihar,Sitamarhi,8,Raj Kishore Prasad,"Proutist Bloc, India",5963,2,5965
Bihar,Sitamarhi,9,Surendra Kumar,Bajjikanchal Vikas Party,4233,7,4240
Bihar,Sitamarhi,10,Amit Chaudhary urf Madhav Chaudhary,Independent,9749,88,9837
Bihar,Sitamarhi,11,Chandrika Prasad,Independent,2662,1,2663
Bihar,Sitamarhi,12,Dr. Junaid Khan,Independent,3298,0,3298
Bihar,Sitamarhi,13,Thakur Chandan Kumar Singh,Independent,7285,2,7287
Bihar,Sitamarhi,14,Dharmendra Kumar,Independent,20485,2,20487
Bihar,Sitamarhi,15,Nand Kishore Gupta,Independent,6587,1,6588
Bihar,Sitamarhi,16,Mahesh Nandan Singh,Independent,17270,0,17270
Bihar,Sitamarhi,17,Ramesh Kumar Mishra,Independent,11054,2,11056
Bihar,Sitamarhi,18,Lalbabu Paswan,Independent,5189,3,5192
Bihar,Sitamarhi,19,Vinod Sah,Independent,17724,0,17724
Bihar,Sitamarhi,20,Shashi Kumar Singh,Independent,4003,3,4006
Bihar,Sitamarhi,21,NOTA,None of the Above,10278,40,10318
Bihar,Siwan,1,Kavita Singh,Janata Dal (United),447171,1302,448473
Bihar,Siwan,2,Balmiki Prasad Gupta,Bahujan Samaj Party,8433,34,8467
Bihar,Siwan,3,Hena Shahab,Rashtriya Janata Dal,330363,1152,331515
Bihar,Siwan,4,Amar Nath Yadav,Communist Party of India (Marxist-Leninist) (Liberation),74554,90,74644
Bihar,Siwan,5,Narad Pandit,Bharatiya Samta Samaj Party,3604,11,3615
Bihar,Siwan,6,Parmanand Gond,Swatantra Samaj Party,2062,7,2069
Bihar,Siwan,7,Bijay bahadur Singh,Rashtriya Sahyog Party,2754,2,2756
Bihar,Siwan,8,Rohit Kumar Yadav,Sanyukt Vikas Party,2360,4,2364
Bihar,Siwan,9,Shabana,Jai Prakash Janata Dal,2103,4,2107
Bihar,Siwan,10,Sudhir Kuamr Singh,Shivsena,2686,15,2701
Bihar,Siwan,11,Anil Kumar Verma,Independent,5260,0,5260
Bihar,Siwan,12,Abhishek Kumar Alias Rinku Ji,Independent,3573,0,3573
Bihar,Siwan,13,Amarjit Prasad,Independent,7668,3,7671
Bihar,Siwan,14,Upendra Kumar Giri,Independent,17352,1,17353
Bihar,Siwan,15,Jai Prakash Prasad Alias J.P.Bhai,Independent,5964,0,5964
Bihar,Siwan,16,Deva Kant Mishra Alias Munna Bhaiya,Independent,36458,1,36459
Bihar,Siwan,17,Madhuri Pandey,Independent,12927,1,12928
Bihar,Siwan,18,Sanjay Prajapatee,Independent,2352,2,2354
Bihar,Siwan,19,Satyendra Kushwaha,Independent,6043,8,6051
Bihar,Siwan,20,NOTA,None of the Above,8464,22,8486
Bihar,Supaul,1,Kiran Devi,Bahujan Samaj Party,11079,29,11108
Bihar,Supaul,2,Dileshwar Kamait,Janata Dal (United),596807,570,597377
Bihar,Supaul,3,Ranjeet Ranjan,Indian National Congress,330258,266,330524
Bihar,Supaul,4,Md. Abul Kalam Azad,Jai Hind Party,13693,0,13693
Bihar,Supaul,5,Krishan dev Mandal,Rashtravadi Janata Party,3534,18,3552
Bihar,Supaul,6,Dip Narayan Mandal,Shivsena,2742,33,2775
Bihar,Supaul,7,Naveen Kumar Singh,Bihar Lok Nirman Dal,3010,0,3010
Bihar,Supaul,8,Pramod Kumar Nirala,Vanchit Samaj Party,4042,1,4043
Bihar,Supaul,9,Bhim Kumar Gupta,Jammu & Kashmir National Panthers Party,3545,0,3545
Bihar,Supaul,10,Sanjay Sardar,Lok Sewa Dal,6313,0,6313
Bihar,Supaul,11,Sanjeet Kumar Choudhary,Aam Janta Party Rashtriya,11091,2,11093
Bihar,Supaul,12,Satya Narayan Mehta,Jan Adhikar Party,6333,3,6336
Bihar,Supaul,13,Md. Afroj Alam,Independent,6995,2,6997
Bihar,Supaul,14,Anand Pathak,Independent,15389,3,15392
Bihar,Supaul,15,Dinesh Prasad Yadav,Independent,23033,12,23045
Bihar,Supaul,16,Binod Kumar Sahu,Independent,19277,0,19277
Bihar,Supaul,17,Rajesh Kumar S/O- Jawahar Lal Das,Independent,6729,0,6729
Bihar,Supaul,18,Rajesh Kumar S/O- Yugeshwar Sah,Independent,20317,3,20320
Bihar,Supaul,19,Sandip Kumar Singh,Independent,11534,0,11534
Bihar,Supaul,20,Sudhakar Jha,Independent,4797,2,4799
Bihar,Supaul,21,NOTA,None of the Above,9322,21,9343
Bihar,Ujiarpur,1,Ajay Kumar,Communist Party of India (Marxist),27482,95,27577
Bihar,Ujiarpur,2,Upendra Kushwaha,Rashtriya Lok Samta Party,265891,737,266628
Bihar,Ujiarpur,3,Navin Kumar,Bahujan Samaj Party,9655,44,9699
Bihar,Ujiarpur,4,Nityanand Rai,Bharatiya Janata Party,542341,1565,543906
Bihar,Ujiarpur,5,Dr. Ajay Singh Almust,Rashtriya Samta Party (Secular),10050,1,10051
Bihar,Ujiarpur,6,Amrendra Kumar Yadav,Pragatishil Samajwadi Party (Lohia),2181,5,2186
Bihar,Ujiarpur,7,A M Izharul Haque,Sathi Aur Aapka Faisala Party,1840,2,1842
Bihar,Ujiarpur,8,Kumar Gaurav,Jai Prakash Janata Dal,2363,4,2367
Bihar,Ujiarpur,9,Jay Narayan Sah,Bajjikanchal Vikas Party,4722,2,4724
Bihar,Ujiarpur,10,Manoj Kumar,Janta Raj Vikas Party,2362,2,2364
Bihar,Ujiarpur,11,Raj Kumar Chauhan,Bihar Lok Nirman Dal,4237,4,4241
Bihar,Ujiarpur,12,Lalan Kumar Roy,Baliraja Party,7534,1,7535
Bihar,Ujiarpur,13,Allamaa Shiblee Nomanee Halami,Independent,16357,2,16359
Bihar,Ujiarpur,14,Pranav Kumar,Independent,6073,1,6074
Bihar,Ujiarpur,15,Mamta Kumari,Independent,23582,8,23590
Bihar,Ujiarpur,16,MD. Anwar,Independent,13933,1,13934
Bihar,Ujiarpur,17,Ramashray Thakur,Independent,4940,2,4942
Bihar,Ujiarpur,18,Sudhir Kumar Ray,Independent,6831,0,6831
Bihar,Ujiarpur,19,NOTA,None of the Above,14405,29,14434
Bihar,Vaishali,1,Raghuvansh Prasad Singh,Rashtriya Janata Dal,332707,924,333631
Bihar,Vaishali,2,Veena Devi (W/o Dinesh Prasad Singh),Lok Jan Shakti Party,566707,1508,568215
Bihar,Vaishali,3,Shankar Mahto,Bahujan Samaj Party,14269,82,14351
Bihar,Vaishali,4,Amit Vikram,Jantantrik Vikas Party,4530,1,4531
Bihar,Vaishali,5,Dhanvanti Devi,Lok Chetna Dal,2380,4,2384
Bihar,Vaishali,6,Naresh Ram,SOCIALIST UNITY CENTRE OF INDIA (COMMUNIST),3318,9,3327
Bihar,Vaishali,7,Balak Nath Sahani,Rashtriya mahan Gantantra Party,2047,8,2055
Bihar,Vaishali,8,Rameshwar Sah,Rashtriya Pragati Party,2714,4,2718
Bihar,Vaishali,9,Reshami Devi,Bajjikanchal Vikas Party,3764,3,3767
Bihar,Vaishali,10,Vidya Bhushan,Sapaks Party,3975,3,3978
Bihar,Vaishali,11,Satish Kumar Mishra,Rashtriya Jansambhavna Party,6512,6,6518
Bihar,Vaishali,12,Sushma Kumari,Garib Janshakti Party,5747,4,5751
Bihar,Vaishali,13,Abhay Kumar Sharma,Independent,8849,4,8853
Bihar,Vaishali,14,Arvind Kumar Singh,Independent,9212,6,9218
Bihar,Vaishali,15,Abha Rai,Independent,27496,1,27497
Bihar,Vaishali,16,Ismohamad alias Md. Munna,Independent,21855,2,21857
Bihar,Vaishali,17,Pankaj Kumar,Independent,11979,2,11981
Bihar,Vaishali,18,Rinkoo Devi,Independent,16734,4,16738
Bihar,Vaishali,19,Laljee Kumar Rakesh,Independent,5535,0,5535
Bihar,Vaishali,20,Beena Devi (W/o Ajit Kumar Ray),Independent,3249,5,3254
Bihar,Vaishali,21,Sudha Rani,Independent,2684,7,2691
Bihar,Vaishali,22,Suresh Kumar Gupta,Independent,6662,1,6663
Bihar,Vaishali,23,NOTA,None of the Above,9176,41,9217
Bihar,Valmiki Nagar,1,DEEPAK YADAV,Bahujan Samaj Party,62816,147,62963
Bihar,Valmiki Nagar,2,BAIDYANATH PRASAD MAHTO,Janata Dal (United),601227,1433,602660
Bihar,Valmiki Nagar,3,SHASHWAT KEDAR,Indian National Congress,247319,725,248044
Bihar,Valmiki Nagar,4,DURGESH SINGH CHAUHAN,Bihar Lok Nirman Dal,7914,3,7917
Bihar,Valmiki Nagar,5,BHOLA RAY,Suheldev Bharatiya Samaj Party,7866,5,7871
Bihar,Valmiki Nagar,6,MANOJ KUMAR,Janhit Kisan Party,4170,5,4175
Bihar,Valmiki Nagar,7,RAKESH KEWAT,Rashtriya Hind Sena,12805,6,12811
Bihar,Valmiki Nagar,8,RAJESH KUSHWAHA,Rashtriya Sarvjan Vikas Party,4578,5,4583
Bihar,Valmiki Nagar,9,SHIV KUMAR CHAUDHARY,Bharatiya Bahujan Congress,4823,2,4825
Bihar,Valmiki Nagar,10,SUSHMA DEVI,Shivsena,11896,37,11933
Bihar,Valmiki Nagar,11,MUNNA SINGH,Independent,6133,3,6136
Bihar,Valmiki Nagar,12,RAMESH PRASAD,Independent,8961,3,8964
Bihar,Valmiki Nagar,13,SURESH SAH,Independent,14869,1,14870
Bihar,Valmiki Nagar,14,NOTA,None of the Above,34311,27,34338
Chandigarh,CHANDIGARH,1,KIRRON KHER,Bharatiya Janata Party,230967,221,231188
Chandigarh,CHANDIGARH,2,PAWAN KUMAR BANSAL,Indian National Congress,184117,101,184218
Chandigarh,CHANDIGARH,3,PARVEEN KUMAR,Bahujan Samaj Party,7391,5,7396
Chandigarh,CHANDIGARH,4,AVINASH SINGH SHARMA,Chandigarh Ki Aawaz Party,3182,4,3186
Chandigarh,CHANDIGARH,5,GURMAIL SINGH,All India Forward Bloc,164,0,164
Chandigarh,CHANDIGARH,6,JAGDISH KUMAR NIDAN,Hindustan Shakti Sena,365,0,365
Chandigarh,CHANDIGARH,7,JYOTI,Akhil Bhartiya Apna Dal,209,0,209
Chandigarh,CHANDIGARH,8,NAWAB ALI,Rashtriya Lokswaraj Party,158,0,158
Chandigarh,CHANDIGARH,9,BHUPINDER KAUR,Sarvjan Sewa Party,143,0,143
Chandigarh,CHANDIGARH,10,MUKESH PACHARA,Ambedkar National Congress,245,0,245
Chandigarh,CHANDIGARH,11,YOGRAJ SAHOTA,Rashtriya Jankranti Party,194,0,194
Chandigarh,CHANDIGARH,12,RAMNEET,Bhartiya Kisan Party,285,0,285
Chandigarh,CHANDIGARH,13,LASHKAR SINGH,Communist Party of India (Marxist-Leninist) Red Star,377,0,377
Chandigarh,CHANDIGARH,14,SHAMBHU,Samaj Adhikar Kalyan Party,658,0,658
Chandigarh,CHANDIGARH,15,SHARMILA JOHARI,Bharat Prabhat Party,531,0,531
Chandigarh,CHANDIGARH,16,SATYBIR SINGH,Bhartiya Manavadhikaar Federal Party,1578,0,1578
Chandigarh,CHANDIGARH,17,SANDEEP BIDLA,Bahujan Mukti Party,919,1,920
Chandigarh,CHANDIGARH,18,SATISH KUMAR,Janral Samaj Party,486,0,486
Chandigarh,CHANDIGARH,19,SARABJEET SINGH SOHAL,Bhartiya Rashtrawadi Party,461,0,461
Chandigarh,CHANDIGARH,20,SANJAY BALAAN,Bhartiya Jan Samman Party,452,0,452
Chandigarh,CHANDIGARH,21,SUBHASH CHANDER GOYAL,Republican Party of India (A),212,0,212
Chandigarh,CHANDIGARH,22,SUBHASH TAMOLI,Bahujan Samaj Party (Ambedkar),312,0,312
Chandigarh,CHANDIGARH,23,HARMOHAN DHAWAN,Aam Aadmi Party,13767,14,13781
Chandigarh,CHANDIGARH,24,AKHLESH KUMAR,Independent,206,0,206
Chandigarh,CHANDIGARH,25,UDAY RAJ,Independent,156,0,156
Chandigarh,CHANDIGARH,26,KARAN VASUDEVA,Independent,136,0,136
Chandigarh,CHANDIGARH,27,TEJINDER SINGH WALIA,Independent,319,1,320
Chandigarh,CHANDIGARH,28,DEVI SIROHI,Independent,428,0,428
Chandigarh,CHANDIGARH,29,NIDHI KANSAL,Independent,569,0,569
Chandigarh,CHANDIGARH,30,PREM LATA,Independent,212,0,212
Chandigarh,CHANDIGARH,31,BOOTA SINGH,Independent,392,0,392
Chandigarh,CHANDIGARH,32,MANJEET SINGH BOHAT,Independent,1062,0,1062
Chandigarh,CHANDIGARH,33,YOGESH DHINGRA,Independent,731,0,731
Chandigarh,CHANDIGARH,34,RAJ KAMAL SINGH,Independent,289,0,289
Chandigarh,CHANDIGARH,35,RAM KUMAR,Independent,101,0,101
Chandigarh,CHANDIGARH,36,SUNITA,Independent,112,0,112
Chandigarh,CHANDIGARH,37,NOTA,None of the Above,4321,14,4335
Chhattisgarh,BASTAR,1,AAYTU RAM MANDAVI,Bahujan Samaj Party,30422,27,30449
Chhattisgarh,BASTAR,2,DEEPAK BAIJ,Indian National Congress,401539,988,402527
Chhattisgarh,BASTAR,3,BAIDU RAM KASHYAP,Bharatiya Janata Party,361727,1818,363545
Chhattisgarh,BASTAR,4,RAMU RAM MOURYA,Communist Party of India,38388,7,38395
Chhattisgarh,BASTAR,5,PANEESH PRASAD NAG,Ambedkarite Party of India,12404,17,12421
Chhattisgarh,BASTAR,6,MANGALARAM KARMA,Akhil Bharat Samagra Kranti Party,9910,2,9912
Chhattisgarh,BASTAR,7,SURESH KAWASI,Shivsena,13929,1,13930
Chhattisgarh,BASTAR,8,NOTA,None of the Above,41656,11,41667
Chhattisgarh,BILASPUR,1,ATAL SHRIVASTAV,Indian National Congress,492185,611,492796
Chhattisgarh,BILASPUR,2,ARUN SAO,Bharatiya Janata Party,633268,1291,634559
Chhattisgarh,BILASPUR,3,UTTAM DAS GUROO GOSAI,Bahujan Samaj Party,21088,92,21180
Chhattisgarh,BILASPUR,4,NAND KISHORE RAJ,Gondvana Gantantra Party,5242,17,5259
Chhattisgarh,BILASPUR,5,POORAN LAL CHHABARIYA,Swabhiman Party,964,2,966
Chhattisgarh,BILASPUR,6,YAMAN BANJARE,Bhartiya Kisan Party,892,4,896
Chhattisgarh,BILASPUR,7,RAMKUMAR GHATLAHARE,Bhartiya Lokmat Rashtrwadi Party,823,3,826
Chhattisgarh,BILASPUR,8,EG. RAMFAL MANDREY,Ambedkarite Party of India,2478,4,2482
Chhattisgarh,BILASPUR,9,SHAMBHU PRASAD SHARMA,Bharat Bhoomi Party,1959,1,1960
Chhattisgarh,BILASPUR,10,SIDDHRAM LAHARE,Rashtriya Jansabha Party,1309,2,1311
Chhattisgarh,BILASPUR,11,SANTOSH KAUSHAL,Shivsena,1863,2,1865
Chhattisgarh,BILASPUR,12,"SANDEEP TIWARI ""RAJ""",Bhartiya Sarvjan Hitey Samaj Party,1851,1,1852
Chhattisgarh,BILASPUR,13,SANDEEP SINGH PORTE,Adhikar Vikas Party,2198,3,2201
Chhattisgarh,BILASPUR,14,ARUNKUMAR SAHU,Independent,3279,2,3281
Chhattisgarh,BILASPUR,15,AVISHEK EKKA,Independent,6782,0,6782
Chhattisgarh,BILASPUR,16,ENGINEER INDRASEN MOGRE,Independent,11982,0,11982
Chhattisgarh,BILASPUR,17,URMILA TIWARI,Independent,4979,0,4979
Chhattisgarh,BILASPUR,18,DUJ RAM SAHU,Independent,3504,1,3505
Chhattisgarh,BILASPUR,19,BALDAU PRASAD SAHU,Independent,800,1,801
Chhattisgarh,BILASPUR,20,RAJU KHATIK URPH LALU,Independent,543,0,543
Chhattisgarh,BILASPUR,21,VIDYA SAHU,Independent,744,4,748
Chhattisgarh,BILASPUR,22,SALIK RAM JOGI,Independent,645,0,645
Chhattisgarh,BILASPUR,23,HARISH CHANDRA SAHU,Independent,1257,1,1258
Chhattisgarh,BILASPUR,24,HARISH KUMAR MANDWA,Independent,946,0,946
Chhattisgarh,BILASPUR,25,HORILAL ANANT,Independent,1446,0,1446
Chhattisgarh,BILASPUR,26,NOTA,None of the Above,4356,9,4365
Chhattisgarh,DURG,1,GEETANJALI SINGH,Bahujan Samaj Party,20071,53,20124
Chhattisgarh,DURG,2,PRATIMA CHANDRAKAR,Indian National Congress,456793,603,457396
Chhattisgarh,DURG,3,VIJAY BAGHEL,Bharatiya Janata Party,847445,1929,849374
Chhattisgarh,DURG,4,ANURAG SINGH,Bhartiya Kisan Party,5432,3,5435
Chhattisgarh,DURG,5,AATMA RAM SAHU,SOCIALIST UNITY CENTRE OF INDIA (COMMUNIST),2218,3,2221
Chhattisgarh,DURG,6,KAMLESH KUMAR NAGARCHI,Shivsena,1095,2,1097
Chhattisgarh,DURG,7,TRESSA DAVID,India Praja Bandhu Party,797,0,797
Chhattisgarh,DURG,8,PITAMBAR LAL NISHAD,Bharat Prabhat Party,775,0,775
Chhattisgarh,DURG,9,FARID MOHAMMAD QURAISHI,Gondvana Gantantra Party,918,1,919
Chhattisgarh,DURG,10,MALIK RAM THAKUR,Ambedkarite Party of India,1977,5,1982
Chhattisgarh,DURG,11,RAJ KUMAR GUPTA ADVOCATE,Chhattisgarh Swabhiman Manch,1519,3,1522
Chhattisgarh,DURG,12,RAJESH KUMAR DUBEY,Bhartiya Shakti Chetna Party,2110,4,2114
Chhattisgarh,DURG,13,SEVAKRAM BANJARE,Rashtriya Jansabha Party,4067,5,4072
Chhattisgarh,DURG,14,HIDAR BHATI,Sarvadharam Party (Madhya Pradesh),12107,0,12107
Chhattisgarh,DURG,15,ANOOP KUMAR PANDEY,Independent,7958,1,7959
Chhattisgarh,DURG,16,ARUN KUMAR JOSHI,Independent,6752,1,6753
Chhattisgarh,DURG,17,POKHRAJ MESHRAM,Independent,3177,0,3177
Chhattisgarh,DURG,18,PRAVEEN TIWARI,Independent,3466,0,3466
Chhattisgarh,DURG,19,MANOJ GAYKWAD CHHATTISGARHIYA,Independent,4011,1,4012
Chhattisgarh,DURG,20,GURU DADA LOKESH,Independent,1420,0,1420
Chhattisgarh,DURG,21,SUNIL KUMAR MARKANDEY,Independent,1003,0,1003
Chhattisgarh,DURG,22,NOTA,None of the Above,4250,21,4271
Chhattisgarh,JANJGIR-CHAMPA,1,GUHARAM AJGALLEY,Bharatiya Janata Party,570486,2304,572790
Chhattisgarh,JANJGIR-CHAMPA,2,DAURAM RATNAKAR,Bahujan Samaj Party,130576,811,131387
Chhattisgarh,JANJGIR-CHAMPA,3,RAVI PARASRAM BHARDWAJ,Indian National Congress,488051,1484,489535
Chhattisgarh,JANJGIR-CHAMPA,4,ASHISH RATRE,Peoples Party of India (Democratic),6237,3,6240
Chhattisgarh,JANJGIR-CHAMPA,5,NARESH KUMAR DAHARIYA,Rashtriya Gondvana Party,1847,3,1850
Chhattisgarh,JANJGIR-CHAMPA,6,NARESH BAI JANGDE,Shivsena,1823,3,1826
Chhattisgarh,JANJGIR-CHAMPA,7,NITESH KUMAR RATRE,Sunder Samaj Party,2565,3,2568
Chhattisgarh,JANJGIR-CHAMPA,8,BHOJRAM BANJARE,Rashtriya Jansabha Party,1756,3,1759
Chhattisgarh,JANJGIR-CHAMPA,9,LAKHAN LAL CHAUHAN ALIAS LAKHALA DANAV,Bahujan Mukti Party,1789,2,1791
Chhattisgarh,JANJGIR-CHAMPA,10,VRINDA CHAUHAN,Chhattisgarh Vikas Ganga Rashtriya Party,2184,3,2187
Chhattisgarh,JANJGIR-CHAMPA,11,SHANTI KUMAR RATRE,Gondvana Gantantra Party,2777,7,2784
Chhattisgarh,JANJGIR-CHAMPA,12,SITA CHAUHAN,Bhartiya Shakti Chetna Party,3865,11,3876
Chhattisgarh,JANJGIR-CHAMPA,13,SEEMA AJAY,Ambedkarite Party of India,7830,1,7831
Chhattisgarh,JANJGIR-CHAMPA,14,ASHARAM RATNAKAR,Independent,6465,2,6467
Chhattisgarh,JANJGIR-CHAMPA,15,DR. UDAY RATRE,Independent,4777,1,4778
Chhattisgarh,JANJGIR-CHAMPA,16,NOTA,None of the Above,9952,29,9981
Chhattisgarh,KANKER,1,BIRESH THAKUR,Indian National Congress,537999,1320,539319
Chhattisgarh,KANKER,2,MOHAN MANDAVI,Bharatiya Janata Party,543376,2857,546233
Chhattisgarh,KANKER,3,SUBE SINGH DHURVA,Bahujan Samaj Party,10088,36,10124
Chhattisgarh,KANKER,4,UMASHANKAR BHANDARI,Shivsena,3417,20,3437
Chhattisgarh,KANKER,5,GHANSHYAM JURRI,Gondvana Gantantra Party,4391,80,4471
Chhattisgarh,KANKER,6,DURGAPRASAD THAKUR,Ambedkarite Party of India,6095,8,6103
Chhattisgarh,KANKER,7,MATHAN SINGH MARKAM,Bhartiya Shakti Chetna Party,5574,12,5586
Chhattisgarh,KANKER,8,NAREND NAG,Independent,5750,8,5758
Chhattisgarh,KANKER,9,HARISINGH SIDAR,Independent,11447,2,11449
Chhattisgarh,KANKER,10,NOTA,None of the Above,26692,21,26713
Chhattisgarh,KORBA,1,JYOTI NAND DUBEY,Bharatiya Janata Party,495960,1101,497061
Chhattisgarh,KORBA,2,JYOTSNA CHARANDAS MAHANT,Indian National Congress,522771,639,523410
Chhattisgarh,KORBA,3,PARMIT SINGH,Bahujan Samaj Party,15841,39,15880
Chhattisgarh,KORBA,4,CHANDRA BHUSHAN KANWAR ADHIVAKTA L L M,Ambedkarite Party of India,3955,10,3965
Chhattisgarh,KORBA,5,TULESHWAR HIRASINGH MARKAM,Gondvana Gantantra Party,37371,46,37417
Chhattisgarh,KORBA,6,RAJ KUMAR YADAV,Bhartiya Panchyat Party,1984,2,1986
Chhattisgarh,KORBA,7,RAJESH PANDEY,Bharat Bhoomi Party,3084,1,3085
Chhattisgarh,KORBA,8,LILAMBAR SINGH,Bhartiya Tribal Party,2910,0,2910
Chhattisgarh,KORBA,9,SUMAN LAL KHANDE,Rashtriya Jansabha Party,2982,5,2987
Chhattisgarh,KORBA,10,DEEPAK SAHU,Independent,3700,3,3703
Chhattisgarh,KORBA,11,PRAMOD KUMAR SHARMA,Independent,4797,1,4798
Chhattisgarh,KORBA,12,RAMDAYAL URAON,Independent,6795,6,6801
Chhattisgarh,KORBA,13,LAKHAN LAL DEWANGAN,Independent,13694,1,13695
Chhattisgarh,KORBA,14,NOTA,None of the Above,19292,13,19305
Chhattisgarh,MAHASAMUND,1,CHUNNI LAL SAHU,Bharatiya Janata Party,614924,1656,616580
Chhattisgarh,MAHASAMUND,2,DHANSING KOSARIYA,Bahujan Samaj Party,11214,31,11245
Chhattisgarh,MAHASAMUND,3,DHANENDRA SAHU,Indian National Congress,525229,840,526069
Chhattisgarh,MAHASAMUND,4,ASHOK SONI,Ambedkarite Party of India,7729,4,7733
Chhattisgarh,MAHASAMUND,5,COMRADE BHOJLAL NETAM,Communist Party of India (Marxist-Leninist) Red Star,2259,4,2263
Chhattisgarh,MAHASAMUND,6,ROHIT KUMAR KOSRE,Rashtriya Jansabha Party,1316,1,1317
Chhattisgarh,MAHASAMUND,7,DR. VIRENDRA CHOUDHARY,Bhartiya Shakti Chetna Party,2537,1,2538
Chhattisgarh,MAHASAMUND,8,KHILAWAN SINGH DHRUW,Independent,2244,6,2250
Chhattisgarh,MAHASAMUND,9,CHAMPALAL PATEL GURUJI,Independent,1938,3,1941
Chhattisgarh,MAHASAMUND,10,JAGMOHAN BHAGWAT KOSARIYA,Independent,2243,1,2244
Chhattisgarh,MAHASAMUND,11,TARUN KUMAR DADSENA,Independent,4180,1,4181
Chhattisgarh,MAHASAMUND,12,DEVENDAR SINGH THAKUR (RAJPUT),Independent,15488,3,15491
Chhattisgarh,MAHASAMUND,13,SANTOSH BANJARE,Independent,7241,1,7242
Chhattisgarh,MAHASAMUND,14,NOTA,None of the Above,21218,23,21241
Chhattisgarh,RAIGARH,1,INNOCENT KUJUR,Bahujan Samaj Party,26491,105,26596
Chhattisgarh,RAIGARH,2,GOMATI SAI,Bharatiya Janata Party,656939,1396,658335
Chhattisgarh,RAIGARH,3,LALJEET SINGH RATHIA,Indian National Congress,590690,1618,592308
Chhattisgarh,RAIGARH,4,AMRIT TIRKEY,Pragatishil Samajwadi Party (Lohia),8847,40,8887
Chhattisgarh,RAIGARH,5,KRIPASHANKAR BHAGAT,Bhartiya Tribal Party,2568,23,2591
Chhattisgarh,RAIGARH,6,JAI SINGH SIDAR,Gondvana Gantantra Party,2533,12,2545
Chhattisgarh,RAIGARH,7,JYOTI BHAGAT,Kisan Mazdoor Sangharsh Party,1843,11,1854
Chhattisgarh,RAIGARH,8,RAVISHANKAR SIDAR,Ambedkarite Party of India,3999,7,4006
Chhattisgarh,RAIGARH,9,VIJAY LAKARA,Shivsena,3339,8,3347
Chhattisgarh,RAIGARH,10,VIR KUMAR TIGGA,Bahujan Mukti Party,2829,6,2835
Chhattisgarh,RAIGARH,11,TARIKA TARANGINI URAON,Independent,5697,16,5713
Chhattisgarh,RAIGARH,12,TEJRAM SIDAR,Independent,5655,1,5656
Chhattisgarh,RAIGARH,13,NAVAL KISHOR RATHIA,Independent,9556,4,9560
Chhattisgarh,RAIGARH,14,PRAKASH KUMAR URANW,Independent,10157,5,10162
Chhattisgarh,RAIGARH,15,NOTA,None of the Above,15720,9,15729
Chhattisgarh,RAIPUR,1,Khilesh Kumar Sahu Alias Khileshwar,Bahujan Samaj Party,10520,77,10597
Chhattisgarh,RAIPUR,2,Pramod Dubey,Indian National Congress,488515,1149,489664
Chhattisgarh,RAIPUR,3,Sunil Kumar Soni,Bharatiya Janata Party,836211,1691,837902
Chhattisgarh,RAIPUR,4,Ajay Chakole,Gondvana Gantantra Party,4418,4,4422
Chhattisgarh,RAIPUR,5,Ikram Saifi,Ambedkarite Party of India,1493,2,1495
Chhattisgarh,RAIPUR,6,Chhabi Lal Kanwar,Bhartiya Shakti Chetna Party,812,5,817
Chhattisgarh,RAIPUR,7,Tameshwar Sahu,Bhartiya Kisan Party,762,0,762
Chhattisgarh,RAIPUR,8,Devki Dubey (Sandhya),Republican Party of India (A),787,1,788
Chhattisgarh,RAIPUR,9,Devendra Kumar Patil,SOCIALIST UNITY CENTRE OF INDIA (COMMUNIST),1469,0,1469
Chhattisgarh,RAIPUR,10,Banmali Chhura,Bharatiya Bahujan Party,1069,0,1069
Chhattisgarh,RAIPUR,11,Dr. Yogita Bajpai,Sarvodaya Bharat Party,1208,2,1210
Chhattisgarh,RAIPUR,12,Vijay Kumar Kurre,Rashtriya Jansabha Party,1742,2,1744
Chhattisgarh,RAIPUR,13,Advocate Shailendra Kumar Banjare,Shakti Sena (Bharat Desh),2801,1,2802
Chhattisgarh,RAIPUR,14,Santosh Yadu,Shivsena,9689,1,9690
Chhattisgarh,RAIPUR,15,Tarjan Jangde,Independent,6299,2,6301
Chhattisgarh,RAIPUR,16,Navin Gupta,Independent,5675,1,5676
Chhattisgarh,RAIPUR,17,Pravin Jain,Independent,1936,0,1936
Chhattisgarh,RAIPUR,18,Pritesh Pandey,Independent,3829,0,3829
Chhattisgarh,RAIPUR,19,Manish Shrivastav,Independent,4034,1,4035
Chhattisgarh,RAIPUR,20,Ramkrishna Verma,Independent,671,1,672
Chhattisgarh,RAIPUR,21,Ramdyal Dahariya,Independent,467,0,467
Chhattisgarh,RAIPUR,22,Rupesh Sahu,Independent,473,0,473
Chhattisgarh,RAIPUR,23,Shankar Lal Vardani,Independent,887,0,887
Chhattisgarh,RAIPUR,24,Sanju Kumar Yadav,Independent,1660,1,1661
Chhattisgarh,RAIPUR,25,Santosh Sahu,Independent,1588,2,1590
Chhattisgarh,RAIPUR,26,NOTA,None of the Above,4276,16,4292
Chhattisgarh,RAJNANDGAON,1,BHOLA RAM SAHU,Indian National Congress,549410,1011,550421
Chhattisgarh,RAJNANDGAON,2,RAVITA LAKRA (DHRUV),Bahujan Samaj Party,17105,40,17145
Chhattisgarh,RAJNANDGAON,3,SANTOSH PANDEY,Bharatiya Janata Party,660956,1431,662387
Chhattisgarh,RAJNANDGAON,4,AJAY PALI (BABA),Shivsena,8364,2,8366
Chhattisgarh,RAJNANDGAON,5,DR. GOJUPAL,Republican Party of India (A),1773,0,1773
Chhattisgarh,RAJNANDGAON,6,PRATIMA SANTOSH WASHNIK,Republican Paksha (Khoripa),1504,2,1506
Chhattisgarh,RAJNANDGAON,7,MAHENDRA KUMAR SAHU,Forward Democratic Labour Party,1518,1,1519
Chhattisgarh,RAJNANDGAON,8,VISHWANATH SINGH PORTE,Gondvana Gantantra Party,3802,15,3817
Chhattisgarh,RAJNANDGAON,9,BAIDYA SHEKHU RAM VERMA (GURUJI),Ambedkarite Party of India,4293,4,4297
Chhattisgarh,RAJNANDGAON,10,KAMINI SAHU,Independent,2442,3,2445
Chhattisgarh,RAJNANDGAON,11,KRANTI GUPTA,Independent,3710,3,3713
Chhattisgarh,RAJNANDGAON,12,RAMKHILAWAN DAHARIYA,Independent,5065,3,5068
Chhattisgarh,RAJNANDGAON,13,SACHCHIDANAND KAUSHIK,Independent,12472,0,12472
Chhattisgarh,RAJNANDGAON,14,SUDESH TIKAM,Independent,12659,9,12668
Chhattisgarh,RAJNANDGAON,15,NOTA,None of the Above,19423,13,19436
Chhattisgarh,SARGUJA,1,Khel Sai Singh,Indian National Congress,504927,911,505838
Chhattisgarh,SARGUJA,2,Maya Bhagat,Bahujan Samaj Party,18489,45,18534
Chhattisgarh,SARGUJA,3,Renuka Singh Saruta,Bharatiya Janata Party,662428,1283,663711
Chhattisgarh,SARGUJA,4,Asha Devi Poya,Gondvana Gantantra Party,24439,24,24463
Chhattisgarh,SARGUJA,5,Guman Singh Poya,Ambedkarite Party of India,5386,2,5388
Chhattisgarh,SARGUJA,6,Chandradeep Singh Korcho,Rashtriya Jansabha Party,3711,1,3712
Chhattisgarh,SARGUJA,7,Pawan Kumar Nag,Bahujan Mukti Party,4141,2,4143
Chhattisgarh,SARGUJA,8,Mohan Singh Tekam,Shivsena,7158,3,7161
Chhattisgarh,SARGUJA,9,Ramnath Cherwa,Shoshit Samaj Dal,9056,4,9060
Chhattisgarh,SARGUJA,10,Palsay Uranv,Independent,9404,10,9414
Chhattisgarh,SARGUJA,11,NOTA,None of the Above,29253,12,29265
Dadra & Nagar Haveli,Dadra And Nagar Haveli,1,TOKIYA PRABHUBHAI,Indian National Congress,8608,0,8608
Dadra & Nagar Haveli,Dadra And Nagar Haveli,2,DONGARKAR ISHWARBHAI GOPJIBHAI,Bahujan Samaj Party,948,0,948
Dadra & Nagar Haveli,Dadra And Nagar Haveli,3,PATEL NATUBHAI GOMANBHAI,Bharatiya Janata Party,81384,36,81420
Dadra & Nagar Haveli,Dadra And Nagar Haveli,4,JANATHIYA PRAVINBHAI LADAKBHAI,Bahujan Mukti Party,1596,0,1596
Dadra & Nagar Haveli,Dadra And Nagar Haveli,5,PATEL ANKITA AMRUTBHAI,Shivsena,4000,0,4000
Dadra & Nagar Haveli,Dadra And Nagar Haveli,6,BHIKHLABHAI VANSABHAI KHULAT,Bhartiya Tribal Party,843,0,843
Dadra & Nagar Haveli,Dadra And Nagar Haveli,7,HALPATI RAJESHBHAI BHANABHAI,Navsarjan Bharat Party,1160,0,1160
Dadra & Nagar Haveli,Dadra And Nagar Haveli,8,KURADA DEEPAKBHAI,Independent,3630,0,3630
Dadra & Nagar Haveli,Dadra And Nagar Haveli,9,DELKAR MOHANBHAI SANJIBHAI,Independent,90399,22,90421
Dadra & Nagar Haveli,Dadra And Nagar Haveli,10,DAYAT MANOJ RANCHOD,Independent,2287,0,2287
Dadra & Nagar Haveli,Dadra And Nagar Haveli,11,PATEL DHIRUBHAI CHHOTUBHAI,Independent,1120,0,1120
Dadra & Nagar Haveli,Dadra And Nagar Haveli,12,NOTA,None of the Above,2950,0,2950
Daman & Diu,Daman & diu,1,KETAN DAHYABHAI PATEL,Indian National Congress,27643,12,27655
Daman & Diu,Daman & diu,2,LALUBHAI BABUBHAI PATEL,Bharatiya Janata Party,37586,11,37597
Daman & Diu,Daman & diu,3,SAKIL LATIF KHAN,Bahujan Samaj Party,790,2,792
Daman & Diu,Daman & diu,4,PATEL UMESHBHAI BABUBHAI,Independent,19935,3,19938
Daman & Diu,Daman & diu,5,NOTA,None of the Above,1487,0,1487
Goa,North Goa,1,GIRISH RAYA CHODANKAR,Indian National Congress,164407,190,164597
Goa,North Goa,2,SHRIPAD YESSO NAIK,Bharatiya Janata Party,244034,810,244844
Goa,North Goa,3,AMIT ATMARAM KORGAONKAR,Republican Party of India (Kamble),2804,5,2809
Goa,North Goa,4,DATTATRAYA PADGAONKAR,Aam Aadmi Party,4748,8,4756
Goa,North Goa,5,AISHWARYA ARJUN SALGAONKAR,Independent,2124,3,2127
Goa,North Goa,6,BHAGAWANT SADANAND KAMAT,Independent,2430,2,2432
Goa,North Goa,7,NOTA,None of the Above,7047,16,7063
Goa,South Goa,1,COSME FRANCISCO CAITANO SARDINHA,Indian National Congress,201279,282,201561
Goa,South Goa,2,ADV. NARENDRA SAWAIKAR,Bharatiya Janata Party,191205,601,191806
Goa,South Goa,3,ELVIS GOMES,Aam Aadmi Party,20876,15,20891
Goa,South Goa,4,RAKHI AMIT NAIK,Shivsena,1761,2,1763
Goa,South Goa,5,DR. KALIDAS PRAKASH VAINGANKAR,Independent,1412,1,1413
Goa,South Goa,6,MAYUR KHANCONKAR,Independent,1705,0,1705
Goa,South Goa,7,NOTA,None of the Above,5419,17,5436
Gujarat,Ahmedabad East,1,Gitaben Patel,Indian National Congress,312883,2621,315504
Gujarat,Ahmedabad East,2,Patel Hasmukhbhai Somabhai,Bharatiya Janata Party,745810,4024,749834
Gujarat,Ahmedabad East,3,Vaghela Ganeshbhai Narsinhbhai,Bahujan Samaj Party,8970,151,9121
Gujarat,Ahmedabad East,4,Kadri Mohammad Sabir,Ambedkar National Congress,625,3,628
Gujarat,Ahmedabad East,5,Chauhan Narendrasinh Makhatulsinh,Yuva Jan Jagriti Party,576,13,589
Gujarat,Ahmedabad East,6,Thakur Jitendrasinh Surendrasinh,Loktantrik Rashrtavadi Party,699,6,705
Gujarat,Ahmedabad East,7,Bhatt Sunilkumar Narendrabhai,Right to Recall Party,701,3,704
Gujarat,Ahmedabad East,8,Manoj Premchand Gupta,Sarvodaya Bharat Party,602,2,604
Gujarat,Ahmedabad East,9,Mishra Arjun Ramshankar,Jan Sangharsh Virat Party,818,3,821
Gujarat,Ahmedabad East,10,Mundra Anilkumar,Lok Gathbandhan Party,625,10,635
Gujarat,Ahmedabad East,11,Rajesh Maurya,Prajatantra Aadhar Party,1332,14,1346
Gujarat,Ahmedabad East,12,Virat Pradip Shah,Jan Satya Path Party,898,1,899
Gujarat,Ahmedabad East,13,Vekariya Rushi Bharatbhai (Patel),Hindusthan Nirman Dal,1644,5,1649
Gujarat,Ahmedabad East,14,Samirbhai Rajeshkumar Upadhyay,Manvadhikar National Party,1271,1,1272
Gujarat,Ahmedabad East,15,Dr. Hitesh Mahendrabhai,Nirbhay Bharteey Party,2442,7,2449
Gujarat,Ahmedabad East,16,Atulbhai Nanubhai Kathiriya,Independent,6081,1,6082
Gujarat,Ahmedabad East,17,Chauhan Kiritbhai,Independent,3547,1,3548
Gujarat,Ahmedabad East,18,Jayswal Nareshkumar Babulal (Raju Mataji),Independent,2509,8,2517
Gujarat,Ahmedabad East,19,Devda Dasharath Misarilal,Independent,1392,3,1395
Gujarat,Ahmedabad East,20,Pareshkumar Nanubhai Mulani,Independent,457,1,458
Gujarat,Ahmedabad East,21,Bharvad Saileshkumar Kalidas,Independent,572,1,573
Gujarat,Ahmedabad East,22,Mahesh Prabhudas Ahuja,Independent,1789,2,1791
Gujarat,Ahmedabad East,23,Mishra Rajkumar Malekchand,Independent,529,5,534
Gujarat,Ahmedabad East,24,Minaxiben Rakeshkumar Solanki,Independent,888,10,898
Gujarat,Ahmedabad East,25,Sharma Brijesh Kumar Ujagarlal,Independent,1337,0,1337
Gujarat,Ahmedabad East,26,Sheikh Salmabanu Mohammad Salim,Independent,1465,1,1466
Gujarat,Ahmedabad East,27,NOTA,None of the Above,8834,174,9008
Gujarat,Ahmedabad West,1,DR. KIRIT P. SOLANKI,Bharatiya Janata Party,638241,3381,641622
Gujarat,Ahmedabad West,2,TRIBHOVANDAS KARSANDAS VAGHELA,Bahujan Samaj Party,9909,119,10028
Gujarat,Ahmedabad West,3,RAJU PARMAR,Indian National Congress,317797,2279,320076
Gujarat,Ahmedabad West,4,CHAUHAN HARISHBHAI JETHABHAI,Rashtriya Power Party,2059,4,2063
Gujarat,Ahmedabad West,5,JADAV ULPESH JAYANTILAL,Peoples Party of India (Democratic),723,2,725
Gujarat,Ahmedabad West,6,DIPIKA JITENDRAKUMAR SUTARIA,Manvadhikar National Party,608,7,615
Gujarat,Ahmedabad West,7,VAGHELA ASHWINBHAI AMRUTBHAI,Bhartiya Tribal Party,1376,19,1395
Gujarat,Ahmedabad West,8,VEDUBHAI KAUTIKBHAI SIRASAT,Ambedkarite Party of India,1052,3,1055
Gujarat,Ahmedabad West,9,SOLANKI CHIRAGBHAI SOMABHAI,Jan Satya Path Party,522,2,524
Gujarat,Ahmedabad West,10,HARSHADKUMAR LAXMANBHAI SOLANKI,Right to Recall Party,613,8,621
Gujarat,Ahmedabad West,11,BHITORA BHAVESH CHIMANBHAI,Independent,808,2,810
Gujarat,Ahmedabad West,12,MALHOTRA PANKAJKUMAR DAYABHAI (DOCTOR SAHEB),Independent,1416,4,1420
Gujarat,Ahmedabad West,13,MAHEDIA MAHENDRABHAI PARSOTTAMDAS,Independent,1347,4,1351
Gujarat,Ahmedabad West,14,NOTA,None of the Above,14580,139,14719
Gujarat,Amreli,1,Kachhadiya Naranbhai Bhikhabhai,Bharatiya Janata Party,527593,1442,529035
Gujarat,Amreli,2,Chauhan Ravjibhai Mulabhai,Bahujan Samaj Party,9664,27,9691
Gujarat,Amreli,3,Paresh Dhanani,Indian National Congress,326781,823,327604
Gujarat,Amreli,4,Dhapa Dharamshibhai Ramjibhai,Vyavastha Parivartan Party,4731,16,4747
Gujarat,Amreli,5,R.S. Gosai,Independent,1762,1,1763
Gujarat,Amreli,6,Chauhan Dayabhai Bhagvanbhai,Independent,1551,2,1553
Gujarat,Amreli,7,Jerambhai R. Parmar,Independent,982,4,986
Gujarat,Amreli,8,Dayala Shubhashbhai Parabatbhai,Independent,1411,2,1413
Gujarat,Amreli,9,Nathalal Sukhadiya,Independent,2204,3,2207
Gujarat,Amreli,10,Mehta Nanalal Kalidas,Independent,2332,4,2336
Gujarat,Amreli,11,Valodara Vrajlal Jivabhai,Independent,5331,1,5332
Gujarat,Amreli,12,Himmat Bagda,Independent,4926,7,4933
Gujarat,Amreli,13,NOTA,None of the Above,17513,54,17567
Gujarat,Anand,1,PATEL MITESH RAMESHBHAI (BAKABHAI),Bharatiya Janata Party,631581,1516,633097
Gujarat,Anand,2,BHARATBHAI MADHAVSINH SOLANKI,Indian National Congress,434006,1373,435379
Gujarat,Anand,3,VANKAR RAMESHBHAI VALJIBHAI,Bahujan Samaj Party,5935,24,5959
Gujarat,Anand,4,BHATT ASHISHKUMAR MANOJKUMAR,Akhil Bharatiya Jan Sangh,1032,2,1034
Gujarat,Anand,5,BHATT SUNILKUMAR NARENDRABHAI,Right to Recall Party,1154,1,1155
Gujarat,Anand,6,KEYUR PRAVINBHAI PATEL (BAKABHAI),Independent,966,0,966
Gujarat,Anand,7,CHAVDA KAUSHIKKUMAR,Independent,1063,1,1064
Gujarat,Anand,8,BHARATBHAI SOLANKI,Independent,2451,9,2460
Gujarat,Anand,9,SANTOLKUMAR MAHIJIBHAI PATEL (BAKABHAI),Independent,2300,1,2301
Gujarat,Anand,10,HITENDRASINH MOHANSINH PARMAR,Independent,6854,0,6854
Gujarat,Anand,11,NOTA,None of the Above,18365,27,18392
Gujarat,Banaskantha,1,TEJABHAI NETHIBHAI RABARI,Bahujan Samaj Party,11034,54,11088
Gujarat,Banaskantha,2,PARTHIBHAI GALBABHAI BHATOL,Indian National Congress,309446,1366,310812
Gujarat,Banaskantha,3,PARBATBHAI SAVABHAI PATEL,Bharatiya Janata Party,675650,3458,679108
Gujarat,Banaskantha,4,THAKOR MELAJI MADARSINH,Garvi Gujarat Party,6799,10,6809
Gujarat,Banaskantha,5,CHARAMTA BHARATKUMAR KHEMABHAI,Independent,1818,6,1824
Gujarat,Banaskantha,6,DR. CHANDRA BEN,Independent,2252,9,2261
Gujarat,Banaskantha,7,JAGDISHJI PARTHIJI DHARANI,Independent,1491,1,1492
Gujarat,Banaskantha,8,THAKOR SWARUPJI SARDARJI,Independent,48516,118,48634
Gujarat,Banaskantha,9,DESAI ISHVARBHAI MAHADEVBHAI,Independent,1704,5,1709
Gujarat,Banaskantha,10,PADHIYAR BHARATKUMAR ISHVARLAL,Independent,1504,3,1507
Gujarat,Banaskantha,11,PARMAR CHHAGANCHANDRARAJ DHANABHAI,Independent,2512,4,2516
Gujarat,Banaskantha,12,PARSANI IBRAHIMBHAI PIRABHAI,Independent,3678,1,3679
Gujarat,Banaskantha,13,PUROHIT SHYAMABEN NARANBHAI,Independent,11064,5,11069
Gujarat,Banaskantha,14,MADHU NIRUPABEN,Independent,6844,1,6845
Gujarat,Banaskantha,15,NOTA,None of the Above,12658,70,12728
Gujarat,Bardoli,1,CHAUDHARI DR. TUSHARBHAI AMARSINHBHAI,Indian National Congress,524474,2352,526826
Gujarat,Bardoli,2,DINESHBHAI GULABBHAI CHAUDHARI,Bahujan Samaj Party,9504,16,9520
Gujarat,Bardoli,3,PARBHUBHAI NAGARBHAI VASAVA,Bharatiya Janata Party,740448,1825,742273
Gujarat,Bardoli,4,GAMIT KAUSHIKBHAI VIRENDRABHAI,Sardar Vallabhbhai Patel Party,5340,3,5343
Gujarat,Bardoli,5,GAMIT MOHANBHAI BABUBHAI,Bahujan Republican Socialist Party,1691,1,1692
Gujarat,Bardoli,6,GAMIT SURESHBHAI BABUBHAI,Svatantra Bharat Satyagrah Party,1559,13,1572
Gujarat,Bardoli,7,VASAVA UTTAMBHAI SOMABHAI,Bhartiya Tribal Party,11713,68,11781
Gujarat,Bardoli,8,ARVINDBHAI BHANABHAI RATHOD,Independent,1727,3,1730
Gujarat,Bardoli,9,UMEDBHAI BHIMSINGBHAI GAMIT,Independent,5459,10,5469
Gujarat,Bardoli,10,PRAGNESHBHAI RATILAL CHAUDHARI,Independent,3824,4,3828
Gujarat,Bardoli,11,VASAVA FATESINGBHAI VAHRIYABHAI,Independent,8978,1,8979
Gujarat,Bardoli,12,SURESHBHAI MOTIYABHAI CHAUDHARI,Independent,6111,0,6111
Gujarat,Bardoli,13,NOTA,None of the Above,22823,91,22914
Gujarat,Bharuch,1,Mansukhbhai Dhanjibhai Vasava,Bharatiya Janata Party,635374,2421,637795
Gujarat,Bharuch,2,Vasava Rajeshbhai Chimanbhai,Bahujan Samaj Party,6224,11,6235
Gujarat,Bharuch,3,Sherkhan Abdulsakur Pathan,Indian National Congress,302890,691,303581
Gujarat,Bharuch,4,Chhotubhai Amarsinh Vasava,Bhartiya Tribal Party,143093,990,144083
Gujarat,Bharuch,5,Pathan Salimkhan Sadikkhan,Sanyukt Vikas Party,2133,2,2135
Gujarat,Bharuch,6,Vashi Narendrasinh Randhirsinh,Yuva Jan Jagriti Party,808,0,808
Gujarat,Bharuch,7,Sabbirbhai Musabhai Patel,Apna Desh Party,826,0,826
Gujarat,Bharuch,8,Sukhdev Bhikhabhai Vasava,Bahujan Mukti Party,1218,3,1221
Gujarat,Bharuch,9,Ashokchandra Bhikhubhai Parmar,Independent,2845,6,2851
Gujarat,Bharuch,10,Jitendra Parmar (Jitu Chowkidar),Independent,1323,4,1327
Gujarat,Bharuch,11,Patel Imran Umarjibhai,Independent,1510,0,1510
Gujarat,Bharuch,12,Mukhtiyar Abdulrahim Shaikh (BansiMama),Independent,2067,0,2067
Gujarat,Bharuch,13,Vasava Navinbhai Himmatbhai,Independent,8148,7,8155
Gujarat,Bharuch,14,Vikramsinh Dalsukhbhai Gohil,Independent,3831,2,3833
Gujarat,Bharuch,15,Sapa Rafikbhai Sulemanbhai,Independent,3829,0,3829
Gujarat,Bharuch,16,Sindha Kiritsinh Alias Jalamsinh Nathubava,Independent,15110,0,15110
Gujarat,Bharuch,17,Solanki Rajeshbhai Lallubhai,Independent,8037,1,8038
Gujarat,Bharuch,18,NOTA,None of the Above,6244,77,6321
Gujarat,Bhavnagar,1,PATEL MANHARBHAI NAGJIBHAI (VASANI),Indian National Congress,329131,2623,331754
Gujarat,Bhavnagar,2,DR.BHARATIBEN DHIRUBHAI SHIYAL,Bharatiya Janata Party,655272,6001,661273
Gujarat,Bhavnagar,3,VIJAYKUMAR RAMABHAI MAKADIYA,Bahujan Samaj Party,6882,59,6941
Gujarat,Bhavnagar,4,DHAPA DHARAMSHIBHAI RAMJIBHAI,Vyavastha Parivartan Party,7756,80,7836
Gujarat,Bhavnagar,5,RAMDEVSINH BHARATSINH ZALA,Jan Sangharsh Virat Party,2402,107,2509
Gujarat,Bhavnagar,6,SONDHARVA BHARATBHAI KANJIBHAI,Sardar Vallabhbhai Patel Party,1362,1,1363
Gujarat,Bhavnagar,7,CHAUHAN AJAYKUMAR RAMRATANSINH (AMIT CHAUHAN),Independent,1557,4,1561
Gujarat,Bhavnagar,8,CHAMPABEN ZAVERBHAI CHAUHAN,Independent,1822,6,1828
Gujarat,Bhavnagar,9,SITAPARA SAGARBHAI BHURABHAI,Independent,3766,9,3775
Gujarat,Bhavnagar,10,HARESHBHAI BABUBHAI VEGAD (HARABHAI),Independent,6055,1,6056
Gujarat,Bhavnagar,11,NOTA,None of the Above,16115,268,16383
Gujarat,Chhota Udaipur,1,RATHVA GITABEN VAJESINGBHAI,Bharatiya Janata Party,761472,2973,764445
Gujarat,Chhota Udaipur,2,RATHVA FURKANBHAI BALAJIBHAI,Bahujan Samaj Party,14948,16,14964
Gujarat,Chhota Udaipur,3,RATHAVA RANJITSINH MOHANSINH,Indian National Congress,384059,2443,386502
Gujarat,Chhota Udaipur,4,VASAVA RAJESH SOMABHAI,Bhartiya Tribal Party,10519,113,10632
Gujarat,Chhota Udaipur,5,UMESH JANGUBHAI RATHAWA,Independent,3699,11,3710
Gujarat,Chhota Udaipur,6,PRAVINBHAI DHURSINGBHAI RATHVA,Independent,3664,5,3669
Gujarat,Chhota Udaipur,7,RATHVA BHAVSINGBHAI NAMARSINGBHAI,Independent,6884,3,6887
Gujarat,Chhota Udaipur,8,RATHVA MAGANBHAI CHATHIYABHAI,Independent,8781,1,8782
Gujarat,Chhota Udaipur,9,NOTA,None of the Above,32816,52,32868
Gujarat,Dahod,1,KATARA BABUBHAI KHIMABHAI,Indian National Congress,431312,2852,434164
Gujarat,Dahod,2,JASHVANTSINH SUMANBHAI BHABHOR,Bharatiya Janata Party,558977,2783,561760
Gujarat,Dahod,3,BHABHOR DHULABHAI DITABHAI,Bahujan Samaj Party,11329,10,11339
Gujarat,Dahod,4,KALARA RAMSINGBHAI NANJIBHAI,Hindusthan Nirman Dal,3835,1,3836
Gujarat,Dahod,5,JAGDISHBHAI MANILAL MEDA,Bharatiya National Janta Dal,3821,3,3824
Gujarat,Dahod,6,DAMOR MANABHAI BHAVSINGBHAI,Independent,5204,7,5211
Gujarat,Dahod,7,DEVDHA SAMSUBHAI KHATARABHAI,Independent,11135,7,11142
Gujarat,Dahod,8,NOTA,None of the Above,31873,63,31936
Gujarat,Gandhinagar,1,AMIT SHAH,Bharatiya Janata Party,889925,4699,894624
Gujarat,Gandhinagar,2,Dr. C. J. CHAVDA,Indian National Congress,334082,3528,337610
Gujarat,Gandhinagar,3,JAYENDRA KARSHANBHAI RATHOD,Bahujan Samaj Party,6335,65,6400
Gujarat,Gandhinagar,4,CHANDRAPAL HASMUKH BAVJIBHAI,Peoples Party of India (Democratic),1434,4,1438
Gujarat,Gandhinagar,5,NARENDRABHAI REVASHANKAR TRIVEDI,Jan Satya Path Party,880,8,888
Gujarat,Gandhinagar,6,PATEL AMARISH JASVANTLAL (C. A.),Hindusthan Nirman Dal,1718,23,1741
Gujarat,Gandhinagar,7,BHOGILAL J. RATHOD (ADVOCATE),Bahujan Mukti Party,1470,20,1490
Gujarat,Gandhinagar,8,MAKVANA PRAKASHBHAI BAHECHARJI (HITUBHA),Garvi Gujarat Party,1454,17,1471
Gujarat,Gandhinagar,9,RAHUL CHIMANBHAI MEHTA,Right to Recall Party,1089,8,1097
Gujarat,Gandhinagar,10,Dr. N. T. SENGAL,Bahujan Suraksha Dal,734,9,743
Gujarat,Gandhinagar,11,KHODABHAI LALAJIBHAI DESAI,Independent,687,8,695
Gujarat,Gandhinagar,12,PATHAN FIROZKHAN SAEEDKHAN,Independent,860,2,862
Gujarat,Gandhinagar,13,MAKWANA ANILKUMAR SOMABHAI,Independent,1686,5,1691
Gujarat,Gandhinagar,14,MAHENDRABHAI SOMABHAI PATNI,Independent,1557,2,1559
Gujarat,Gandhinagar,15,RATHOD VALJIBHAI BECHARBHAI,Independent,2661,3,2664
Gujarat,Gandhinagar,16,VORA ALIMAHMAD RAJABHAI,Independent,9006,2,9008
Gujarat,Gandhinagar,17,SHEKH SHAHINBANU MOLANA MUSTAK,Independent,5891,4,5895
Gujarat,Gandhinagar,18,NOTA,None of the Above,13984,230,14214
Gujarat,Jamnagar,1,KANDORIYA MULUBHAI RANMALBHAI,Indian National Congress,353199,1585,354784
Gujarat,Jamnagar,2,POONAMBEN HEMATBHAI MAADAM,Bharatiya Janata Party,587501,4087,591588
Gujarat,Jamnagar,3,SUNIL JETHALAL VAGHELA,Bahujan Samaj Party,8674,121,8795
Gujarat,Jamnagar,4,ALIMAMAD ISHAKBHAI PALANI,Independent,855,2,857
Gujarat,Jamnagar,5,ASHOK CHAVDA,Independent,571,6,577
Gujarat,Jamnagar,6,AAMIN MAMADBHAI SAFIYA,Independent,475,2,477
Gujarat,Jamnagar,7,AMANDBHAI PATEL,Independent,410,3,413
Gujarat,Jamnagar,8,KACHCHHI DAUD NATHA SUMARA,Independent,918,1,919
Gujarat,Jamnagar,9,RABARI KARSHANBHAI JESHABHAI,Independent,1417,19,1436
Gujarat,Jamnagar,10,CHAVDA SHAMJI BABUBHAI,Independent,760,8,768
Gujarat,Jamnagar,11,CHAUHAN DHIRAJ KANTILAL,Independent,768,6,774
Gujarat,Jamnagar,12,JAHID AAVAD JAMI,Independent,1245,1,1246
Gujarat,Jamnagar,13,DONGA JAYANTILAL ARJANBHAI,Independent,2485,4,2489
Gujarat,Jamnagar,14,NAKUM NARMADABEN KHODALAL,Independent,2106,7,2113
Gujarat,Jamnagar,15,DALVADI NAKUM RASIK LALJI,Independent,10025,35,10060
Gujarat,Jamnagar,16,POPATPUTRA RAFIK ABUBAKAR,Independent,8216,0,8216
Gujarat,Jamnagar,17,BATHVAR NANJI AMARSHI,Independent,5246,3,5249
Gujarat,Jamnagar,18,BAXI MRUDUL ASHWINKUMAR,Independent,3106,0,3106
Gujarat,Jamnagar,19,BHARAT RAMJIBHAI DAGARA,Independent,921,0,921
Gujarat,Jamnagar,20,BHARKHANI KARABHAI JIVABHAI,Independent,1447,1,1448
Gujarat,Jamnagar,21,BHAVNABA JADEJA,Independent,778,86,864
Gujarat,Jamnagar,22,BHANDERI AMARSHIBHAI CHHAGANBHAI,Independent,395,1,396
Gujarat,Jamnagar,23,MAKRANI AJAZAHMED,Independent,478,1,479
Gujarat,Jamnagar,24,VALABHBHAI CHANABHAI SOJITRA (V. C. PATEL),Independent,529,0,529
Gujarat,Jamnagar,25,SAMA YUSUF,Independent,648,1,649
Gujarat,Jamnagar,26,SAHDEVSINH DILIPSINH CHUDASAMA,Independent,1238,57,1295
Gujarat,Jamnagar,27,SAPARIYA VIJAYKUMAR MANSUKHBHAI,Independent,770,2,772
Gujarat,Jamnagar,28,SUMBHANIA AAMIN ABASBHAI,Independent,1945,1,1946
Gujarat,Jamnagar,29,NOTA,None of the Above,7656,143,7799
Gujarat,Junagadh,1,CHUDASAMA RAJESHBHAI NARANBHAI,Bharatiya Janata Party,543637,4315,547952
Gujarat,Junagadh,2,DEVEN GOVINDBHAI VANVI,Bahujan Samaj Party,25467,243,25710
Gujarat,Junagadh,3,VANSH PUNJABHAI BHIMABHAI,Indian National Congress,394907,2860,397767
Gujarat,Junagadh,4,BHUT ASHOKBHAI BHIMJIBHAI,Rashtriya Samajwadi Party (Secular),3257,3,3260
Gujarat,Junagadh,5,RATHOD NATHABHAI VASHARAMBHAI,Vyavastha Parivartan Party,910,6,916
Gujarat,Junagadh,6,KARIA DHIRENBHAI AMRUTLAL,Independent,881,4,885
Gujarat,Junagadh,7,ZALA MUKESHBHAI BHARAMALBHAI,Independent,1293,17,1310
Gujarat,Junagadh,8,PANCHABHAI BHAYABHAI DAMANIYA,Independent,1202,8,1210
Gujarat,Junagadh,9,PRADIPBHAI MAVJIBHAI TANK,Independent,1133,7,1140
Gujarat,Junagadh,10,MAKWANA DHARMENDRA VAJUBHAI,Independent,1801,5,1806
Gujarat,Junagadh,11,VALA JAYPALSINH HAJABHAI,Independent,4133,35,4168
Gujarat,Junagadh,12,HARESH MANUBHAI SARDHARA,Independent,3480,12,3492
Gujarat,Junagadh,13,NOTA,None of the Above,15405,203,15608
Gujarat,Kachchh,1,CHAVDA VINOD LAKHAMSHI,Bharatiya Janata Party,631753,5281,637034
Gujarat,Kachchh,2,NARESH NARANBHAI MAHESHWARI,Indian National Congress,329229,2292,331521
Gujarat,Kachchh,3,LAKHUBHAI VAGHELA,Bahujan Samaj Party,7394,54,7448
Gujarat,Kachchh,4,CHAVDA PRAVINBHAI CHANABHAI,Hindusthan Nirman Dal,2147,8,2155
Gujarat,Kachchh,5,DHIRUBHAI BABULAL SHRIMALI,New All India Congress Party,1590,6,1596
Gujarat,Kachchh,6,MAHESHWARI DEVJIBHAI VACHHIYABHAI,Bahujan Mukti Party,10004,94,10098
Gujarat,Kachchh,7,SONDARVA BALUBEN MAHESHBHAI,Rashtriya Power Party,1682,17,1699
Gujarat,Kachchh,8,BABULAL AMARSHI VAGHELA,Independent,2133,8,2141
Gujarat,Kachchh,9,MARU MANISHA BHARAT,Independent,4962,22,4984
Gujarat,Kachchh,10,MEGHVAL BHIMJIBHAI BHIKHABHAI,Independent,5750,11,5761
Gujarat,Kachchh,11,NOTA,None of the Above,18551,210,18761
Gujarat,Kheda,1,Chauhan Devusinh,Bharatiya Janata Party,711757,2815,714572
Gujarat,Kheda,2,Bimal Shah,Indian National Congress,345804,1623,347427
Gujarat,Kheda,3,Bhailalbhai Kalubhai Pandav,Bahujan Samaj Party,7400,61,7461
Gujarat,Kheda,4,Chauhan Parsottambhai Babarbhai,Yuva Jan Jagriti Party,2093,7,2100
Gujarat,Kheda,5,Patel Kamleshkumar Ratilal,Hindusthan Nirman Dal,1759,5,1764
Gujarat,Kheda,6,Pathan Ayashabanu,Ambedkar National Congress,2171,5,2176
Gujarat,Kheda,7,Pathan Imtiyazkhan Saeedkhan,Apna Desh Party,4853,3,4856
Gujarat,Kheda,8,NOTA,None of the Above,18201,76,18277
Gujarat,Mahesana,1,CHAUHAN PRAHLADBHAI NATTHUBHAI,Bahujan Samaj Party,9449,63,9512
Gujarat,Mahesana,2,A. J. Patel,Indian National Congress,376193,1813,378006
Gujarat,Mahesana,3,SHARDABEN ANILBHAI PATEL,Bharatiya Janata Party,656686,2839,659525
Gujarat,Mahesana,4,CHAUDHARI SENDHABHAI ABHERAJBHAI,Bahujan Mukti Party,4556,29,4585
Gujarat,Mahesana,5,PRAJAPATI KANUBHAI AMATHARAM,Bharatiya Rashtravadi Paksha,987,5,992
Gujarat,Mahesana,6,BAROT KULDIPKUMAR BHARATKUMAR,Yuva Jan Jagriti Party,913,6,919
Gujarat,Mahesana,7,THAKOR JAYANTIJI CHUNTHAJI,Independent,1467,16,1483
Gujarat,Mahesana,8,THAKOR BIPINKUMAR SHANKARJI,Independent,2101,10,2111
Gujarat,Mahesana,9,THAKOR MAYURKUMAR RUPSINGJI,Independent,1392,5,1397
Gujarat,Mahesana,10,PATEL ANITABEN RAMABHAI,Independent,2114,5,2119
Gujarat,Mahesana,11,PATEL AMBALAL TALASHIBHAI,Independent,3999,2,4001
Gujarat,Mahesana,12,RATHOD GULABSINH DURSINH,Independent,5211,10,5221
Gujarat,Mahesana,13,NOTA,None of the Above,11979,88,12067
Gujarat,Navsari,1,PATEL DHARMESHBHAI BHIMBHAI,Indian National Congress,281663,1408,283071
Gujarat,Navsari,2,C. R. Patil,Bharatiya Janata Party,969430,3309,972739
Gujarat,Navsari,3,VINEETA ANIRUDDH SINH,Bahujan Samaj Party,9331,35,9366
Gujarat,Navsari,4,AMRUTHAM NARSAIAH PAPAIAH,Pyramid Party of India,826,3,829
Gujarat,Navsari,5,Dr. KANUBHAI KHADADIYA,SOCIALIST UNITY CENTRE OF INDIA (COMMUNIST),725,0,725
Gujarat,Navsari,6,JAVADKHAN PATHAN,Yuva Sarkar,573,1,574
Gujarat,Navsari,7,JITENDRABHAI PREMNATH MISHRA,Sanyukt Vikas Party,540,0,540
Gujarat,Navsari,8,PASVAN VIRENDRA,Bharatiya Bahujan Congress,495,2,497
Gujarat,Navsari,9,SHARMA RAJMAL MOHANLAL (GABBAR),Svatantra Bharat Satyagrah Party,569,1,570
Gujarat,Navsari,10,SHRIPRAKASH SHUKLA,Bhartiya Shakti Chetna Party,613,0,613
Gujarat,Navsari,11,SACHIN G. KINDA,Rashtriya Nav Nirman Bharat Party,808,3,811
Gujarat,Navsari,12,HIRAMANIBEN,Rashtriya Samaj Paksha,3013,3,3016
Gujarat,Navsari,13,ANISHBHAI GAFFARBHAI BHIMANI (Ganibhai),Independent,1049,0,1049
Gujarat,Navsari,14,KHAN HEENABEGUM KAMRUDDIN,Independent,1745,0,1745
Gujarat,Navsari,15,GOVINDBHAI LAXMANBHAI RATHOD,Independent,4189,6,4195
Gujarat,Navsari,16,CHANDANSINH SHIVVADANSINH THAKUR,Independent,5982,2,5984
Gujarat,Navsari,17,CHAUHAN NILESHKUMAR,Independent,2914,3,2917
Gujarat,Navsari,18,JAVID AHMAD SHEKH,Independent,2480,0,2480
Gujarat,Navsari,19,JAIN RAJENDRAKUMAR ANILKUMAR,Independent,2104,0,2104
Gujarat,Navsari,20,PATEL NAVINKUMAR SHANKARBHAI,Independent,596,1,597
Gujarat,Navsari,21,RAMJAN MANSURI - PATRAKAR,Independent,577,0,577
Gujarat,Navsari,22,SHAIKH SAEED INAYAT PATRAKAR,Independent,1029,0,1029
Gujarat,Navsari,23,SHEKH HAMID RAMJAN,Independent,662,1,663
Gujarat,Navsari,24,SAIYAD MEHMUD AHMAD,Independent,795,2,797
Gujarat,Navsari,25,SOHILKHAN HASHIMKHAN (Sohil Panchar),Independent,1495,2,1497
Gujarat,Navsari,26,NOTA,None of the Above,8878,155,9033
Gujarat,Panchmahal,1,Khant Vechatbhai Kuberbhai,Indian National Congress,301046,2549,303595
Gujarat,Panchmahal,2,Ratansinh Magansinh Rathod,Bharatiya Janata Party,727301,4835,732136
Gujarat,Panchmahal,3,Virendra Parsottamdas Patel,Nationalist Congress Party,9809,17,9826
Gujarat,Panchmahal,4,Shaikh Kalim Abdul Latif,Bahujan Samaj Party,3892,13,3905
Gujarat,Panchmahal,5,Rathod Vijaysinh Mohansinh,Hindusthan Nirman Dal,4827,42,4869
Gujarat,Panchmahal,6,Lalabhai Gadhvi,Independent,9196,16,9212
Gujarat,Panchmahal,7,NOTA,None of the Above,20066,67,20133
Gujarat,Patan,1,CHAUDHARI KIRTIBHAI JESHANGBHAI,Nationalist Congress Party,9184,31,9215
Gujarat,Patan,2,JAGDISH THAKOR,Indian National Congress,437358,2131,439489
Gujarat,Patan,3,DABHI BHARATSINHJI SHANKARJI,Bharatiya Janata Party,629813,3555,633368
Gujarat,Patan,4,SURAJKUMAR MAHENDRABHAI PARMAR,Bahujan Samaj Party,6588,63,6651
Gujarat,Patan,5,PRAJAPATI JAYANTIBHAI DEVABHAI,Hindusthan Nirman Dal,2771,17,2788
Gujarat,Patan,6,UMEDBHAI HARIBHAI NAI,Independent,1036,5,1041
Gujarat,Patan,7,CHAUDHARI SHAILESHKUMAR KANJIBHAI,Independent,1217,5,1222
Gujarat,Patan,8,PRAVINKUMAR TULSIDAS PANDYA,Independent,1372,4,1376
Gujarat,Patan,9,BHORANIYA SHOYABBHAI HASAMBHAI,Independent,1783,1,1784
Gujarat,Patan,10,MAKWANA VAGHABHAI MAGANBHAI,Independent,2039,5,2044
Gujarat,Patan,11,MOLAPIYA ABDULKUDUS ABDULMAJID,Independent,5645,2,5647
Gujarat,Patan,12,RATHOD GOVINDBHAI BHIKHABHAI,Independent,7299,5,7304
Gujarat,Patan,13,NOTA,None of the Above,14268,59,14327
Gujarat,Porbandar,1,RAMESHBHAI LAVJIBHAI DHADUK,Bharatiya Janata Party,560011,3870,563881
Gujarat,Porbandar,2,LALIT VASOYA,Indian National Congress,331883,2175,334058
Gujarat,Porbandar,3,SAMATBHAI GOVABHAI KADAVALA,Bahujan Samaj Party,9874,218,10092
Gujarat,Porbandar,4,BHARGAV SURESHCHANDRA JOSHI,Gujarat Janta Panchayat Party,1514,10,1524
Gujarat,Porbandar,5,VAKIL VINZUDA RANJITBHAI NARANBHAI,Bahujan Maha Party,707,6,713
Gujarat,Porbandar,6,ALPESHKUMAR V.VADOLIYA(1008),Independent,645,3,648
Gujarat,Porbandar,7,ATROLIYA KARABHAI GAGANBHAI,Independent,742,38,780
Gujarat,Porbandar,8,UNADKAT PRAKASHBHAI VALLABHDAS,Independent,604,1,605
Gujarat,Porbandar,9,KIRTIKUMAR BAVANJIBHAI MARVANIA,Independent,683,2,685
Gujarat,Porbandar,10,BHANUBHAI NAGABHAI ODEDRA,Independent,792,23,815
Gujarat,Porbandar,11,RABARI DASABHAI KARABHAI,Independent,3867,62,3929
Gujarat,Porbandar,12,RATHOD DAYABHAI HIRABHAI,Independent,1345,5,1350
Gujarat,Porbandar,13,RANK JIGNESHBHAI GOVINDBHAI,Independent,1216,2,1218
Gujarat,Porbandar,14,RIYAZ OSMAN SURIYA ALIAS LALO MURGHIVALA,Independent,1979,4,1983
Gujarat,Porbandar,15,RESHMA PATEL,Independent,3704,12,3716
Gujarat,Porbandar,16,VIMALBHAI RATILAL RAMANI,Independent,8652,1,8653
Gujarat,Porbandar,17,ASHOK NANJI SONDARVA,Independent,7448,9,7457
Gujarat,Porbandar,18,NOTA,None of the Above,7675,165,7840
Gujarat,Rajkot,1,KAGATHARA LALITBHAI,Indian National Congress,388405,1833,390238
Gujarat,Rajkot,2,KUNDARIA MOHANBHAI KALYANJIBHAI,Bharatiya Janata Party,755296,3349,758645
Gujarat,Rajkot,3,VIJAY PARMAR,Bahujan Samaj Party,15288,100,15388
Gujarat,Rajkot,4,AMARDAS B. DESANI,Independent,1383,9,1392
Gujarat,Rajkot,5,CHITRODA NATHALAL (CHITRODA SIR),Independent,1164,5,1169
Gujarat,Rajkot,6,J. B. CHAUHAN,Independent,968,2,970
Gujarat,Rajkot,7,CHAUHAN MANOJBHAI PRAVINBHAI,Independent,1140,6,1146
Gujarat,Rajkot,8,JASPALSINH MAHAVEERSINH TOMAR,Independent,1587,9,1596
Gujarat,Rajkot,9,DENGADA PRAVINBHAI MEGHJIBHAI,Independent,2164,2,2166
Gujarat,Rajkot,10,RAKESH PATEL,Independent,4237,6,4243
Gujarat,Rajkot,11,NOTA,None of the Above,18080,238,18318
Gujarat,Sabarkantha,1,THAKOR RAJENDRASINH SHIVSINH,Indian National Congress,428836,4161,432997
Gujarat,Sabarkantha,2,RATHOD DIPSINH SHANKARSINH,Bharatiya Janata Party,696498,5486,701984
Gujarat,Sabarkantha,3,VINODBHAI JETHABHAI MESARIYA,Bahujan Samaj Party,7798,114,7912
Gujarat,Sabarkantha,4,KHARADI DHARMENDRASINGH SAMSUBHAI,Bhartiya Tribal Party,2687,146,2833
Gujarat,Sabarkantha,5,JADEJA INDRAVIJAYSINH KALYANSINH,Yuva Jan Jagriti Party,1897,23,1920
Gujarat,Sabarkantha,6,NARESHKUMAR RAMESHBHAI PATEL,Bharatiya National Janta Dal,1437,10,1447
Gujarat,Sabarkantha,7,PATEL JAYANTIBHAI SHAMJIBHAI,Hindusthan Nirman Dal,2231,16,2247
Gujarat,Sabarkantha,8,MAYURSINH VANRAJSINH ZALA,Rashtra Vikas Zumbes Party,1268,22,1290
Gujarat,Sabarkantha,9,LAXMISHANKAR MADHUSUDAN JOSHI,Jan Satya Path Party,1320,15,1335
Gujarat,Sabarkantha,10,VIKRAMBHAI BAHECHARBHAI MAKWANA,Garvi Gujarat Party,2170,19,2189
Gujarat,Sabarkantha,11,KALABHAI BABABHAI PARMAR,Independent,1500,10,1510
Gujarat,Sabarkantha,12,ZALA DALPATSINH MOTISINH,Independent,1877,7,1884
Gujarat,Sabarkantha,13,PATEL KIRITKUMAR BABARBHAI,Independent,2722,5,2727
Gujarat,Sabarkantha,14,PATEL KESHAVLAL GANGARAMBHAI,Independent,4924,5,4929
Gujarat,Sabarkantha,15,PATHAN AAIYUBKHAN AJABKHAN,Independent,9174,3,9177
Gujarat,Sabarkantha,16,RAVAL RAJUBHAI PUNJABHAI,Independent,17154,21,17175
Gujarat,Sabarkantha,17,LATA BABUBHAI NATHAJI,Independent,7747,30,7777
Gujarat,Sabarkantha,18,LUHAR HAFIJHUSEN HAJINURMAHMAD,Independent,5829,6,5835
Gujarat,Sabarkantha,19,SANGHANI MUSTAKBHAI JAMALBHAI,Independent,2659,2,2661
Gujarat,Sabarkantha,20,SOLANKI MAGANBHAI LAKHABHAI,Independent,2410,12,2422
Gujarat,Sabarkantha,21,NOTA,None of the Above,6031,72,6103
Gujarat,Surat,1,Ashok Patel (Adhevada),Indian National Congress,246978,443,247421
Gujarat,Surat,2,Darshana Vikram Jardosh,Bharatiya Janata Party,794133,1518,795651
Gujarat,Surat,3,Adv. Vijay Shenmare,Communist Party of India,5732,3,5735
Gujarat,Surat,4,Captain Rita Maa,Pyramid Party of India,642,1,643
Gujarat,Surat,5,Shri. Gautamraj Hindustani,Yuva Sarkar,721,1,722
Gujarat,Surat,6,Jogiya Amisha Vikrambhai,Sanyukt Vikas Party,606,1,607
Gujarat,Surat,7,Dhameliya Piyush Vallabhbhai (R.D.P),Real Democracy Party,532,0,532
Gujarat,Surat,8,Tulsibhai Laxmanbhai Dakhara,Independent,412,2,414
Gujarat,Surat,9,Dinesh Jikadra Prajapati,Independent,1004,9,1013
Gujarat,Surat,10,Dipak Gangani,Independent,716,1,717
Gujarat,Surat,11,Mahyavanshi Natvarbhai Dahyabhai,Independent,1015,5,1020
Gujarat,Surat,12,Rameshbhai P. Baraiya (Pati),Independent,1056,1,1057
Gujarat,Surat,13,Surwade Santosh Avdhut (Gabbar),Independent,2348,0,2348
Gujarat,Surat,14,NOTA,None of the Above,10464,68,10532
Gujarat,Surendranagar,1,KOLI PATEL SOMABHAI GANDALAL,Indian National Congress,351610,2797,354407
Gujarat,Surendranagar,2,PARMAR GHOGHAJIBHAI KANJIBHAI,Nationalist Congress Party,8151,113,8264
Gujarat,Surendranagar,3,Dr. MUNJAPARA MAHENDRABHAI,Bharatiya Janata Party,626957,4887,631844
Gujarat,Surendranagar,4,ADVOCATE SHAILESH N. SOLANKI,Bahujan Samaj Party,12662,198,12860
Gujarat,Surendranagar,5,THAKOR JAGUJI KUNVARJI URFE J.K. THAKOR,Vyavastha Parivartan Party,1453,22,1475
Gujarat,Surendranagar,6,DEKAVADIYA DARJIBHAI MAGANBHAI (PATIDAR),Hindusthan Nirman Dal,1419,14,1433
Gujarat,Surendranagar,7,OGHADBHAI SAGARAMBHAI MER,Independent,814,3,817
Gujarat,Surendranagar,8,KAMABHAI PETHABHAI MAKWANA,Independent,876,15,891
Gujarat,Surendranagar,9,KARIMBHAI ADAMBHAI URFE BABABHAI,Independent,1120,14,1134
Gujarat,Surendranagar,10,KALUBHAI MALUBHAI VADALIYA,Independent,1131,2,1133
Gujarat,Surendranagar,11,KOLI PATEL LALJIBHAI CHATURBHAI,Independent,4625,41,4666
Gujarat,Surendranagar,12,KOLI RAMESHBHAI VIRSANGBHAI VAGHELA,Independent,1421,9,1430
Gujarat,Surendranagar,13,GOLTAR BHAGVANBHAI MAIYABHAI,Independent,2456,15,2471
Gujarat,Surendranagar,14,JARGELA HASANBHAI ABDULBHAI,Independent,3101,9,3110
Gujarat,Surendranagar,15,DANIYA ANIRUDDHBHAI GANDABHAI,Independent,3046,1,3047
Gujarat,Surendranagar,16,DOST MER,Independent,11097,6,11103
Gujarat,Surendranagar,17,NARESH MAKWANA,Independent,6636,1,6637
Gujarat,Surendranagar,18,PATEL BALDEVBHAI JIVABHAI,Independent,2376,1,2377
Gujarat,Surendranagar,19,BHATHANIYA FARIDBHAI AMIJIBHAI,Independent,2887,0,2887
Gujarat,Surendranagar,20,BHAVANBHAI DEVJIBHAI VORA,Independent,3814,2,3816
Gujarat,Surendranagar,21,BHANJIBHAI SHEKHAVA,Independent,971,11,982
Gujarat,Surendranagar,22,BHUPATBHAI LALJIBHAI SOLANKI,Independent,1329,21,1350
Gujarat,Surendranagar,23,MAKWANA DALPATBHAI LAGHARBHAI,Independent,743,3,746
Gujarat,Surendranagar,24,RATHOD ASHOKBHAI VITTHALBHAI,Independent,1058,3,1061
Gujarat,Surendranagar,25,RATHOD ANANDBHAI PACHANBHAI,Independent,897,4,901
Gujarat,Surendranagar,26,VAGHELA DAHYABHAI KHENGARBHAI,Independent,633,2,635
Gujarat,Surendranagar,27,VAGHELA PRAKASHBHAI BACHUBHAI,Independent,694,3,697
Gujarat,Surendranagar,28,SARDARKHAN MALEK,Independent,993,0,993
Gujarat,Surendranagar,29,SALIMBHAI SHAHBUDINBHAI PATHAN,Independent,1153,0,1153
Gujarat,Surendranagar,30,SAPRA VIPUL R.,Independent,2615,0,2615
Gujarat,Surendranagar,31,HANIFBHAI KAYABHAI KATIYA,Independent,2003,1,2004
Gujarat,Surendranagar,32,NOTA,None of the Above,8510,277,8787
Gujarat,Vadodara,1,PRASHANT PATEL (TIKO),Indian National Congress,293080,1462,294542
Gujarat,Vadodara,2,ROHIT MADHUSUDAN MOHANBHAI,Bahujan Samaj Party,7429,29,7458
Gujarat,Vadodara,3,RANJANBEN BHATT,Bharatiya Janata Party,880905,2814,883719
Gujarat,Vadodara,4,GOHIL RINKU,Yuva Jan Jagriti Party,3805,6,3811
Gujarat,Vadodara,5,JAT SUBHAS SINGH BRIJLAL,All India Hindustan Congress Party,1093,4,1097
Gujarat,Vadodara,6,TAPAN DASGUPTA,SOCIALIST UNITY CENTRE OF INDIA (COMMUNIST),888,1,889
Gujarat,Vadodara,7,MOHSIMMIYA (SAIYAD MOHSIN BAPU),Bahujan Mukti Party,871,1,872
Gujarat,Vadodara,8,LION DR. YASINALI POLRA,New All India Congress Party,1791,4,1795
Gujarat,Vadodara,9,SANTOSH S. SOLANKI,Bhartiya Manavadhikaar Federal Party,856,2,858
Gujarat,Vadodara,10,NIMESH PATEL (KAMROL),Independent,947,16,963
Gujarat,Vadodara,11,PATEL KALIDAS (KALIDAS M. PATEL ALIAS NAPOLEON),Independent,1429,2,1431
Gujarat,Vadodara,12,DR. RAHUL VASUDEVBHAI VYAS,Independent,3457,0,3457
Gujarat,Vadodara,13,SINDHI MAHEBUBKHAN YUSUFKHAN (VAKIL),Independent,4454,3,4457
Gujarat,Vadodara,14,NOTA,None of the Above,16901,98,16999
Gujarat,Valsad,1,KISHORBHAI RAMANBHAI PATEL (Rajubhai),Bahujan Samaj Party,15344,15,15359
Gujarat,Valsad,2,CHAUDHARI JITUBHAI HARJIBHAI,Indian National Congress,416310,1873,418183
Gujarat,Valsad,3,Dr.K.C.PATEL,Bharatiya Janata Party,770442,1538,771980
Gujarat,Valsad,4,PATEL NARESHBHAI BABUBHAI,Sardar Vallabhbhai Patel Party,7173,5,7178
Gujarat,Valsad,5,PATEL PANKAJBHAI LALLUBHAI,Bhartiya Tribal Party,9488,48,9536
Gujarat,Valsad,6,BABUBHAI CHHAGANBHAI TALAVIYA,Bahujan Mukti Party,2557,0,2557
Gujarat,Valsad,7,GAURANGBHAI RAMESHBHAI PATEL,Independent,2983,14,2997
Gujarat,Valsad,8,GANVIT JAYENDRABHAI LAXMANBHAI,Independent,5817,2,5819
Gujarat,Valsad,9,PATEL UMESHBHAI MAGANBHAI,Independent,7460,1,7461
Gujarat,Valsad,10,NOTA,None of the Above,19264,43,19307
Haryana,Ambala,1,ARUN KUMAR,Communist Party of India,7540,23,7563
Haryana,Ambala,2,NARESH KUMAR,Bahujan Samaj Party,96205,91,96296
Haryana,Ambala,3,RATTAN LAL KATARIA,Bharatiya Janata Party,744438,2070,746508
Haryana,Ambala,4,RAM PAL,Indian National Lok Dal,19518,57,19575
Haryana,Ambala,5,SELJA,Indian National Congress,403678,485,404163
Haryana,Ambala,6,Anil Kumar,Republican Party of India (A),2123,5,2128
Haryana,Ambala,7,PURAN CHAND,Rashtriya Lokswaraj Party,719,0,719
Haryana,Ambala,8,PRITHVI RAJ,Aam Aadmi Party,12260,42,12302
Haryana,Ambala,9,RAJENDER KUMAR BHATLI,Bhartiya Shakti Chetna Party,1161,1,1162
Haryana,Ambala,10,VARUN KUMAR JAGLAN,Peoples Party of India (Democratic),948,1,949
Haryana,Ambala,11,SANDEEP SINGH,Aapki Apni Party (Peoples),885,9,894
Haryana,Ambala,12,SURAJ KUMAR,Bahujan Mukti Party,1842,0,1842
Haryana,Ambala,13,SURAJ BHAN NARWAL,Pragatishil Samajwadi Party (Lohia),1072,0,1072
Haryana,Ambala,14,JATINDER SINGH,Independent,2619,18,2637
Haryana,Ambala,15,BETA MAM CHAND RATTUWALA,Independent,3265,5,3270
Haryana,Ambala,16,RANJEET SINGH,Independent,3740,2,3742
Haryana,Ambala,17,RATTAN LAL,Independent,1892,2,1894
Haryana,Ambala,18,SURAJ BHAN,Independent,1575,1,1576
Haryana,Ambala,19,NOTA,None of the Above,7914,29,7943
Haryana,Bhiwani-Mahendragarh,1,Dharambir Singh S/o Bhale Ram,Bharatiya Janata Party,725725,10974,736699
Haryana,Bhiwani-Mahendragarh,2,Balwan Singh,Indian National Lok Dal,7964,101,8065
Haryana,Bhiwani-Mahendragarh,3,Shruti Choudhry,Indian National Congress,290463,1773,292236
Haryana,Bhiwani-Mahendragarh,4,Mohd Irfan,Bharat Prabhat Party,1566,35,1601
Haryana,Bhiwani-Mahendragarh,5,Comrade Om Parkash,SOCIALIST UNITY CENTRE OF INDIA (COMMUNIST),1079,14,1093
Haryana,Bhiwani-Mahendragarh,6,Kundan Kumar,Republican Party of India,439,4,443
Haryana,Bhiwani-Mahendragarh,7,Ramesh Rao Pilot,Loktanter Suraksha Party,20170,64,20234
Haryana,Bhiwani-Mahendragarh,8,Satbir,Aapki Apni Party (Peoples),425,8,433
Haryana,Bhiwani-Mahendragarh,9,Salesh Kumar,Pragatishil Samajwadi Party (Lohia),466,14,480
Haryana,Bhiwani-Mahendragarh,10,Bhai Surender Dhanak,Bhartiya Janraj Party,791,149,940
Haryana,Bhiwani-Mahendragarh,11,Swati Yadav,Jannayak Janta Party,84236,720,84956
Haryana,Bhiwani-Mahendragarh,12,Jagat Singh,Independent,728,4,732
Haryana,Bhiwani-Mahendragarh,13,Dharambir Singh S/0 Fateh Singh,Independent,1250,10,1260
Haryana,Bhiwani-Mahendragarh,14,Rajnish Kumar,Independent,1395,2,1397
Haryana,Bhiwani-Mahendragarh,15,Ram Kishan,Independent,621,4,625
Haryana,Bhiwani-Mahendragarh,16,Lalit,Independent,2933,5,2938
Haryana,Bhiwani-Mahendragarh,17,Vinod Kumar,Independent,2652,1,2653
Haryana,Bhiwani-Mahendragarh,18,Satya Pal,Independent,501,4,505
Haryana,Bhiwani-Mahendragarh,19,Sudhir Kumar,Independent,879,4,883
Haryana,Bhiwani-Mahendragarh,20,Suresh Chand,Independent,585,2,587
Haryana,Bhiwani-Mahendragarh,21,Happy Singh,Independent,306,8,314
Haryana,Bhiwani-Mahendragarh,22,NOTA,None of the Above,1966,75,2041
Haryana,Faridabad,1,AVTAR SINGH BHADANA,Indian National Congress,274755,228,274983
Haryana,Faridabad,2,KRISHAN PAL,Bharatiya Janata Party,910787,2435,913222
Haryana,Faridabad,3,MANDHIR MAAN,Bahujan Samaj Party,86694,58,86752
Haryana,Faridabad,4,MAHENDER SINGH CHAUHAN,Indian National Lok Dal,12035,35,12070
Haryana,Faridabad,5,BAUDHACHARYA KHAJAN SINGH GAUTAM,Republican Party of India,462,1,463
Haryana,Faridabad,6,CHAUDHARY DAYACHAND,Bhartiya Shakti Chetna Party,336,3,339
Haryana,Faridabad,7,DEEPAK GAUR,AARAKSHAN VIRODHI PARTY,467,4,471
Haryana,Faridabad,8,PANDIT NAVEEN JAIHIND,Aam Aadmi Party,11076,36,11112
Haryana,Faridabad,9,PRADEEP KUMAR,Tola Party,330,0,330
Haryana,Faridabad,10,MAHESH PRATAP SHARMA,Rashtriya Vikas Party,475,2,477
Haryana,Faridabad,11,MUKESH KUMAR SINGH,Lokpriya Samaj Party,478,0,478
Haryana,Faridabad,12,RAKESH KUMAR,Aapki Apni Party (Peoples),450,1,451
Haryana,Faridabad,13,RAMKISHAN GOLA,All India Forward Bloc,1131,0,1131
Haryana,Faridabad,14,RUBY,Hind Congress Party,1190,2,1192
Haryana,Faridabad,15,LEKHRAM DABANG,Bahujan Mukti Party,4773,0,4773
Haryana,Faridabad,16,VIJENDERA KASANA,Bhartiya Kisan Party,2687,1,2688
Haryana,Faridabad,17,SHYAMVIR,Rashtriya Lokswaraj Party,3960,1,3961
Haryana,Faridabad,18,SAHIRAM RAWAT,Voters Party,2024,0,2024
Haryana,Faridabad,19,Adv. HARI SHANKAR RAJVANS,Adim Bhartiya Dal,715,1,716
Haryana,Faridabad,20,HARI CHAND,Peoples Party of India (Democratic),1369,1,1370
Haryana,Faridabad,21,AMIT SINGH PATEL,Independent,370,1,371
Haryana,Faridabad,22,TIKARAM HOODA,Independent,249,0,249
Haryana,Faridabad,23,BOBBY KATARIA,Independent,392,1,393
Haryana,Faridabad,24,MANOJ CHOUDHARY,Independent,438,1,439
Haryana,Faridabad,25,C A SHUKLA,Independent,389,0,389
Haryana,Faridabad,26,SANJAY MAURYA,Independent,801,1,802
Haryana,Faridabad,27,Dr K P SINGH,Independent,661,2,663
Haryana,Faridabad,28,NOTA,None of the Above,4973,13,4986
Haryana,Gurgaon,1,CAPT. AJAY SINGH,Indian National Congress,494733,557,495290
Haryana,Gurgaon,2,RAO INDERJIT SINGH,Bharatiya Janata Party,877241,4305,881546
Haryana,Gurgaon,3,CHAUDHARY RAIS AHMAD,Bahujan Samaj Party,26706,50,26756
Haryana,Gurgaon,4,VIRENDAR RANA,Indian National Lok Dal,9894,17,9911
Haryana,Gurgaon,5,DR. ABDUL LATIF (MIYA JI),Voters Party,450,4,454
Haryana,Gurgaon,6,FOJI JAI KAWAR TYAGI (DIKSHIT),Daksha Party,337,9,346
Haryana,Gurgaon,7,JAWAHAR SINGH PAHAL,Bhartiya Shakti Chetna Party,305,4,309
Haryana,Gurgaon,8,COLONEL DHARAM PAL SINGH RAGHAVA,Rashtra Nirman Party,650,8,658
Haryana,Gurgaon,9,ADVOCATE PARVEEN YADAV WAZIRABAD,Akhil Bharatiya Jan Sangh,1023,4,1027
Haryana,Gurgaon,10,PAWAN KUMAR,Shivsena,1277,4,1281
Haryana,Gurgaon,11,DR. MEHMOOD KHAN,Jannayak Janta Party,8963,30,8993
Haryana,Gurgaon,12,MAHABIR MEHRA CHHILARKI,Peoples Party of India (Democratic),1056,5,1061
Haryana,Gurgaon,13,RAMESH KUMAR,Rashtriya Sahara Party,527,0,527
Haryana,Gurgaon,14,RAMESH CHAND,Bahujan Mukti Party,937,3,940
Haryana,Gurgaon,15,VINOD KUMAR,Aapki Apni Party (Peoples),1201,2,1203
Haryana,Gurgaon,16,COMRADE SARWAN KUMAR,SOCIALIST UNITY CENTRE OF INDIA (COMMUNIST),2764,2,2766
Haryana,Gurgaon,17,HANS KUMAR,Rashtriya Rashtrawadi Party,1868,0,1868
Haryana,Gurgaon,18,CHOWKIDAR ANJAN DEVESHWAR,Independent,1780,3,1783
Haryana,Gurgaon,19,AZAD SINGH NANGALIA,Independent,423,0,423
Haryana,Gurgaon,20,RAO INDERJEET,Independent,1327,15,1342
Haryana,Gurgaon,21,KUSHESHWAR BHAGAT,Independent,434,0,434
Haryana,Gurgaon,22,PAWAN NEHRA,Independent,295,3,298
Haryana,Gurgaon,23,VIRENDER,Independent,258,1,259
Haryana,Gurgaon,24,SUDESH KUMAR,Independent,1639,6,1645
Haryana,Gurgaon,25,NOTA,None of the Above,5350,39,5389
Haryana,Hisar,1,BRIJENDRA SINGH,Bharatiya Janata Party,599951,3338,603289
Haryana,Hisar,2,BHAVYA BISHNOI,Indian National Congress,183960,409,184369
Haryana,Hisar,3,SUKHBIR SINGH,Communist Party of India (Marxist),9136,14,9150
Haryana,Hisar,4,SURINDER SHARMA,Bahujan Samaj Party,45090,100,45190
Haryana,Hisar,5,SURESH KOTH,Indian National Lok Dal,9739,22,9761
Haryana,Hisar,6,JAI BHAGWAN,Bahujan Mukti Party,2090,3,2093
Haryana,Hisar,7,DARA SINGH,Bhartiya Janraj Party,1248,21,1269
Haryana,Hisar,8,DUSHYANT CHAUTALA,Jannayak Janta Party,288425,796,289221
Haryana,Hisar,9,PAWAN FOUJI,Rashtriya Bhagidari Samaj Party,1769,8,1777
Haryana,Hisar,10,VIKAS GODARA,Rashtriya Lokswaraj Party,891,2,893
Haryana,Hisar,11,SHASHI BHARAT BHUSHAN,Pragatishil Samajwadi Party (Lohia),416,1,417
Haryana,Hisar,12,SANDEEP,Bharat Prabhat Party,516,5,521
Haryana,Hisar,13,KAKA SAHIL THAKRAL,Sapaks Party,770,0,770
Haryana,Hisar,14,ANOOP MEHTA,Independent,997,1,998
Haryana,Hisar,15,ATAM PARKASH,Independent,1207,0,1207
Haryana,Hisar,16,KULDEEP BHUKKAL,Independent,5330,4,5334
Haryana,Hisar,17,DEEPAK,Independent,5867,0,5867
Haryana,Hisar,18,PYARELAL CHOHAN ADVOCATE,Independent,930,0,930
Haryana,Hisar,19,PARDEEP KUMAR,Independent,521,1,522
Haryana,Hisar,20,BAJRANG VATS,Independent,803,5,808
Haryana,Hisar,21,BIJENDER,Independent,455,4,459
Haryana,Hisar,22,MANGE RAM VERMA,Independent,991,2,993
Haryana,Hisar,23,SHAMSHER SINGH,Independent,485,0,485
Haryana,Hisar,24,SALEEM DIN,Independent,6337,2,6339
Haryana,Hisar,25,SUDHIR GODARA,Independent,3757,0,3757
Haryana,Hisar,26,SUMIT KUMAR,Independent,492,1,493
Haryana,Hisar,27,NOTA,None of the Above,2927,30,2957
Haryana,Karnal,1,Kuldip Sharma,Indian National Congress,255163,289,255452
Haryana,Karnal,2,Dharmvir Padha,Indian National Lok Dal,15748,49,15797
Haryana,Karnal,3,Pankaj,Bahujan Samaj Party,67091,92,67183
Haryana,Karnal,4,Sanjay Bhatia,Bharatiya Janata Party,909432,2162,911594
Haryana,Karnal,5,Ankur,Aapki Apni Party (Peoples),2785,4,2789
Haryana,Karnal,6,Anil Kumar,Jai Jawan Jai Kisan Party,1235,8,1243
Haryana,Karnal,7,Ishwar Chand Salwan,Aadarsh Janata Sewa Party,545,6,551
Haryana,Karnal,8,Ishwar Sharma,Rashtriya Lokswaraj Party,808,0,808
Haryana,Karnal,9,Kitab Singh,Peoples Party of India (Democratic),2117,1,2118
Haryana,Karnal,10,Krishan Kumar Aggarwal,Aam Aadmi Party,22042,42,22084
Haryana,Karnal,11,Tilak Raj,Rashtriya Garib Dal,774,0,774
Haryana,Karnal,12,Dinesh Sharma,Shivsena,1723,8,1731
Haryana,Karnal,13,Naresh Kumar,Pragatishil Samajwadi Party (Lohia),2337,3,2340
Haryana,Karnal,14,Vicky Chinalya,Samajik Nyaya Party,3316,2,3318
Haryana,Karnal,15,Jagdish,Independent,1184,2,1186
Haryana,Karnal,16,Parmod Sharma,Independent,6287,4,6291
Haryana,Karnal,17,NOTA,None of the Above,5439,24,5463
Haryana,Kurukshetra,1,ARJUN SINGH CHAUTALA,Indian National Lok Dal,60574,105,60679
Haryana,Kurukshetra,2,NAYAB SINGH,Bharatiya Janata Party,686588,2041,688629
Haryana,Kurukshetra,3,NIRMAL SINGH,Indian National Congress,303722,316,304038
Haryana,Kurukshetra,4,SHASHI,Bahujan Samaj Party,75533,92,75625
Haryana,Kurukshetra,5,JAI BHAGWAN SHARMA (DD),Jannayak Janta Party,68437,76,68513
Haryana,Kurukshetra,6,JYOTI HIBANA,Navnirman Party,974,11,985
Haryana,Kurukshetra,7,NITIN,Aapki Apni Party (Peoples),467,0,467
Haryana,Kurukshetra,8,RAJ KUMARI,Bharat Prabhat Party,506,1,507
Haryana,Kurukshetra,9,RAM NARAYAN,Bhartiya Jan Samman Party,765,1,766
Haryana,Kurukshetra,10,VIKRAM SINGH,Bhartiya Shakti Chetna Party,1175,11,1186
Haryana,Kurukshetra,11,SANDEEP KUMAR KAUSHIK,Rashtriya Lokswaraj Party,682,4,686
Haryana,Kurukshetra,12,SUBHASH CHAND BEDI,Pragatishil Samajwadi Party (Lohia),1087,4,1091
Haryana,Kurukshetra,13,SUMER CHAND,Peoples Party of India (Democratic),2313,0,2313
Haryana,Kurukshetra,14,ANIL YOGI UPADHYAY,Independent,1939,1,1940
Haryana,Kurukshetra,15,ASHWINI SHARMA HRITTWAL,Independent,4611,0,4611
Haryana,Kurukshetra,16,CS KANWALJIT SINGH,Independent,2804,7,2811
Haryana,Kurukshetra,17,JAI PARKASH SHARMA,Independent,1343,1,1344
Haryana,Kurukshetra,18,BALVEER SINGH,Independent,2448,1,2449
Haryana,Kurukshetra,19,RAMESH CHANDER KHATKAR,Independent,1466,1,1467
Haryana,Kurukshetra,20,RAMESHWAR (FOJI),Independent,1125,4,1129
Haryana,Kurukshetra,21,ROSHAN LAL MUWAL,Independent,886,2,888
Haryana,Kurukshetra,22,Sandeep Singh,Independent,3088,26,3114
Haryana,Kurukshetra,23,SACHIN GABA,Independent,919,2,921
Haryana,Kurukshetra,24,SATISH KUMAR SINGAL,Independent,845,0,845
Haryana,Kurukshetra,25,NOTA,None of the Above,3165,33,3198
Haryana,Rohtak,1,ARVIND KUMAR SHARMA,Bharatiya Janata Party,566242,7603,573845
Haryana,Rohtak,2,KISHAN LAL PANCHAL,Bahujan Samaj Party,38163,201,38364
Haryana,Rohtak,3,DEEPENDER SINGH HOODA,Indian National Congress,563606,2736,566342
Haryana,Rohtak,4,DHARAMVIR,Indian National Lok Dal,7122,36,7158
Haryana,Rohtak,5,IMRAN,Bharat Prabhat Party,357,12,369
Haryana,Rohtak,6,JAIKARAN MANDAUTHI,SOCIALIST UNITY CENTRE OF INDIA (COMMUNIST),1023,7,1030
Haryana,Rohtak,7,PRADEEP KUMAR DESWAL,Jannayak Janta Party,21050,161,21211
Haryana,Rohtak,8,MANJU DEVI,Pragatishil Samajwadi Party (Lohia),295,18,313
Haryana,Rohtak,9,RAJBIR,Aapki Apni Party (Peoples),175,8,183
Haryana,Rohtak,10,SUKHBIR,Dalit Soshit Pichhara Varg Adhikar Dal,416,6,422
Haryana,Rohtak,11,Ashok Kumar,Independent,222,3,225
Haryana,Rohtak,12,INDERJEET,Independent,251,26,277
Haryana,Rohtak,13,Krishan,Independent,336,2,338
Haryana,Rohtak,14,PARVEEN KUMAR,Independent,1099,2,1101
Haryana,Rohtak,15,RAM KISHAN SAIN,Independent,761,6,767
Haryana,Rohtak,16,RAMBIR,Independent,2444,3,2447
Haryana,Rohtak,17,VINAY,Independent,2737,2,2739
Haryana,Rohtak,18,SATYAVIR SINGH,Independent,436,3,439
Haryana,Rohtak,19,NOTA,None of the Above,2939,62,3001
Haryana,Sirsa,1,Ashok Tanwar,Indian National Congress,404099,334,404433
Haryana,Sirsa,2,Charanjeet Singh Rori,Indian National Lok Dal,87979,114,88093
Haryana,Sirsa,3,Janak Raj Atwal,Bahujan Samaj Party,25080,27,25107
Haryana,Sirsa,4,Sunita Duggal,Bharatiya Janata Party,712877,1474,714351
Haryana,Sirsa,5,Ankur Gill,Shivsena,3743,6,3749
Haryana,Sirsa,6,Angrej Singh Alahi,Rashtriya Lokswaraj Party,1933,5,1938
Haryana,Sirsa,7,Jaswant,Bhartiya Shakti Chetna Party,1536,0,1536
Haryana,Sirsa,8,Nirmal Singh Malri,Jannayak Janta Party,95792,122,95914
Haryana,Sirsa,9,Brij Pal Balmiki,Bahujan Mukti Party,1514,0,1514
Haryana,Sirsa,10,Rajesh Chaubara,Revolutionary Marxist Party of India,1848,3,1851
Haryana,Sirsa,11,Dr. Rajesh Mehandia,Peoples Party of India (Democratic),3037,1,3038
Haryana,Sirsa,12,Hira Singh Hanspur,Pragatishil Samajwadi Party (Lohia),1947,4,1951
Haryana,Sirsa,13,Kashmir Chand Oad,Independent,4052,4,4056
Haryana,Sirsa,14,Dalip Luna,Independent,1319,0,1319
Haryana,Sirsa,15,Deepak,Independent,1543,0,1543
Haryana,Sirsa,16,Rajender Sirsa,Independent,6447,1,6448
Haryana,Sirsa,17,Vinod Kumar Sirkiband (Gihara),Independent,3839,0,3839
Haryana,Sirsa,18,Virender Singh,Independent,877,1,878
Haryana,Sirsa,19,Surender Kumar,Independent,1186,0,1186
Haryana,Sirsa,20,Surajmal Athwal,Independent,2403,0,2403
Haryana,Sirsa,21,NOTA,None of the Above,4319,20,4339
Haryana,Sonipat,1,BHUPINDER SINGH HOODA,Indian National Congress,421229,1571,422800
Haryana,Sonipat,2,RAMESH CHANDER KAUSHIK,Bharatiya Janata Party,583988,3676,587664
Haryana,Sonipat,3,SURENDER KUMAR CHHIKARA,Indian National Lok Dal,9129,20,9149
Haryana,Sonipat,4,KUSUM PARASHAR,Mahila & Yuva Shakti Party,595,10,605
Haryana,Sonipat,5,DIGVIJAY SINGH CHAUTALA,Jannayak Janta Party,50904,258,51162
Haryana,Sonipat,6,SANT DHARAMVEER CHOTIWALA,Bahujan Maha Party,335,22,357
Haryana,Sonipat,7,COMRADE BALBEER SINGH,SOCIALIST UNITY CENTRE OF INDIA (COMMUNIST),866,5,871
Haryana,Sonipat,8,MANISH,Aapki Apni Party (Peoples),307,2,309
Haryana,Sonipat,9,MAHAVEER,Rashtriya Mazdoor Ekta Party,507,2,509
Haryana,Sonipat,10,MOHAN,All India Forward Bloc,391,1,392
Haryana,Sonipat,11,RAJ BALA SAINI,Loktanter Suraksha Party,34958,88,35046
Haryana,Sonipat,12,RAJESH SHARMA,Pragatishil Samajwadi Party (Lohia),429,1,430
Haryana,Sonipat,13,RAMDIYA,Samajik Nyaya Party,1709,0,1709
Haryana,Sonipat,14,SUKHMANDAR SINGH KHARB,Rashtriya Jatigat Aarakshan Virodhi Party,532,3,535
Haryana,Sonipat,15,SUDHIR KUMAR,Bharat Prabhat Party,1581,8,1589
Haryana,Sonipat,16,ANIL KUMAR,Independent,1975,0,1975
Haryana,Sonipat,17,ASHWANI,Independent,1542,2,1544
Haryana,Sonipat,18,KARAN SINGH,Independent,1161,1,1162
Haryana,Sonipat,19,DR. JAGBIR SINGH,Independent,377,6,383
Haryana,Sonipat,20,JAI PRAKASH,Independent,196,0,196
Haryana,Sonipat,21,DHARAMBIR,Independent,499,1,500
Haryana,Sonipat,22,PARDEEP CHAHAL,Independent,128,0,128
Haryana,Sonipat,23,BIJENDER,Independent,235,1,236
Haryana,Sonipat,24,BIJENDER KUMAR,Independent,256,0,256
Haryana,Sonipat,25,MASTER RAMESH KHATRI LAMBARDAR,Independent,1701,0,1701
Haryana,Sonipat,26,RAVINDER KUMAR,Independent,290,0,290
Haryana,Sonipat,27,SHIYANAND TYAGI,Independent,257,2,259
Haryana,Sonipat,28,SATINDER RATHI,Independent,384,1,385
Haryana,Sonipat,29,SATISH RAJ DESWAL,Independent,4899,27,4926
Haryana,Sonipat,30,NOTA,None of the Above,2416,48,2464
Himachal Pradesh,Hamirpur,1,ANURAG SINGH THAKUR,Bharatiya Janata Party,668812,13880,682692
Himachal Pradesh,Hamirpur,2,DESH RAJ,Bahujan Samaj Party,6974,121,7095
Himachal Pradesh,Hamirpur,3,RAM LAL THAKUR,Indian National Congress,281000,2120,283120
Himachal Pradesh,Hamirpur,4,KRISHAN GOPAL,Satya Bahumat Party,2264,55,2319
Himachal Pradesh,Hamirpur,5,TULSI RAM SHARMA,All India Forward Bloc,766,9,775
Himachal Pradesh,Hamirpur,6,RAM SINGH SHUKLA,Bahujan Mukti Party,462,11,473
Himachal Pradesh,Hamirpur,7,ASHISH KUMAR,Independent,320,10,330
Himachal Pradesh,Hamirpur,8,ASHOK SHARMA,Independent,400,12,412
Himachal Pradesh,Hamirpur,9,PARVEEN THAKUR,Independent,695,4,699
Himachal Pradesh,Hamirpur,10,RADHA KRISHAN NAROTRA,Independent,1413,7,1420
Himachal Pradesh,Hamirpur,11,VIKASH KUMAR,Independent,1394,10,1404
Himachal Pradesh,Hamirpur,12,NOTA,None of the Above,7865,161,8026
Himachal Pradesh,Kangra,1,Kishan Kapoor,Bharatiya Janata Party,712133,13085,725218
Himachal Pradesh,Kangra,2,Dr. Kehar Singh,Bahujan Samaj Party,8719,147,8866
Himachal Pradesh,Kangra,3,Pawan Kajal,Indian National Congress,245474,2121,247595
Himachal Pradesh,Kangra,4,Prem Chand Vishvakarma,Navbharat Ekta Dal,2355,16,2371
Himachal Pradesh,Kangra,5,Dr. Swaroop Singh Rana,Swabhiman Party,945,14,959
Himachal Pradesh,Kangra,6,Subhash Chand,Himachal Jan Kranti Party,950,20,970
Himachal Pradesh,Kangra,7,Chander Bhan (Baabla),Independent,555,9,564
Himachal Pradesh,Kangra,8,Col. Narinder Pathania,Independent,861,47,908
Himachal Pradesh,Kangra,9,Nisha Katoch,Independent,1297,101,1398
Himachal Pradesh,Kangra,10,Bachan Singh Rana,Independent,2233,7,2240
Himachal Pradesh,Kangra,11,Dr. Sanjiv Guleria,Independent,4425,148,4573
Himachal Pradesh,Kangra,12,NOTA,None of the Above,11195,132,11327
Himachal Pradesh,Mandi,1,AASHRAY SHARMA,Indian National Congress,240184,1546,241730
Himachal Pradesh,Mandi,2,DALEEP SINGH KAITH,Communist Party of India (Marxist),14742,96,14838
Himachal Pradesh,Mandi,3,RAM SWAROOP SHARMA,Bharatiya Janata Party,638441,8748,647189
Himachal Pradesh,Mandi,4,SES RAM,Bahujan Samaj Party,9003,57,9060
Himachal Pradesh,Mandi,5,KARTAR CHAND,Swabhiman Party,874,6,880
Himachal Pradesh,Mandi,6,KHEM CHAND,Peoples Party of India (Democratic),508,3,511
Himachal Pradesh,Mandi,7,CHANDERMANI,All India Forward Bloc,496,9,505
Himachal Pradesh,Mandi,8,MEHAR SINGH,Rashtriya Azad Manch,579,3,582
Himachal Pradesh,Mandi,9,RAJENDER SURYAVANSHI,Ambedkarite Party of India,1865,8,1873
Himachal Pradesh,Mandi,10,SHIV LAL THAKUR,Bhartiya Shakti Chetna Party,714,37,751
Himachal Pradesh,Mandi,11,GUMAN SINGH,Independent,2312,32,2344
Himachal Pradesh,Mandi,12,GHANSHYAM CHAND THAKUR,Independent,773,2,775
Himachal Pradesh,Mandi,13,COL. THAKUR SINGH,Independent,1584,12,1596
Himachal Pradesh,Mandi,14,DEV RAJ BHARDWAJ,Independent,3653,0,3653
Himachal Pradesh,Mandi,15,DHARMENDER SINGH THAKUR,Independent,1856,4,1860
Himachal Pradesh,Mandi,16,BRIJ GOPAL,Independent,4085,2,4087
Himachal Pradesh,Mandi,17,SUBHASH MOHAN SNEHI,Independent,3835,4,3839
Himachal Pradesh,Mandi,18,NOTA,None of the Above,5187,111,5298
Himachal Pradesh,Shimla,1,DHANI RAM SHANDIL,Indian National Congress,277647,1021,278668
Himachal Pradesh,Shimla,2,VIKRAM SINGH,Bahujan Samaj Party,7696,63,7759
Himachal Pradesh,Shimla,3,SURESH KUMAR KASHYAP,Bharatiya Janata Party,601306,4877,606183
Himachal Pradesh,Shimla,4,MANOJ RAGHUVANSHI,All India Forward Bloc,5806,11,5817
Himachal Pradesh,Shimla,5,SHAMSHER SINGH,Rashtriya Azad Manch,3209,7,3216
Himachal Pradesh,Shimla,6,RAVI KUMAR DALIT,Independent,3600,8,3608
Himachal Pradesh,Shimla,7,NOTA,None of the Above,8305,52,8357
Jammu & Kashmir,Anantnag,1,HASNAIN MASOODI,Jammu & Kashmir National Conference,39898,148,40180
Jammu & Kashmir,Anantnag,2,GHULAM AHMAD MIR,Indian National Congress,32534,625,33504
Jammu & Kashmir,Anantnag,3,MEHBOOBA MUFTI,Jammu & Kashmir Peoples Democratic Party,30068,301,30524
Jammu & Kashmir,Anantnag,4,NISAR AHMAD WANI,Jammu & Kashmir National Panthers Party,544,19,589
Jammu & Kashmir,Anantnag,5,SOFI YOUSUF,Bharatiya Janata Party,2436,538,10225
Jammu & Kashmir,Anantnag,6,SURINDER SINGH,Pragatishil Samajwadi Party (Lohia),173,32,217
Jammu & Kashmir,Anantnag,7,SANJAY KUMAR DHAR,Manvadhikar National Party,577,10,677
Jammu & Kashmir,Anantnag,8,CH. ZAFFAR ALI,Jammu & Kashmir People Conference,1555,17,1646
Jammu & Kashmir,Anantnag,9,IMTIYAZ AHMAD RATHER,Independent,328,52,382
Jammu & Kashmir,Anantnag,10,RIDWANA SANAM,Independent,403,33,455
Jammu & Kashmir,Anantnag,11,RIYAZ AHMAD BHAT,Independent,184,6,194
Jammu & Kashmir,Anantnag,12,ZUBAIR MASOODI,Independent,533,11,547
Jammu & Kashmir,Anantnag,13,MIRZA SAJAD HUSSAIN BEIGH,Independent,419,4,425
Jammu & Kashmir,Anantnag,14,SHAMS KHWAJA,Independent,759,1,760
Jammu & Kashmir,Anantnag,15,ALI MOHAMMAD WANI,Independent,804,4,814
Jammu & Kashmir,Anantnag,16,GH. MOHD. WANI,Independent,1350,4,1369
Jammu & Kashmir,Anantnag,17,KYASIR AHMAD SHEIKH,Independent,831,7,847
Jammu & Kashmir,Anantnag,18,MANZOOR AHMAD KHAN,Independent,591,7,604
Jammu & Kashmir,Anantnag,19,NOTA,None of the Above,696,228,937
Jammu & Kashmir,Baramulla,1,JAHANGIR KHAN,Jammu & Kashmir National Panthers Party,4200,123,4329
Jammu & Kashmir,Baramulla,2,ABDUL QAYOOM WANI,Jammu & Kashmir Peoples Democratic Party,53300,223,53530
Jammu & Kashmir,Baramulla,3,HAJI FAROOQ AHMAD MIR,Indian National Congress,34193,292,34532
Jammu & Kashmir,Baramulla,4,MOHAMMAD AKBAR LONE,Jammu & Kashmir National Conference,132919,457,133426
Jammu & Kashmir,Baramulla,5,MOHD MAQBOOL WAR,Bharatiya Janata Party,5500,581,7894
Jammu & Kashmir,Baramulla,6,RAJA AIJAZ ALI,Jammu & Kashmir People Conference,102477,141,103193
Jammu & Kashmir,Baramulla,7,JAVID AHMAD QURESHI,Independent,3326,51,3383
Jammu & Kashmir,Baramulla,8,SYED NAJEEB SHAH NAQVI,Independent,4945,19,4967
Jammu & Kashmir,Baramulla,9,ENGINEER RASHID,Independent,100667,1491,102168
Jammu & Kashmir,Baramulla,10,NOTA,None of the Above,8055,58,8128
Jammu & Kashmir,Jammu,1,Badri Nath,Bahujan Samaj Party,14053,223,14276
Jammu & Kashmir,Jammu,2,Prof. Bhim Singh,Jammu & Kashmir National Panthers Party,3705,311,4016
Jammu & Kashmir,Jammu,3,Jugal Kishore,Bharatiya Janata Party,840214,17852,858066
Jammu & Kashmir,Jammu,4,Raman Bhalla,Indian National Congress,551187,4004,555191
Jammu & Kashmir,Jammu,5,Javaid Ahmed,All India Forward Bloc,3833,33,3866
Jammu & Kashmir,Jammu,6,Sushil Kumar,Hindusthan Nirman Dal,1261,20,1281
Jammu & Kashmir,Jammu,7,Syed Aqib Hussain,Independent People’s Party,1708,15,1723
Jammu & Kashmir,Jammu,8,Gursagar Singh,Navarang Congress Party,1086,17,1103
Jammu & Kashmir,Jammu,9,Lal Singh,"Dogra Swabhiman Sangathan Party,",6849,690,7539
Jammu & Kashmir,Jammu,10,Mohd Younis,Jammu & Kashmir Pir Panjal Awami Party,1584,28,1612
Jammu & Kashmir,Jammu,11,Manish Sahni,Shivsena,1157,35,1192
Jammu & Kashmir,Jammu,12,Ajay Kumar,Independent,915,26,941
Jammu & Kashmir,Jammu,13,Anil Singh,Independent,2118,13,2131
Jammu & Kashmir,Jammu,14,Balwan Singh,Independent,2182,12,2194
Jammu & Kashmir,Jammu,15,Bahadur,Independent,1180,21,1201
Jammu & Kashmir,Jammu,16,Perseen Singh,Independent,2608,4,2612
Jammu & Kashmir,Jammu,17,Tarseem Lal Khullar,Independent,2369,15,2384
Jammu & Kashmir,Jammu,18,Rajiv Chuni,Independent,1257,12,1269
Jammu & Kashmir,Jammu,19,Subash Chander,Independent,3723,16,3739
Jammu & Kashmir,Jammu,20,Satish Poonchi,Independent,3036,41,3077
Jammu & Kashmir,Jammu,21,Sakander Ahmad Nourani,Independent,1410,18,1428
Jammu & Kashmir,Jammu,22,Syed Zeshan Haider,Independent,1565,17,1582
Jammu & Kashmir,Jammu,23,Shazad Shabnam,Independent,1006,3,1009
Jammu & Kashmir,Jammu,24,Er. Ghulam Mustafa Chowdhary,Independent,2738,7,2745
Jammu & Kashmir,Jammu,25,NOTA,None of the Above,2546,72,2618
Jammu & Kashmir,Ladakh,1,Jamyang Tsering Namgyal,Bharatiya Janata Party,41315,1599,42914
Jammu & Kashmir,Ladakh,2,Rigzin Spalbar,Indian National Congress,20447,794,21241
Jammu & Kashmir,Ladakh,3,Asgar Ali Karbalai,Independent,29069,296,29365
Jammu & Kashmir,Ladakh,4,Sajjad Hussain,Independent,31552,432,31984
Jammu & Kashmir,Ladakh,5,NOTA,None of the Above,910,12,922
Jammu & Kashmir,Srinagar,1,Sheikh Khalid Jehangir,Bharatiya Janata Party,1962,85,4631
Jammu & Kashmir,Srinagar,2,Aga Syed Mohsin,Peoples Democratic Party,36609,80,36700
Jammu & Kashmir,Srinagar,3,Abdual Rashid Ganie,Jammu & Kashmir National Panthers Party,776,9,791
Jammu & Kashmir,Srinagar,4,Farooq Abdullah,Jammu & Kashmir National Conference,106456,154,106750
Jammu & Kashmir,Srinagar,5,Showkat Hussain Khan,Janata Dal (United),1245,4,1250
Jammu & Kashmir,Srinagar,6,Abdul Khaliq Bhat,Shivsena,574,2,578
Jammu & Kashmir,Srinagar,7,Irfan Raza Ansari,Jammu & Kashmir People Conference,28668,28,28773
Jammu & Kashmir,Srinagar,8,Nazir Ahmad Lone,Rashtriya Jankranti Party,500,6,506
Jammu & Kashmir,Srinagar,9,Nazir Ahmad Sofi,Manvadhikar National Party,1502,3,1507
Jammu & Kashmir,Srinagar,10,Bilal Sultan,Independent,1623,5,1630
Jammu & Kashmir,Srinagar,11,Sajjad Ahmad Dar,Independent,610,3,613
Jammu & Kashmir,Srinagar,12,Abdul Rashid Banday,Independent,1524,12,1537
Jammu & Kashmir,Srinagar,13,NOTA,None of the Above,1478,75,1566
Jammu & Kashmir,Udhampur,1,TILAK RAJ BHAGAT,Bahujan Samaj Party,16442,159,16601
Jammu & Kashmir,Udhampur,2,DR. JITENDRA SINGH,Bharatiya Janata Party,715406,8905,724311
Jammu & Kashmir,Udhampur,3,VIKRAMADITYA SINGH,Indian National Congress,366123,936,367059
Jammu & Kashmir,Udhampur,4,HARSH DEV SINGH,Jammu & Kashmir National Panthers Party,24135,184,24319
Jammu & Kashmir,Udhampur,5,LAL SINGH,"Dogra Swabhiman Sangathan Party,",18476,573,19049
Jammu & Kashmir,Udhampur,6,MOHD AYUB,Navarang Congress Party,1615,58,1673
Jammu & Kashmir,Udhampur,7,MEENAKSHI,Shivsena,1574,86,1660
Jammu & Kashmir,Udhampur,8,BANSI LAL,Independent,1296,11,1307
Jammu & Kashmir,Udhampur,9,RAKESH MUDGAL,Independent,1600,7,1607
Jammu & Kashmir,Udhampur,10,SHABER AHMED,Independent,4425,17,4442
Jammu & Kashmir,Udhampur,11,GARIB SINGH,Independent,4957,27,4984
Jammu & Kashmir,Udhampur,12,FIRDOUS AHMED BAWANI,Independent,5540,3,5543
Jammu & Kashmir,Udhampur,13,NOTA,None of the Above,7506,62,7568
Jharkhand,Chatra,1,ARJUN KUMAR,Communist Party of India,22558,19,22577
Jharkhand,Chatra,2,NAGESHWAR GANJHU,Bahujan Samaj Party,18797,91,18888
Jharkhand,Chatra,3,MANOJ KUMAR YADAV,Indian National Congress,149254,952,150206
Jharkhand,Chatra,4,SUNIL KUMAR SINGH,Bharatiya Janata Party,526205,1872,528077
Jharkhand,Chatra,5,SUBHASH PRASAD YADAV,Rashtriya Janata Dal,82991,434,83425
Jharkhand,Chatra,6,ASHUTOSH KUMAR,Purvanchal Janta Party (Secular),4483,0,4483
Jharkhand,Chatra,7,PANKAJ RANJAN,Jharkhand People's Party,2752,9,2761
Jharkhand,Chatra,8,RAMANAND DAS,Bhartiya Sarvodaya Party,2698,3,2701
Jharkhand,Chatra,9,SAGAR RAM,Akhil Bharat Hindu Mahasabha,3844,1,3845
Jharkhand,Chatra,10,ABDUL RAJAK ANSARI,Independent,3217,1,3218
Jharkhand,Chatra,11,AYUB KHAN,Independent,3825,3,3828
Jharkhand,Chatra,12,ARUN KUMAR YADAV,Independent,7224,3,7227
Jharkhand,Chatra,13,JAIDULA ANSARI,Independent,13090,0,13090
Jharkhand,Chatra,14,DULESHWAR SAW,Independent,6361,1,6362
Jharkhand,Chatra,15,DHANANJAY KUMAR,Independent,3855,1,3856
Jharkhand,Chatra,16,NANDLAL PRASAD,Independent,15855,4,15859
Jharkhand,Chatra,17,NANDLAL PRASAD KESHARI,Independent,4107,4,4111
Jharkhand,Chatra,18,PAWAN KUMAR,Independent,1590,5,1595
Jharkhand,Chatra,19,PRAMOD TOPPO,Independent,3250,38,3288
Jharkhand,Chatra,20,BAGENDRA RAM,Independent,8252,4,8256
Jharkhand,Chatra,21,BHAGALPURI YADAV,Independent,3732,0,3732
Jharkhand,Chatra,22,MANOJ KUMAR PANDEY,Independent,2048,4,2052
Jharkhand,Chatra,23,YOGENDRA YADAV,Independent,3887,0,3887
Jharkhand,Chatra,24,RAMESHI RAM,Independent,6087,2,6089
Jharkhand,Chatra,25,RAJENDRA SAHU,Independent,11148,76,11224
Jharkhand,Chatra,26,SHAUKAT ALI,Independent,2987,1,2988
Jharkhand,Chatra,27,NOTA,None of the Above,8264,48,8312
Jharkhand,Dhanbad,1,KIRTI AZAD,Indian National Congress,340141,899,341040
Jharkhand,Dhanbad,2,PASHUPATI NATH SINGH,Bharatiya Janata Party,824704,2530,827234
Jharkhand,Dhanbad,3,MADHVI SINGH,All India Trinamool Congress,8208,27,8235
Jharkhand,Dhanbad,4,MEGHNATH RAWANI,Bahujan Samaj Party,4207,34,4241
Jharkhand,Dhanbad,5,DEEPAK KUMAR DAS,Peoples Party of India (Democratic),2183,11,2194
Jharkhand,Dhanbad,6,MANTOSH KUMAR MANDAL,Amra Bangalee,1631,4,1635
Jharkhand,Dhanbad,7,MIHIR CHANDRA MAHATO,Ambedkarite Party of India,2994,10,3004
Jharkhand,Dhanbad,8,MERAJ KHAN,Samajwadi Party,1446,7,1453
Jharkhand,Dhanbad,9,RAM LAL MAHTO,SOCIALIST UNITY CENTRE OF INDIA (COMMUNIST),1730,11,1741
Jharkhand,Dhanbad,10,SUDHIR KUMAR MAHATO,Bahujan Mukti Party,7447,48,7495
Jharkhand,Dhanbad,11,HEERA LAL SHANKHAVAR,All India Forward Bloc,1681,3,1684
Jharkhand,Dhanbad,12,UMESH PASWAN,Independent,1967,0,1967
Jharkhand,Dhanbad,13,PREM PRAKASH PASWAN,Independent,2115,2,2117
Jharkhand,Dhanbad,14,BAMAPADA BAURI,Independent,4127,8,4135
Jharkhand,Dhanbad,15,RAJESH KUMAR SINGH,Independent,11110,0,11110
Jharkhand,Dhanbad,16,LAKSHMI DEVI,Independent,10876,0,10876
Jharkhand,Dhanbad,17,VARUN KUMAR,Independent,4024,2,4026
Jharkhand,Dhanbad,18,SANJAY PASWAN,Independent,3761,1,3762
Jharkhand,Dhanbad,19,K.C.SINGH RAJ,Independent,1026,4,1030
Jharkhand,Dhanbad,20,SIDDHARTH GAUTAM,Independent,9470,22,9492
Jharkhand,Dhanbad,21,NOTA,None of the Above,4303,43,4346
Jharkhand,Dumka,1,ARJUN PUJHAR,All India Trinamool Congress,13084,20,13104
Jharkhand,Dumka,2,SHIBU SOREN,Jharkhand Mukti Morcha,436158,1175,437333
Jharkhand,Dumka,3,SUNIL SOREN,Bharatiya Janata Party,483748,1175,484923
Jharkhand,Dumka,4,SENAPATI MURMU,Communist Party of India,16150,7,16157
Jharkhand,Dumka,5,STEPHAN BESRA,Bahujan Samaj Party,3262,11,3273
Jharkhand,Dumka,6,SATISH SOREN,Jharkhand People's Party,1923,3,1926
Jharkhand,Dumka,7,THAKUROON SOREN,Independent,5569,2,5571
Jharkhand,Dumka,8,PROBINA MURMU,Independent,2228,2,2230
Jharkhand,Dumka,9,BAGHRAI SOREN,Independent,2074,1,2075
Jharkhand,Dumka,10,MOHRIL MURMU,Independent,2211,2,2213
Jharkhand,Dumka,11,RAMESH TUDU,Independent,2578,1,2579
Jharkhand,Dumka,12,RASKA SOREN,Independent,5135,0,5135
Jharkhand,Dumka,13,RAJESH BESRA,Independent,5882,0,5882
Jharkhand,Dumka,14,DR. SHRILAL KISKU,Independent,16562,0,16562
Jharkhand,Dumka,15,SAMUEL TUDU,Independent,12609,0,12609
Jharkhand,Dumka,16,NOTA,None of the Above,14365,31,14396
Jharkhand,Giridih,1,Chandra Prakash Choudhary,AJSU Party,646864,1413,648277
Jharkhand,Giridih,2,Jagarnath Mahto,Jharkhand Mukti Morcha,398268,1662,399930
Jharkhand,Giridih,3,Rasul Baksh,Bahujan Samaj Party,10018,43,10061
Jharkhand,Giridih,4,Amit Jani,Uttar Pradesh Navnirman Sena,2045,6,2051
Jharkhand,Giridih,5,Ahmad Ansari,Bhartiya Lokmat Rashtrwadi Party,1074,14,1088
Jharkhand,Giridih,6,Chandra Deo Prasad,Aihra National Party,1646,4,1650
Jharkhand,Giridih,7,Jogeshwar Thakur,Vishva SHakti Party,1223,2,1225
Jharkhand,Giridih,8,Dwaraka Prasad Lala,Republican Party of India (A),1893,3,1896
Jharkhand,Giridih,9,Madhu Sudan,"Jharkhand Party (Secular),",1236,8,1244
Jharkhand,Giridih,10,Shibu Singh,Bhartiya Manavadhikaar Federal Party,1203,3,1206
Jharkhand,Giridih,11,Sohrab Shah,Bahujan Mukti Party,1444,4,1448
Jharkhand,Giridih,12,Rajendra Dasaundhi,Independent,1664,3,1667
Jharkhand,Giridih,13,Sanjeev Kumar Mahato,Independent,2214,3,2217
Jharkhand,Giridih,14,Simmi Suman,Independent,4160,13,4173
Jharkhand,Giridih,15,Sunita Tudu,Independent,9069,8,9077
Jharkhand,Giridih,16,NOTA,None of the Above,19669,39,19708
Jharkhand,Godda,1,Zaffar Obaid,Bahujan Samaj Party,17531,52,17583
Jharkhand,Godda,2,Nishikant Dubey,Bharatiya Janata Party,635383,2227,637610
Jharkhand,Godda,3,Pradeep Yadav,Jharkhand Vikas Morcha (Prajatantrik),450677,2706,453383
Jharkhand,Godda,4,Asha Makade,Pichhara Samaj Party United,6571,9,6580
Jharkhand,Godda,5,Noor Hassan,Rashtriya Samta Party (Secular),2302,5,2307
Jharkhand,Godda,6,Bajrangi Mahtha,Bahujan Mukti Party,3017,6,3023
Jharkhand,Godda,7,Murari Kapri,Aam Adhikar Morcha,2625,2,2627
Jharkhand,Godda,8,Anup Kumar Sinha,Independent,2533,1,2534
Jharkhand,Godda,9,Jitendra Kumar Barnwal,Independent,2978,4,2982
Jharkhand,Godda,10,Madhusudan Ray,Independent,6287,14,6301
Jharkhand,Godda,11,Mahesh Kumar Suman,Independent,10352,2,10354
Jharkhand,Godda,12,K. Rangaiah,Independent,16453,3,16456
Jharkhand,Godda,13,Birendra Kumar,Independent,13610,3,13613
Jharkhand,Godda,14,NOTA,None of the Above,18650,33,18683
Jharkhand,Hazaribagh,1,GOPAL PRASAD SAHU,Indian National Congress,249022,228,249250
Jharkhand,Hazaribagh,2,JAYANT SINHA,Bharatiya Janata Party,727359,1439,728798
Jharkhand,Hazaribagh,3,BHUBNESHWAR PRASAD MEHTA,Communist Party of India,32074,35,32109
Jharkhand,Hazaribagh,4,VINOD KUMAR,Bahujan Samaj Party,8768,25,8793
Jharkhand,Hazaribagh,5,KRISHAN KUMAR SINGH,Bharat Prabhat Party,1688,2,1690
Jharkhand,Hazaribagh,6,JAGAT KUMAR SONI,Bhartiya Azad Sena,1527,0,1527
Jharkhand,Hazaribagh,7,BHAWESH KUMAR MISHRA,Bharatiya Jan Kranti Dal (Democratic),1840,2,1842
Jharkhand,Hazaribagh,8,MISBAHUL ISLAM,Peoples Party of India (Democratic),1716,0,1716
Jharkhand,Hazaribagh,9,MD. MUBARAK,Janata Congress,1795,7,1802
Jharkhand,Hazaribagh,10,RAJNI DEVI,Jai Prakash Janata Dal,2131,6,2137
Jharkhand,Hazaribagh,11,RAJESH RANJAN,SOCIALIST UNITY CENTRE OF INDIA (COMMUNIST),2179,2,2181
Jharkhand,Hazaribagh,12,RAMESHWAR RAM KUSHWAHA,All India Forward Bloc,2393,3,2396
Jharkhand,Hazaribagh,13,GAUTAM KUMAR,Independent,3046,2,3048
Jharkhand,Hazaribagh,14,TEKOCHAND MAHTO,Independent,5608,4,5612
Jharkhand,Hazaribagh,15,MD. MOIN UDDIN AHMAD,Independent,15659,1,15660
Jharkhand,Hazaribagh,16,RAMAVTAR MAHTO,Independent,14826,3,14829
Jharkhand,Hazaribagh,17,NOTA,None of the Above,7524,15,7539
Jharkhand,Jamshedpur,1,Anjana Mahata,All India Trinamool Congress,9518,24,9542
Jharkhand,Jamshedpur,2,Ashraf Hussain,Bahujan Samaj Party,3350,9,3359
Jharkhand,Jamshedpur,3,Champai Soren,Jharkhand Mukti Morcha,377352,190,377542
Jharkhand,Jamshedpur,4,Bidyut Baran Mahato,Bharatiya Janata Party,678984,648,679632
Jharkhand,Jamshedpur,5,Angad Mahato,Amra Bangalee,6664,1,6665
Jharkhand,Jamshedpur,6,Asjadullah Imran,Bharat Prabhat Party,1788,1,1789
Jharkhand,Jamshedpur,7,Qamar Raza Khan,Bhartiya Panchyat Party,1463,0,1463
Jharkhand,Jamshedpur,8,Chandra Shekhar Mahato,Peoples Party of India (Democratic),1585,2,1587
Jharkhand,Jamshedpur,9,Panmani Singh,SOCIALIST UNITY CENTRE OF INDIA (COMMUNIST),2470,1,2471
Jharkhand,Jamshedpur,10,Malay Kumar Mahato,Communist Party of India (Marxist-Leninist) Red Star,1873,1,1874
Jharkhand,Jamshedpur,11,Mahesh Kumar,Right to Recall Party,2481,0,2481
Jharkhand,Jamshedpur,12,Ranjit Kumar Singh,Jharkhand Party,4625,5,4630
Jharkhand,Jamshedpur,13,Shekh Akhir Uddin,Jharkhand Party (Naren),7665,0,7665
Jharkhand,Jamshedpur,14,Sabita Kaivarto,Aihra National Party,6270,2,6272
Jharkhand,Jamshedpur,15,Subrat Kumar Pradhan,Ambedkarite Party of India,4848,2,4850
Jharkhand,Jamshedpur,16,Surya Singh Besra,Jharkhand People's Party,9280,8,9288
Jharkhand,Jamshedpur,17,Asit Kumar Singh,Independent,2365,1,2366
Jharkhand,Jamshedpur,18,Dinesh Mahato,Independent,1524,0,1524
Jharkhand,Jamshedpur,19,Deepak Kumar Giri,Independent,3518,0,3518
Jharkhand,Jamshedpur,20,Mubin Khan,Independent,3969,0,3969
Jharkhand,Jamshedpur,21,Rakesh Kumar,Independent,3239,0,3239
Jharkhand,Jamshedpur,22,Shailesh Kumar Singh,Independent,1495,1,1496
Jharkhand,Jamshedpur,23,Sarita Anand,Independent,1189,2,1191
Jharkhand,Jamshedpur,24,NOTA,None of the Above,5802,11,5813
Jharkhand,Khunti,1,ARJUN MUNDA,Bharatiya Janata Party,381566,1072,382638
Jharkhand,Khunti,2,INDUMATI MUNDU,Bahujan Samaj Party,7634,29,7663
Jharkhand,Khunti,3,KALI CHARAN MUNDA,Indian National Congress,380468,725,381193
Jharkhand,Khunti,4,AJAY TOPNO,Jharkhand Party,8770,68,8838
Jharkhand,Khunti,5,ABINASHI MUNDU,Hum Bhartiya Party,2362,11,2373
Jharkhand,Khunti,6,NEEL JUSTINE BECK,Bharatiya Minorities Suraksha Mahasangh,1850,14,1864
Jharkhand,Khunti,7,MUNNA BARAIK,Aihra National Party,1863,1,1864
Jharkhand,Khunti,8,SIBIL KANDULNA,Rashtriya Sangail Party,3888,7,3895
Jharkhand,Khunti,9,NIYARAN HERENJ,Independent,4559,1,4560
Jharkhand,Khunti,10,MEENAKSHI MUNDA,Independent,10976,13,10989
Jharkhand,Khunti,11,SUKHRAM HERENJ,Independent,5254,1,5255
Jharkhand,Khunti,12,NOTA,None of the Above,21236,9,21245
Jharkhand,Kodarma,1,ANNPURNA DEVI,Bharatiya Janata Party,751996,1020,753016
Jharkhand,Kodarma,2,KANCHAN KUMARI,All India Trinamool Congress,14082,37,14119
Jharkhand,Kodarma,3,BABU LAL MARANDI,Jharkhand Vikas Morcha (Prajatantrik),297232,184,297416
Jharkhand,Kodarma,4,SARFARAJ AHMAD,Bahujan Samaj Party,6350,9,6359
Jharkhand,Kodarma,5,AJAY KRISHNA,Rashtriya Jansangharsh Swaraj Party,2496,0,2496
Jharkhand,Kodarma,6,AVADHESH KUMAR SINGH,Vishva SHakti Party,3264,1,3265
Jharkhand,Kodarma,7,TUKLAL NAYAK,Hindusthan Nirman Dal,2219,1,2220
Jharkhand,Kodarma,8,DAYANAND KUMAR,Janata Congress,2178,3,2181
Jharkhand,Kodarma,9,BAYAS KUMAR,Moolniwasi Samaj Party,3254,0,3254
Jharkhand,Kodarma,10,RAJ KUMAR YADAV,Communist Party of India (Marxist-Leninist) (Liberation),68184,23,68207
Jharkhand,Kodarma,11,SHIVNATH SAW,All India Forward Bloc,4060,0,4060
Jharkhand,Kodarma,12,PRADIP TURI,Independent,6206,1,6207
Jharkhand,Kodarma,13,MD. MAHBOOB ALAM,Independent,9421,0,9421
Jharkhand,Kodarma,14,RAMESHWAR PRASAD YADAV,Independent,6156,0,6156
Jharkhand,Kodarma,15,NOTA,None of the Above,31156,8,31164
Jharkhand,Lohardaga,1,DINESH ORAON,All India Trinamool Congress,9500,143,9643
Jharkhand,Lohardaga,2,SHARVAN KUMAR PANNA,Bahujan Samaj Party,3992,56,4048
Jharkhand,Lohardaga,3,SUKHDEO BHAGAT,Indian National Congress,360068,1164,361232
Jharkhand,Lohardaga,4,SUDARSHAN BHAGAT,Bharatiya Janata Party,369527,2068,371595
Jharkhand,Lohardaga,5,DEOKUMAR DHAN,Jharkhand Party,19397,149,19546
Jharkhand,Lohardaga,6,AJIT KUMAR BHAGAT,Independent,2867,13,2880
Jharkhand,Lohardaga,7,AMBER SAURAV KUNAL,Independent,1889,0,1889
Jharkhand,Lohardaga,8,ANAND PAUL TIRKEY,Independent,2297,42,2339
Jharkhand,Lohardaga,9,ALON BAXLA,Independent,2304,13,2317
Jharkhand,Lohardaga,10,EKUS DHAN,Independent,2335,6,2341
Jharkhand,Lohardaga,11,KALINDRA ORAON,Independent,4052,9,4061
Jharkhand,Lohardaga,12,RAGHUNATH MAHLI,Independent,8948,2,8950
Jharkhand,Lohardaga,13,SANJAY ORAON,Independent,10658,5,10663
Jharkhand,Lohardaga,14,SANIYA ORAON,Independent,5256,7,5263
Jharkhand,Lohardaga,15,NOTA,None of the Above,10770,13,10783
Jharkhand,Palamau,1,ANJANA BHUIYAN,Bahujan Samaj Party,53452,145,53597
Jharkhand,Palamau,2,GHURAN RAM,Rashtriya Janata Dal,276967,1086,278053
Jharkhand,Palamau,3,VISHNU DAYAL RAM,Bharatiya Janata Party,753240,2419,755659
Jharkhand,Palamau,4,AMINDRA PASWAN,Bhartiya Lok Seva Dal,13039,8,13047
Jharkhand,Palamau,5,UDAY KUMAR PASWAN,Jan Sangharsh Virat Party,4163,1,4164
Jharkhand,Palamau,6,UMESH KUMAR PASWAN,Voters Party International,5094,5,5099
Jharkhand,Palamau,7,PRAYAG RAM,Proutist Sarva Samaj,2774,9,2783
Jharkhand,Palamau,8,BABAN BHUIYA,Jai Prakash Janata Dal,2857,4,2861
Jharkhand,Palamau,9,BALKESH PRASAD PASWAN,Ambedkar National Congress,4100,21,4121
Jharkhand,Palamau,10,MADAN RAM,Communist Party of India (Marxist-Leninist) Red Star,2417,3,2420
Jharkhand,Palamau,11,SHAYAM NARAYN BHUIAN,Bahujan Mukti Party,3091,2,3093
Jharkhand,Palamau,12,SUSHMA MEHTA,Communist Party of India (Marxist-Leninist) (Liberation),4996,8,5004
Jharkhand,Palamau,13,JORAWAR RAM,Independent,7260,7,7267
Jharkhand,Palamau,14,DINESH RAM,Independent,19490,1,19491
Jharkhand,Palamau,15,RAM JI PASWAN,Independent,13094,3,13097
Jharkhand,Palamau,16,VIJAY KUMAR,Independent,13958,3,13961
Jharkhand,Palamau,17,VIJAY RAM,Independent,4928,1,4929
Jharkhand,Palamau,18,SHRAWAN KUMAR RAVI,Independent,5850,1,5851
Jharkhand,Palamau,19,SATYENDRA KUMAR PASWAN,Independent,9437,5,9442
Jharkhand,Palamau,20,NOTA,None of the Above,5762,46,5808
Jharkhand,Rajmahal,1,GOPIN SOREN,Communist Party of India (Marxist),35577,9,35586
Jharkhand,Rajmahal,2,BAIDHNATH PAHADIYA,Bahujan Samaj Party,10360,14,10374
Jharkhand,Rajmahal,3,MONIKA KISKU,All India Trinamool Congress,17400,27,17427
Jharkhand,Rajmahal,4,VIJAY KUMAR HANSDAK,Jharkhand Mukti Morcha,506589,1241,507830
Jharkhand,Rajmahal,5,HEMLAL MURMU,Bharatiya Janata Party,407626,1009,408635
Jharkhand,Rajmahal,6,NEERAJ HEMBROM,All India Forward Bloc,7533,10,7543
Jharkhand,Rajmahal,7,MAHASHAY TUDU,Hindusthan Nirman Dal,2767,0,2767
Jharkhand,Rajmahal,8,MARY NISHA HANSDAK,Bahujan Mukti Party,2946,2,2948
Jharkhand,Rajmahal,9,CHRISTOPHER MURMU,Independent,3002,3,3005
Jharkhand,Rajmahal,10,BARNAD HEMBROM,Independent,4254,0,4254
Jharkhand,Rajmahal,11,MANGAL MARANDI,Independent,8232,2,8234
Jharkhand,Rajmahal,12,MANDAL HANSDA,Independent,12128,2,12130
Jharkhand,Rajmahal,13,MAHENDRA HANSDA,Independent,9074,3,9077
Jharkhand,Rajmahal,14,MAHESH PAHADIYA,Independent,4926,2,4928
Jharkhand,Rajmahal,15,NOTA,None of the Above,12898,21,12919
Jharkhand,Ranchi,1,BIDYADHAR PRASAD,Bahujan Samaj Party,8757,41,8798
Jharkhand,Ranchi,2,SANJAY SETH,Bharatiya Janata Party,704301,2527,706828
Jharkhand,Ranchi,3,SUBODH KANT SAHAY,Indian National Congress,422672,1130,423802
Jharkhand,Ranchi,4,AMAR KUMAR MAHTO,Republican Party of India (A),5826,11,5837
Jharkhand,Ranchi,5,ALOK KUMAR,Rashtriya Jansangharsh Swaraj Party,2398,6,2404
Jharkhand,Ranchi,6,PARMESHWAR MAHTO,Jharkhand Party,2033,17,2050
Jharkhand,Ranchi,7,RANJIT MAHTO,Peoples Party of India (Democratic),1389,3,1392
Jharkhand,Ranchi,8,RAMJIT MAHTO,Proutist Sarva Samaj,1505,0,1505
Jharkhand,Ranchi,9,VIKAS CHANDRA SHARMA,Communist Party of India (Marxist-Leninist) Red Star,1405,2,1407
Jharkhand,Ranchi,10,SIDHESHWAR SINGH,SOCIALIST UNITY CENTRE OF INDIA (COMMUNIST),2222,5,2227
Jharkhand,Ranchi,11,SUNITA MUNDA,Ambedkarite Party of India,6614,55,6669
Jharkhand,Ranchi,12,ANJANI PANDEY,Independent,3580,8,3588
Jharkhand,Ranchi,13,JAY PRAKASH PRASAD,Independent,2830,2,2832
Jharkhand,Ranchi,14,JITENDRA THAKUR,Independent,6383,0,6383
Jharkhand,Ranchi,15,NAND KISHORE YADAV,Independent,7795,6,7801
Jharkhand,Ranchi,16,RAJU MAHTO,Independent,9372,0,9372
Jharkhand,Ranchi,17,RAJESH KUMAR,Independent,2651,3,2654
Jharkhand,Ranchi,18,RAJESH THAPA,Independent,4439,1,4440
Jharkhand,Ranchi,19,RAM TAHAL CHOUDHARY,Independent,29454,143,29597
Jharkhand,Ranchi,20,SATISH SINGH,Independent,1473,1,1474
Jharkhand,Ranchi,21,NOTA,None of the Above,4348,33,4381
Jharkhand,Singhbhum,1,GEETA KORA,Indian National Congress,431545,270,431815
Jharkhand,Singhbhum,2,PARDESHI LAL MUNDA,Bahujan Samaj Party,9483,8,9491
Jharkhand,Singhbhum,3,LAXMAN GILUWA,Bharatiya Janata Party,359159,501,359660
Jharkhand,Singhbhum,4,KRISHNA MARDI,Jharkhand Mukti Morcha (Ulgulan),8640,32,8672
Jharkhand,Singhbhum,5,CHANDRA MOHAN HEMBROM,SOCIALIST UNITY CENTRE OF INDIA (COMMUNIST),4095,3,4098
Jharkhand,Singhbhum,6,PRATAP SINGH BANARA,Ambedkarite Party of India,11286,12,11298
Jharkhand,Singhbhum,7,HARI ORAWN,Kalinga Sena,5645,2,5647
Jharkhand,Singhbhum,8,ANIL SOREN,Independent,9151,3,9154
Jharkhand,Singhbhum,9,PUSHPA SINKU,Independent,15215,9,15224
Jharkhand,Singhbhum,10,NOTA,None of the Above,24261,9,24270
Karnataka,Bagalkot,1,Gaddigoudar Parvatagouda Chandanagouda,Bharatiya Janata Party,661662,2976,664638
Karnataka,Bagalkot,2,Mahmad Husen Mujawar,Bahujan Samaj Party,6713,30,6743
Karnataka,Bagalkot,3,Veena Kashappanavar,Indian National Congress,495636,815,496451
Karnataka,Bagalkot,4,Parashuram Laxman Neelnaik,Republican Party of India (Karnataka),7481,5,7486
Karnataka,Bagalkot,5,Basanagouda Ramanagouda Meti,Secular Democratic Congress,1009,7,1016
Karnataka,Bagalkot,6,Jamindar Maruti,Karnataka Jantha Paksha,722,3,725
Karnataka,Bagalkot,7,Muttappa Mudakappa Hirekumbi,Raita Bharat Party,811,0,811
Karnataka,Bagalkot,8,Adagal Rajendra,Bahujan Mukti Party,645,0,645
Karnataka,Bagalkot,9,Ramanagoud S Balawad,Hindustan Janta Party,806,0,806
Karnataka,Bagalkot,10,M Shashikumar Hlepadi,Uttama Prajaakeeya Party,1909,3,1912
Karnataka,Bagalkot,11,Pendari Buddesab Makabulsab,Independent,1171,0,1171
Karnataka,Bagalkot,12,Muttu S Surakod (Madar),Independent,2234,3,2237
Karnataka,Bagalkot,13,Ravi Shivappa Padasalagi,Independent,5488,1,5489
Karnataka,Bagalkot,14,Shivarajkumar Ajjappa Talawar,Independent,3154,1,3155
Karnataka,Bagalkot,15,NOTA,None of the Above,11315,13,11328
Karnataka,Bangalore central,1,M. K. Pasha,Bahujan Samaj Party,3876,13,3889
Karnataka,Bangalore central,2,P. C. Mohan,Bharatiya Janata Party,601170,1683,602853
Karnataka,Bangalore central,3,Rizwan Arshad,Indian National Congress,531196,689,531885
Karnataka,Bangalore central,4,C.J. Aditya,Independent,2201,0,2201
Karnataka,Bangalore central,5,B. Krishna Prasad,"Proutist Bloc, India",593,2,595
Karnataka,Bangalore central,6,Nawaz Dilber,Karnataka Karmikara Paksha,364,0,364
Karnataka,Bangalore central,7,Mellegatti Shridevi,Uttama Prajaakeeya Party,4264,7,4271
Karnataka,Bangalore central,8,Srinivasan R,Indian Christian Front,653,7,660
Karnataka,Bangalore central,9,Hunsur K. ChandraShekar,Democratic Prajakranthi Party Secularist,428,1,429
Karnataka,Bangalore central,10,Arun Prasad A,Viduthalai Chiruthaigal Katchi,382,0,382
Karnataka,Bangalore central,11,A. Christhuraj,Independent,471,4,475
Karnataka,Bangalore central,12,Kempurajan,Republican Sena,571,2,573
Karnataka,Bangalore central,13,Jenifar J. Russell,Independent,570,1,571
Karnataka,Bangalore central,14,Prakash Raj,Independent,28822,84,28906
Karnataka,Bangalore central,15,Pradeep Mendonca,Independent,1453,1,1454
Karnataka,Bangalore central,16,S. Pandurangan,Independent,1406,1,1407
Karnataka,Bangalore central,17,Francis Binny Jose,Independent,1191,3,1194
Karnataka,Bangalore central,18,Dr. Philip Mariyan,Independent,1416,1,1417
Karnataka,Bangalore central,19,S. Mohan Kumar,Independent,1994,4,1998
Karnataka,Bangalore central,20,Raparti Anil Kumar,Independent,300,0,300
Karnataka,Bangalore central,21,C. B. K. Rama,Independent,282,0,282
Karnataka,Bangalore central,22,Syed Asif Bukhari,Independent,361,7,368
Karnataka,Bangalore central,23,NOTA,None of the Above,10741,19,10760
Karnataka,Bangalore North,1,Krishna Byregowda,Indian National Congress,675834,1148,676982
Karnataka,Bangalore North,2,D.V. Sadananda Gowda,Bharatiya Janata Party,821934,2566,824500
Karnataka,Bangalore North,3,Syed Kawjawali Hydri,Bahujan Samaj Party,5283,14,5297
Karnataka,Bangalore North,4,Abdul Azeez,Karnataka Pragnyavantha Janatha Party,1206,1,1207
Karnataka,Bangalore North,5,Amirtha Jai Kumar Essac Yesaiah,Karnataka Karmikara Paksha,572,2,574
Karnataka,Bangalore North,6,Ahmed Khan,Bahujan Maha Party,1027,1,1028
Karnataka,Bangalore North,7,Kumar L.,Bharatiya Prajagala Kalyana Paksha,473,0,473
Karnataka,Bangalore North,8,Krishnamurthy V .,Right to Recall Party,1030,3,1033
Karnataka,Bangalore North,9,D.Jairam,Gareeb Aadmi Party,385,0,385
Karnataka,Bangalore North,10,N. Narayana Swamy,Jai Vijaya Bharathi Party,695,1,696
Karnataka,Bangalore North,11,Venu M.,Independent,577,3,580
Karnataka,Bangalore North,12,Santhosh M.,Uttama Prajaakeeya Party,6596,2,6598
Karnataka,Bangalore North,13,Abdul Karim Desai,Independent,684,2,686
Karnataka,Bangalore North,14,Abdul Basheer,Independent,1191,1,1192
Karnataka,Bangalore North,15,Umesh Babu Pillegowda,Independent,1409,1,1410
Karnataka,Bangalore North,16,Krishnaiah,Independent,2559,1,2560
Karnataka,Bangalore North,17,K.N. Jagadesh Kumar,Independent,8463,0,8463
Karnataka,Bangalore North,18,Thimmaraj Gowda,Independent,4462,0,4462
Karnataka,Bangalore North,19,Tulasappa Dasar,Independent,1144,0,1144
Karnataka,Bangalore North,20,L. Nagaraj,Independent,666,1,667
Karnataka,Bangalore North,21,Parameshwar Gowda,Independent,482,0,482
Karnataka,Bangalore North,22,Prasanna Kumar S.,Independent,353,0,353
Karnataka,Bangalore North,23,Dr.I.M.S. Manivan,Independent,571,0,571
Karnataka,Bangalore North,24,Dr. Meer Layaq Hussain,Independent,394,0,394
Karnataka,Bangalore North,25,C. RAVI KUMAR,Independent,359,0,359
Karnataka,Bangalore North,26,Vinay Kumar V.Nayak,Independent,1057,0,1057
Karnataka,Bangalore North,27,Venkataraju V.,Independent,362,0,362
Karnataka,Bangalore North,28,Venkatesasetty,Independent,539,0,539
Karnataka,Bangalore North,29,Shiva Manjesh K.S.,Independent,544,1,545
Karnataka,Bangalore North,30,Sumatha K.S.,Independent,1414,2,1416
Karnataka,Bangalore North,31,N. Hanume Gowda,Independent,1812,0,1812
Karnataka,Bangalore North,32,NOTA,None of the Above,11617,15,11632
Karnataka,Bangalore Rural,1,ASHWATHNARAYANGOWDA,Bharatiya Janata Party,670483,905,671388
Karnataka,Bangalore Rural,2,DR CHINNAPPA Y CHIKKAHAGADE,Bahujan Samaj Party,19943,29,19972
Karnataka,Bangalore Rural,3,D.K. SURESH,Indian National Congress,877712,546,878258
Karnataka,Bangalore Rural,4,N. KRISHNAPPA,Pyramid Party of India,8123,0,8123
Karnataka,Bangalore Rural,5,D M MADEGOWDA,Republican Sena,2800,1,2801
Karnataka,Bangalore Rural,6,MANJUNATHA. M,Uttama Prajaakeeya Party,9882,7,9889
Karnataka,Bangalore Rural,7,RAMA. T.C,SOCIALIST UNITY CENTRE OF INDIA (COMMUNIST),2092,2,2094
Karnataka,Bangalore Rural,8,Dr. M VENKATASWAMY,Republican Party of India (A),1460,2,1462
Karnataka,Bangalore Rural,9,VENKATESHAPPA,Sarva Janata Party,2024,1,2025
Karnataka,Bangalore Rural,10,ESWARA,Independent,924,0,924
Karnataka,Bangalore Rural,11,B. GOPAL,Independent,1859,0,1859
Karnataka,Bangalore Rural,12,H.T. CHIKKARAJU,Independent,1362,0,1362
Karnataka,Bangalore Rural,13,M.C. DEVARAJU,Independent,2020,0,2020
Karnataka,Bangalore Rural,14,J.T. PRAKASH,Independent,4785,0,4785
Karnataka,Bangalore Rural,15,RAGHU JANAGERE,Independent,2487,3,2490
Karnataka,Bangalore Rural,16,NOTA,None of the Above,12442,12,12454
Karnataka,Bangalore South,1,TEJASVI SURYA,Bharatiya Janata Party,736605,2624,739229
Karnataka,Bangalore South,2,A.RAJU,Bahujan Samaj Party,3846,18,3864
Karnataka,Bangalore South,3,B.K.HARIPRASAD,Indian National Congress,407372,665,408037
Karnataka,Bangalore South,4,DR.JOHN BASCO PHILIPS,Indian Christian Front,2355,2,2357
Karnataka,Bangalore South,5,THYAGARAJ,Republican Sena,789,0,789
Karnataka,Bangalore South,6,AHORATRA NATESHA POLEPALLI,Uttama Prajaakeeya Party,6128,8,6136
Karnataka,Bangalore South,7,DR. BANUPRAKASH A.S SATHYA YUGA,Pyramid Party of India,699,0,699
Karnataka,Bangalore South,8,RAVIKUMARA.T,Pragatishil Samajwadi Party (Lohia),418,1,419
Karnataka,Bangalore South,9,VATAL NAGARAJ,Kannada Chalavali Vatal Paksha,2500,10,2510
Karnataka,Bangalore South,10,R.SHEKAR,Viduthalai Chiruthaigal Katchi,540,0,540
Karnataka,Bangalore South,11,SYED SADIQ PASHA,Karnataka Karmikara Paksha,403,0,403
Karnataka,Bangalore South,12,AMBROSE D' MELLO,Independent,388,1,389
Karnataka,Bangalore South,13,B.CHIKKA NAGESHA,Independent,450,0,450
Karnataka,Bangalore South,14,CHETAN CHAMAN,Independent,1106,1,1107
Karnataka,Bangalore South,15,K.C.NAGABHUSHANA REDDY,Independent,641,0,641
Karnataka,Bangalore South,16,PRASHANTHA.C,Independent,2232,0,2232
Karnataka,Bangalore South,17,BRAHMANAND.N,Independent,2700,1,2701
Karnataka,Bangalore South,18,BHAGYA.S,Independent,1090,0,1090
Karnataka,Bangalore South,19,MANOHAR IYER,Independent,2152,0,2152
Karnataka,Bangalore South,20,MADESH.V,Independent,495,0,495
Karnataka,Bangalore South,21,KOLLUR MANJUNATHA NAIK,Independent,463,0,463
Karnataka,Bangalore South,22,YOGEESH NAGARAJ,Independent,281,0,281
Karnataka,Bangalore South,23,G VENKATESH BHOVI,Independent,240,1,241
Karnataka,Bangalore South,24,B.SREENIVASULU,Independent,368,0,368
Karnataka,Bangalore South,25,SANTHOSH MIN.B,Independent,959,1,960
Karnataka,Bangalore South,26,NOTA,None of the Above,9917,21,9938
Karnataka,Belgaum,1,ANGADI SURESH CHANNABASAPPA,Bharatiya Janata Party,756986,5005,761991
Karnataka,Belgaum,2,BADRODDIN KAMDOD,Bahujan Samaj Party,5574,176,5750
Karnataka,Belgaum,3,Dr.SADHUNAVAR,Indian National Congress,369944,743,370687
Karnataka,Belgaum,4,DILSHAD SIKANDAR TAHASHILDAR,Republican Party of India (A),4044,24,4068
Karnataka,Belgaum,5,MANJUNATH H RAJAPPANAVAR,Uttama Prajaakeeya Party,2113,15,2128
Karnataka,Belgaum,6,ANIL BABAN HEGADE,Independent,846,8,854
Karnataka,Belgaum,7,ASHUTOSH S KAMBALE,Independent,1920,3,1923
Karnataka,Belgaum,8,ANAND RAMESH PATIL,Independent,904,1,905
Karnataka,Belgaum,9,UDAY KUNDARGI,Independent,703,2,705
Karnataka,Belgaum,10,UDAY TUKARAM NAIK,Independent,823,6,829
Karnataka,Belgaum,11,ONKARSINGH BHATIA,Independent,1038,11,1049
Karnataka,Belgaum,12,KALLAPPA KRUSHNA KOWADKAR,Independent,1028,0,1028
Karnataka,Belgaum,13,KAVITA DEEPAK KOLE,Independent,1476,14,1490
Karnataka,Belgaum,14,KRISHNAKANT KAMANNA BIRJE,Independent,2396,1,2397
Karnataka,Belgaum,15,GAJANAN AMRUT TOKANEKAR,Independent,2298,1,2299
Karnataka,Belgaum,16,GANESH M DADDIKAR,Independent,8150,1,8151
Karnataka,Belgaum,17,GOPAL BALAWANTRAO DESAI,Independent,2366,2,2368
Karnataka,Belgaum,18,CHETAKKUMAR YALLAPPA KAMBLE,Independent,471,3,474
Karnataka,Belgaum,19,DHANANJAY RAJARAM PATIL,Independent,908,4,912
Karnataka,Belgaum,20,NAGESH SUBHASH BOBATE,Independent,702,6,708
Karnataka,Belgaum,21,NITEEN DHONDIBA ANANDACHE,Independent,458,0,458
Karnataka,Belgaum,22,NILKANTH MAHADEV PATIL,Independent,422,2,424
Karnataka,Belgaum,23,NANDA MARUTI KODACHWADKAR,Independent,588,4,592
Karnataka,Belgaum,24,PRAKASH BALAPPA NESARKAR,Independent,637,1,638
Karnataka,Belgaum,25,PRANAM PRAKASH PATIL,Independent,415,1,416
Karnataka,Belgaum,26,PRABHAKAR BHUJANG PATIL,Independent,558,2,560
Karnataka,Belgaum,27,PANDURANG MALLAPPA PATTAN,Independent,629,1,630
Karnataka,Belgaum,28,BULAND DEEPAK DALVI,Independent,573,3,576
Karnataka,Belgaum,29,MAHADEV MARUTI MANGANAKAR,Independent,641,2,643
Karnataka,Belgaum,30,MARUTI SIDDAPPA CHOUGULE,Independent,610,3,613
Karnataka,Belgaum,31,MEGHARAJ SHIVAGOUDAPPA KHANAGOUDAR,Independent,667,0,667
Karnataka,Belgaum,32,RANJIT KALLAPPA PATIL,Independent,1455,1,1456
Karnataka,Belgaum,33,RAJU CHANGAPPA DIVATAGI,Independent,2029,0,2029
Karnataka,Belgaum,34,RAJENDRA YALLAPPA PATIL,Independent,472,2,474
Karnataka,Belgaum,35,RAMCHANDRA KRISHNA GAONKAR,Independent,820,0,820
Karnataka,Belgaum,36,RAMCHANDRA DATTOBA PATIL,Independent,389,1,390
Karnataka,Belgaum,37,LAXMAN BHIMARAO DALAVI,Independent,596,2,598
Karnataka,Belgaum,38,LAXMANRAO SOMANNA MELGE,Independent,497,3,500
Karnataka,Belgaum,39,LAXMI SUNIL MUTAGEKAR,Independent,539,4,543
Karnataka,Belgaum,40,VIJAY KRISHNA MADAR,Independent,249,0,249
Karnataka,Belgaum,41,VIJAY LAXMAN PATIL,Independent,445,1,446
Karnataka,Belgaum,42,VINAYAK GOPAL GUNJATKAR,Independent,821,1,822
Karnataka,Belgaum,43,VINAYAK BALKRISHNA MORE,Independent,4064,2,4066
Karnataka,Belgaum,44,VISHWANATH RAGHUNATH BUWAJI,Independent,542,1,543
Karnataka,Belgaum,45,SHIVARAJ NARAYAN PATIL,Independent,469,0,469
Karnataka,Belgaum,46,SHRIKANT BALKRISHNA KADAM,Independent,579,1,580
Karnataka,Belgaum,47,SHUBHAM VIKRANT SHELKE,Independent,670,0,670
Karnataka,Belgaum,48,SHANKAR PUNNAPPA CHAUGALE,Independent,1874,2,1876
Karnataka,Belgaum,49,RATHOD SHANKAR PANDAPPA,Independent,3298,0,3298
Karnataka,Belgaum,50,SACHIN MANOHAR NIKAM,Independent,816,2,818
Karnataka,Belgaum,51,SACHIN SHANTARAM KELAVEKAR,Independent,1564,0,1564
Karnataka,Belgaum,52,SUNIL GUDDAKAYU,Independent,437,3,440
Karnataka,Belgaum,53,SUNIL VITTAL DASAR,Independent,950,1,951
Karnataka,Belgaum,54,SURESH KHEMANA RAJUKAR,Independent,283,1,284
Karnataka,Belgaum,55,SURESH BASAPPA MARALINGANNAVAR,Independent,306,2,308
Karnataka,Belgaum,56,SANJAY SHIVAPPA KAMBLE,Independent,461,2,463
Karnataka,Belgaum,57,SANDIP VASANTH LAD,Independent,398,8,406
Karnataka,Belgaum,58,NOTA,None of the Above,3206,27,3233
Karnataka,Bellary,1,V. S. UGRAPPA,Indian National Congress,559970,711,560681
Karnataka,Bellary,2,K. GULAPPA,Bahujan Samaj Party,9952,9,9961
Karnataka,Bellary,3,Y. DEVENDRAPPA,Bharatiya Janata Party,614274,2114,616388
Karnataka,Bellary,4,B. ESHWARAPPA,Shivsena,6919,0,6919
Karnataka,Bellary,5,A. DEVADAS,SOCIALIST UNITY CENTRE OF INDIA (COMMUNIST),3832,1,3833
Karnataka,Bellary,6,NAVEEN KUMAR. S,Bharat Prabhat Party,1402,0,1402
Karnataka,Bellary,7,NAYAKARA RAMAPPA,Indian Labour Party (Ambedkar Phule),1839,1,1840
Karnataka,Bellary,8,B. RAGHU,Pyramid Party of India,2656,2,2658
Karnataka,Bellary,9,P. D. RAMANAYAKA,Republican Party of India (Karnataka),2720,2,2722
Karnataka,Bellary,10,T. VEERESH,Samajwadi Forward Bloc,3397,0,3397
Karnataka,Bellary,11,CONDUCTOR PAMPAPATHI,Independent,3100,1,3101
Karnataka,Bellary,12,NOTA,None of the Above,9016,8,9024
Karnataka,Bidar,1,ESHWAR B. KHANDRE,Indian National Congress,467297,1340,468637
Karnataka,Bidar,2,BABA BUKHARI,Bahujan Samaj Party,15168,20,15188
Karnataka,Bidar,3,BHAGWANTH KHUBA,Bharatiya Janata Party,583833,1638,585471
Karnataka,Bidar,4,ABDUS SATTAR MUJAHED,Akhil Bharatiya Muslim League (Secular),4623,1,4624
Karnataka,Bidar,5,AMBRESH KENCHA,Uttama Prajaakeeya Party,1851,2,1853
Karnataka,Bidar,6,DAYANAND GODBOLE,Ambedkarite Party of India,3632,3,3635
Karnataka,Bidar,7,MOHAMMED ABDUL WAKEEL,Bharat Prabhat Party,970,0,970
Karnataka,Bidar,8,MOHAMMED YOUSUF,Praja Satta Party,742,0,742
Karnataka,Bidar,9,MD MERAJUDDIN,Bahujan Maha Party,1000,0,1000
Karnataka,Bidar,10,ADVOCATE MOULVI ZAMERUDDIN,National Development Party,1137,1,1138
Karnataka,Bidar,11,RAJKUMAR,Purvanchal Janta Party (Secular),1240,1,1241
Karnataka,Bidar,12,RAJAMABI DASTAGIR,BhartiyaBahujanKranti Dal,1208,0,1208
Karnataka,Bidar,13,SUGRIV BHARAT KACHAVE,Kranti Kari Jai Hind Sena,1707,0,1707
Karnataka,Bidar,14,SANTOSH RATHOD,Bharatiya Jan Kranti Dal (Democratic),3342,2,3344
Karnataka,Bidar,15,MOULAPPA. A. MALGE,Independent,2026,1,2027
Karnataka,Bidar,16,MAULASAB TADAKAL,Independent,4633,1,4634
Karnataka,Bidar,17,RAVIKANT. K. HUGAR VAKIL,Independent,5747,1,5748
Karnataka,Bidar,18,SHARAD GANDGE,Independent,3439,1,3440
Karnataka,Bidar,19,SHIVARAJ TIMMANNA BOKKE,Independent,4979,1,4980
Karnataka,Bidar,20,SHRIMANTH ARJUN YEVATE PATIL,Independent,1322,0,1322
Karnataka,Bidar,21,MUFTI SHIAK ABDUL GAFFAR,Independent,1259,0,1259
Karnataka,Bidar,22,SAIBANNA JAMADAR,Independent,1051,0,1051
Karnataka,Bidar,23,NOTA,None of the Above,1946,2,1948
Karnataka,Bijapur,1,JIGAJINAGI RAMESH CHANDAPPA,Bharatiya Janata Party,633868,1999,635867
Karnataka,Bijapur,2,PUJARI SHRINATH SANGAPPA,Bahujan Samaj Party,23389,53,23442
Karnataka,Bijapur,3,DR. SUNITA DEVANAND CHAVAN,Janata Dal (Secular),377342,487,377829
Karnataka,Bijapur,4,GURUBASAVA. P . RABAKAVI,Uttama Prajaakeeya Party,8475,4,8479
Karnataka,Bijapur,5,SHRIVENKATESHWAR MAHA SWAMIJI (KATAKADHOND D.G),Hindustan Janta Party,2643,3,2646
Karnataka,Bijapur,6,YAMANAPPA VITTAL GUNADAL,Republican Party of India (Karnataka),2952,5,2957
Karnataka,Bijapur,7,RUDRAPPA DEYAPPA CHALAWADI,Bharipa Bahujan Mahasangh,3215,1,3216
Karnataka,Bijapur,8,DADASAB SIDDAPPA BAGAYAT,Independent,4186,2,4188
Karnataka,Bijapur,9,DONDIBA RAMU RATHOD,Independent,4099,3,4102
Karnataka,Bijapur,10,DHAREPPA MAHADEV ARDHAVAR,Independent,23701,5,23706
Karnataka,Bijapur,11,BALAJI DYAMANNA WADDAR (YATNAL),Independent,7641,3,7644
Karnataka,Bijapur,12,RAMAPPA HARIJAN (HOLER),Independent,4990,2,4992
Karnataka,Bijapur,13,NOTA,None of the Above,12280,6,12286
Karnataka,Chamarajanagar,1,R. DHRUVANARAYANA,Indian National Congress,565754,966,566720
Karnataka,Chamarajanagar,2,Dr. SHIVAKUMARA,Bahujan Samaj Party,87208,423,87631
Karnataka,Chamarajanagar,3,V. SRINIVAS PRASAD,Bharatiya Janata Party,567010,1527,568537
Karnataka,Chamarajanagar,4,HANUR NAGARAJU,Uttama Prajaakeeya Party,9501,9,9510
Karnataka,Chamarajanagar,5,PRASANNA KUMAR. B,Karnataka Praja Party (RaithaParva),2680,4,2684
Karnataka,Chamarajanagar,6,SUBBAIAH,Indian New Congress Party,4604,2,4606
Karnataka,Chamarajanagar,7,ANAND JIVAN RAM,Independent,3000,0,3000
Karnataka,Chamarajanagar,8,N. AMBARISH,Independent,4067,0,4067
Karnataka,Chamarajanagar,9,M. PRADEEP KUMAR,Independent,6553,1,6554
Karnataka,Chamarajanagar,10,G.D. RAJAGOPAL,Independent,4632,1,4633
Karnataka,Chamarajanagar,11,NOTA,None of the Above,12706,10,12716
Karnataka,Chikkballapur,1,Dr. C.S.Dwarakanath,Bahujan Samaj Party,23418,28,23446
Karnataka,Chikkballapur,2,B.N.Bache Gowda,Bharatiya Janata Party,744475,1437,745912
Karnataka,Chikkballapur,3,S.Varalakshmi,Communist Party of India (Marxist),18639,9,18648
Karnataka,Chikkballapur,4,M.Veerappa Moily,Indian National Congress,563396,406,563802
Karnataka,Chikkballapur,5,D.Palya Khadar Subhan Khan,Samajwadi Janata Party(Karnataka),4991,0,4991
Karnataka,Chikkballapur,6,Nazir Ahmed,Karnataka Karmikara Paksha,1743,0,1743
Karnataka,Chikkballapur,7,Nagendra Rao Shinde,Karnataka Jantha Paksha,1288,0,1288
Karnataka,Chikkballapur,8,S.R.Nageshareddy,Ambedkar Samaj Party,3549,1,3550
Karnataka,Chikkballapur,9,Muniraju.G,Uttama Prajaakeeya Party,5092,1,5093
Karnataka,Chikkballapur,10,AbdulKarim Desai,Independent,832,0,832
Karnataka,Chikkballapur,11,Alanguru Kanakalakshmi,Independent,1018,2,1020
Karnataka,Chikkballapur,12,Nasrulla,Independent,1362,0,1362
Karnataka,Chikkballapur,13,Nalina.K.S,Independent,3518,0,3518
Karnataka,Chikkballapur,14,L. Nagaraj,Independent,1655,0,1655
Karnataka,Chikkballapur,15,Phaniraj.S.V,Independent,2078,0,2078
Karnataka,Chikkballapur,16,NOTA,None of the Above,8015,10,8025
Karnataka,Chikkodi,1,ANNASAHEB SHANKAR JOLLE,Bharatiya Janata Party,641232,3785,645017
Karnataka,Chikkodi,2,PRAKASH BABANNA HUKKERI,Indian National Congress,524871,1269,526140
Karnataka,Chikkodi,3,MACHENDRA DAVALU KADAPURE,Bahujan Samaj Party,15508,67,15575
Karnataka,Chikkodi,4,APPASAHEB SHRIPATI KURANE,Bharipa Bahujan Mahasangh,2742,13,2755
Karnataka,Chikkodi,5,PRAVEENKUMAR BALIGATTI,Uttama Prajaakeeya Party,1530,16,1546
Karnataka,Chikkodi,6,MAGDUM ISMAILMAGDUM,Republican Party of India,1050,9,1059
Karnataka,Chikkodi,7,KALLAPPA GUDASI,Independent,4941,7,4948
Karnataka,Chikkodi,8,JITENDRA SUBHASH NERLE,Independent,1719,7,1726
Karnataka,Chikkodi,9,MOHAN GURAPPA MOTANNAVAR,Independent,1482,5,1487
Karnataka,Chikkodi,10,WAJANTRI VISHWNATH KALLOLI,Independent,2023,5,2028
Karnataka,Chikkodi,11,SHRINIK ANNASAHEB JANGATE,Independent,4906,0,4906
Karnataka,Chikkodi,12,NOTA,None of the Above,10341,21,10362
Karnataka,Chitradurga,1,B N CHANDRAPPA,Indian National Congress,545159,858,546017
Karnataka,Chitradurga,2,A NARAYANASWAMY,Bharatiya Janata Party,624200,1995,626195
Karnataka,Chitradurga,3,MAHANTHESH C U,Bahujan Samaj Party,8896,11,8907
Karnataka,Chitradurga,4,ARUNACHALAM Y,Pyramid Party of India,2220,0,2220
Karnataka,Chitradurga,5,DEVENDRAPPA,Uttama Prajaakeeya Party,4276,4,4280
Karnataka,Chitradurga,6,NIRANJANA A D CHEELANGI,Ambedkar Samaj Party,7771,2,7773
Karnataka,Chitradurga,7,S MEETYANAIK,Pragatishil Samajwadi Party (Lohia),1631,5,1636
Karnataka,Chitradurga,8,KUMAR Y,Independent,1612,4,1616
Karnataka,Chitradurga,9,GANESH,Independent,1760,0,1760
Karnataka,Chitradurga,10,THIPPESWAMY T,Independent,1570,1,1571
Karnataka,Chitradurga,11,C H NARAYANASWAMY,Independent,3801,1,3802
Karnataka,Chitradurga,12,D PENNAPPA TURUVANUR,Independent,2359,0,2359
Karnataka,Chitradurga,13,V S BHUTHARAJA,Independent,2464,0,2464
Karnataka,Chitradurga,14,RAMESHA V,Independent,2718,3,2721
Karnataka,Chitradurga,15,L RANGAPPA (RTD.DDPI),Independent,4306,6,4312
Karnataka,Chitradurga,16,LOKESHA M K,Independent,7025,1,7026
Karnataka,Chitradurga,17,N T VIJAYAKUMAR,Independent,8705,2,8707
Karnataka,Chitradurga,18,L VENUGOPAL,Independent,6378,1,6379
Karnataka,Chitradurga,19,R HANUMANTHAPPA,Independent,1836,1,1837
Karnataka,Chitradurga,20,NOTA,None of the Above,4348,20,4368
Karnataka,Dakshina Kannada,1,NALIN KUMAR KATEEL,Bharatiya Janata Party,772754,1531,774285
Karnataka,Dakshina Kannada,2,MITHUN M RAI,Indian National Congress,499387,277,499664
Karnataka,Dakshina Kannada,3,S. SATHISH SALIAN,Bahujan Samaj Party,4709,4,4713
Karnataka,Dakshina Kannada,4,MOHAMMED ELIYAS,SOCIAL DEMOCRATIC PARTY OF INDIA,46834,5,46839
Karnataka,Dakshina Kannada,5,VIJAY SHREENIVAS .C,Uttama Prajaakeeya Party,1628,1,1629
Karnataka,Dakshina Kannada,6,SUPREETH KUMAR POOJARY,Hindustan Janta Party,948,0,948
Karnataka,Dakshina Kannada,7,ABDUL HAMEED,Independent,554,0,554
Karnataka,Dakshina Kannada,8,ALEXANDER,Independent,2751,1,2752
Karnataka,Dakshina Kannada,9,DEEPAK RAJESH COELHO,Independent,747,1,748
Karnataka,Dakshina Kannada,10,MOHAMMAD KHALID,Independent,602,0,602
Karnataka,Dakshina Kannada,11,MAXIM PINTO,Independent,908,0,908
Karnataka,Dakshina Kannada,12,VENKATESH BENDE,Independent,1702,0,1702
Karnataka,Dakshina Kannada,13,H. SURESH POOJARY,Independent,2314,1,2315
Karnataka,Dakshina Kannada,14,NOTA,None of the Above,7375,5,7380
Karnataka,Davanagere,1,H B MANJAPPA,Indian National Congress,482683,611,483294
Karnataka,Davanagere,2,SIDDAPPA B H,Bahujan Samaj Party,7723,13,7736
Karnataka,Davanagere,3,G M SIDDESHWAR,Bharatiya Janata Party,651353,1643,652996
Karnataka,Davanagere,4,H ESHWARAPPA,India Praja Bandhu Party,4623,2,4625
Karnataka,Davanagere,5,GANESHA B A,Uttama Prajaakeeya Party,3213,7,3220
Karnataka,Davanagere,6,MADHU THOGALERI,SOCIALIST UNITY CENTRE OF INDIA (COMMUNIST),1258,0,1258
Karnataka,Davanagere,7,RAVINDRA NAVALE,Indian Labour Party (Ambedkar Phule),822,0,822
Karnataka,Davanagere,8,S K AFZALKHAN,Independent,803,0,803
Karnataka,Davanagere,9,ABDUL NAZEER SAB,Independent,987,0,987
Karnataka,Davanagere,10,MOHAMMED ALEEMULLA,Independent,1172,1,1173
Karnataka,Davanagere,11,ALUR M G SWAMY,Independent,898,0,898
Karnataka,Davanagere,12,V IQBAL AHEMAD,Independent,1038,0,1038
Karnataka,Davanagere,13,B V TIPPESWAMY GOSHALE,Independent,1612,0,1612
Karnataka,Davanagere,14,A T DADAKHALANDAR,Independent,2723,0,2723
Karnataka,Davanagere,15,BARKATH ALI,Independent,1505,0,1505
Karnataka,Davanagere,16,MOHAMED HAYATH,Independent,4953,1,4954
Karnataka,Davanagere,17,MANJUNATHA MARIKOPPA,Independent,5947,0,5947
Karnataka,Davanagere,18,C M MANJUNATHA SWAMI,Independent,4488,2,4490
Karnataka,Davanagere,19,V MANJUNATHACHAR,Independent,4568,3,4571
Karnataka,Davanagere,20,M B VEERABHADRAPPA,Independent,1733,0,1733
Karnataka,Davanagere,21,SHASHIKUMAR R N,Independent,1097,3,1100
Karnataka,Davanagere,22,Dr|| SRIDHARA UDUPA,Independent,613,0,613
Karnataka,Davanagere,23,S S SUBHAN KHAN,Independent,851,0,851
Karnataka,Davanagere,24,SYED. ZABIULLA K,Independent,978,0,978
Karnataka,Davanagere,25,HARISH HALLI,Independent,1561,0,1561
Karnataka,Davanagere,26,NOTA,None of the Above,3091,7,3098
Karnataka,Dharwad,1,Irappa Madar,Bahujan Samaj Party,6322,22,6344
Karnataka,Dharwad,2,Pralhad Joshi,Bharatiya Janata Party,682557,2280,684837
Karnataka,Dharwad,3,Vinay Kulkarni,Indian National Congress,479119,646,479765
Karnataka,Dharwad,4,Gangadhar Badiger,SOCIALIST UNITY CENTRE OF INDIA (COMMUNIST),4750,5,4755
Karnataka,Dharwad,5,Vadiraj Mannari Madhusudhan (Pandurangi),All India Hindustan Congress Party,1186,3,1189
Karnataka,Dharwad,6,Raju Harishchandra Kamble,Azad Mazdoor Kissan Party,826,3,829
Karnataka,Dharwad,7,Revanshiddappa Basavaraj Talawar,Bharatiya Prajagala Kalyana Paksha,707,4,711
Karnataka,Dharwad,8,Vinod D Ghodke,"Proutist Bloc, India",725,0,725
Karnataka,Dharwad,9,Santosh Nandur,Uttama Prajaakeeya Party,1564,2,1566
Karnataka,Dharwad,10,Dundasi Abdulrahiman Mahammad Hanif,Independent,904,1,905
Karnataka,Dharwad,11,Udayakumar Ayyappa Ambiger,Independent,896,3,899
Karnataka,Dharwad,12,B. G. Sangannavar,Independent,1093,0,1093
Karnataka,Dharwad,13,Makhtum khan. Hasanalikhan Sirdesai,Independent,1739,1,1740
Karnataka,Dharwad,14,Mallikarjunagouda Giriyappagouda Balanagoudra,Independent,4457,1,4458
Karnataka,Dharwad,15,Raju. Anantsa. Naikwadi,Independent,4425,1,4426
Karnataka,Dharwad,16,Maradagi Veerappa Gurushantappa,Independent,4081,0,4081
Karnataka,Dharwad,17,Shakeel Ahmad Abdulsattar Dodwad,Independent,1894,1,1895
Karnataka,Dharwad,18,Somashekhar. Peeraji. Yadav.,Independent,5400,0,5400
Karnataka,Dharwad,19,Hashinabanu Tapalvale,Independent,4370,5,4375
Karnataka,Dharwad,20,NOTA,None of the Above,3503,9,3512
Karnataka,Gulbarga,1,DR. UMESH G JADHAV,Bharatiya Janata Party,617692,2500,620192
Karnataka,Gulbarga,2,MALLIKARJUN KHARGE,Indian National Congress,523552,1188,524740
Karnataka,Gulbarga,3,K. B. VASU,Bahujan Samaj Party,10852,13,10865
Karnataka,Gulbarga,4,D. K. KONKATE KEROOR,Rashtriya Samaj Paksha,1485,0,1485
Karnataka,Gulbarga,5,RAJKUMAR,BhartiyaBahujanKranti Dal,950,1,951
Karnataka,Gulbarga,6,MAHESH LAMBANI,Uttama Prajaakeeya Party,1780,3,1783
Karnataka,Gulbarga,7,VIJAY JADHAV,Sarva Janata Party,6507,0,6507
Karnataka,Gulbarga,8,S. M. SHARMA,SOCIALIST UNITY CENTRE OF INDIA (COMMUNIST),2247,2,2249
Karnataka,Gulbarga,9,SHANKAR JADHAV,Bharatiya Peoples Party,1647,2,1649
Karnataka,Gulbarga,10,G. TIMMARAJU,Independent,1361,0,1361
Karnataka,Gulbarga,11,DR. M. P. DARAKESHWARAIAH,Independent,2035,1,2036
Karnataka,Gulbarga,12,RAMESH BHEEMSINGH CHAVAN,Independent,5055,1,5056
Karnataka,Gulbarga,13,NOTA,None of the Above,10482,5,10487
Karnataka,Hassan,1,PRAJWAL REVANNA,Janata Dal (Secular),675512,1094,676606
Karnataka,Hassan,2,MANJU A,Bharatiya Janata Party,533389,1893,535282
Karnataka,Hassan,3,VINODRAJ K H,Bahujan Samaj Party,38682,79,38761
Karnataka,Hassan,4,H M CHANDREGOWDA,Uttama Prajaakeeya Party,7007,16,7023
Karnataka,Hassan,5,M. MAHESH (AL: LOKESH),Independent,3706,4,3710
Karnataka,Hassan,6,R G SATHISHA,Independent,4501,7,4508
Karnataka,Hassan,7,NOTA,None of the Above,11641,21,11662
Karnataka,Haveri,1,AYUBAKHAN A PATHAN,Bahujan Samaj Party,7458,21,7479
Karnataka,Haveri,2,D.R. PATIL,Indian National Congress,541969,809,542778
Karnataka,Haveri,3,UDASI. S.C.,Bharatiya Janata Party,681147,2513,683660
Karnataka,Haveri,4,ISHWAR PATIL,Uttama Prajaakeeya Party,7010,14,7024
Karnataka,Haveri,5,SHYLESH NAZARE ASHOK,Indian Labour Party (Ambedkar Phule),1243,1,1244
Karnataka,Haveri,6,BASAVARAJ. S. DESAI,Independent,1301,4,1305
Karnataka,Haveri,7,BOMMOJI. RAMAPPA. SIDDAPPA,Independent,1387,2,1389
Karnataka,Haveri,8,VEERABHADRAPPA VEERAPPA KABBINADA URF BANDI,Independent,2281,2,2283
Karnataka,Haveri,9,SIDDAPPA. KALLAPPA. POOJAR,Independent,5856,2,5858
Karnataka,Haveri,10,HANUMANTHAPPA.D.KABBAR,Independent,6242,5,6247
Karnataka,Haveri,11,NOTA,None of the Above,7402,10,7412
Karnataka,Kolar,1,JAYAPRASAD M.G,Bahujan Samaj Party,9846,15,9861
Karnataka,Kolar,2,K.H. MUNIYAPPA,Indian National Congress,498259,885,499144
Karnataka,Kolar,3,S. MUNISWAMY,Bharatiya Janata Party,707930,1235,709165
Karnataka,Kolar,4,ASHOK CHAKRAVARTHI M.B,Ambedkar Samaj Party,7075,10,7085
Karnataka,Kolar,5,G. CHIKKANARAYANA,Republican Sena,1491,0,1491
Karnataka,Kolar,6,RAMANJI. R,Uttama Prajaakeeya Party,3406,6,3412
Karnataka,Kolar,7,DHANAMATNALLI VENKATESHAPPA,Republican Party of India (A),1014,1,1015
Karnataka,Kolar,8,SARVESH N.M.,Pyramid Party of India,1407,0,1407
Karnataka,Kolar,9,MEDIHALA CHALAVADI M CHANDRASHEKAR,Independent,1453,1,1454
Karnataka,Kolar,10,MUNIRAJAPPA. P,Independent,1183,1,1184
Karnataka,Kolar,11,Dr. RAMESH BABU. V.M.,Independent,1490,4,1494
Karnataka,Kolar,12,RAJ KUMARESAN. L,Independent,2877,4,2881
Karnataka,Kolar,13,C. SHANKARAPPA,Independent,2493,2,2495
Karnataka,Kolar,14,N.C. SUBBARAYAPPA,Independent,2574,0,2574
Karnataka,Kolar,15,NOTA,None of the Above,13873,16,13889
Karnataka,Koppal,1,K.RAJASHEKAR BASAVARAJ HITNAL,Indian National Congress,547573,813,548386
Karnataka,Koppal,2,SHIVAPUTRAPPA. GUMAGERA,Bahujan Samaj Party,9469,12,9481
Karnataka,Koppal,3,KARADI SANGANNA AMARAPPA,Bharatiya Janata Party,584997,1786,586783
Karnataka,Koppal,4,ANNOJIRAO.G,Sarva Janata Party,5679,2,5681
Karnataka,Koppal,5,COMRADE B.BASAVALINGAPPA,Marxist Leninist Party of India (Red Flag),1609,0,1609
Karnataka,Koppal,6,BANDIMATH SHARANAYYA,Uttama Prajaakeeya Party,2244,8,2252
Karnataka,Koppal,7,HEMARAJ VEERAPUR,Communist Party of India (Marxist-Leninist) Red Star,1058,1,1059
Karnataka,Koppal,8,PA.YA. GANESH,Independent,1699,0,1699
Karnataka,Koppal,9,NAGARAJ KALAL,Independent,4855,0,4855
Karnataka,Koppal,10,BALARAJ. YADAV,Independent,2937,0,2937
Karnataka,Koppal,11,MALLIKARJUN HADAPAD,Independent,2407,1,2408
Karnataka,Koppal,12,SATISHREDDY,Independent,3498,0,3498
Karnataka,Koppal,13,SURESH GOUDA MUNDINAMANE,Independent,5157,1,5158
Karnataka,Koppal,14,SURESH.H,Independent,3728,0,3728
Karnataka,Koppal,15,NOTA,None of the Above,10800,13,10813
Karnataka,Mandya,1,NIKHIL KUMARASWAMY,Janata Dal (Secular),576545,1239,577784
Karnataka,Mandya,2,NANJUNDASWAMY,Bahujan Samaj Party,12481,64,12545
Karnataka,Mandya,3,GURULINGAIAH,Indian New Congress Party,6307,15,6322
Karnataka,Mandya,4,D.C. JAYASHANKARA,Aihra National Party,4989,3,4992
Karnataka,Mandya,5,DIVAKAR.C.P.GOWDA,Uttama Prajaakeeya Party,3398,6,3404
Karnataka,Mandya,6,SANTHOSH MANDYA GOWDA,Engineers Party,1438,4,1442
Karnataka,Mandya,7,ARVIND PREMANAND,Independent,1725,0,1725
Karnataka,Mandya,8,KOWDLE CHANNAPPA,Independent,1043,3,1046
Karnataka,Mandya,9,T.K. DASAR,Independent,4272,0,4272
Karnataka,Mandya,10,H.NARAYANA,Independent,1295,0,1295
Karnataka,Mandya,11,PUTTEGOWDA.N.C.,Independent,834,0,834
Karnataka,Mandya,12,PREMAKUMARA .V.V,Independent,1592,0,1592
Karnataka,Mandya,13,MANJUNATH B,Independent,1730,2,1732
Karnataka,Mandya,14,G. MANJUNATHA,Independent,1722,1,1723
Karnataka,Mandya,15,LINGEGOWDA S H,Independent,3260,0,3260
Karnataka,Mandya,16,C. LINGEGOWDA,Independent,6408,0,6408
Karnataka,Mandya,17,M.L. SHASHIKUMAR,Independent,18323,0,18323
Karnataka,Mandya,18,SATHEESH KUMAR .T.N,Independent,2762,0,2762
Karnataka,Mandya,19,SUMALATHA,Independent,8898,4,8902
Karnataka,Mandya,20,SUMALATHA AMBAREESH,Independent,702167,1493,703660
Karnataka,Mandya,21,M. SUMALATHA,Independent,8542,0,8542
Karnataka,Mandya,22,SUMALATHA,Independent,3117,2,3119
Karnataka,Mandya,23,NOTA,None of the Above,3518,8,3526
Karnataka,Mysore,1,DR. B. CHANDRA (CHANDREGOWDA),Bahujan Samaj Party,24425,172,24597
Karnataka,Mysore,2,PRATHAP SIMHA,Bharatiya Janata Party,685105,3869,688974
Karnataka,Mysore,3,C.H.VIJAYASHANKAR,Indian National Congress,548911,1416,550327
Karnataka,Mysore,4,AYUB KHAN,Indian New Congress Party,9294,13,9307
Karnataka,Mysore,5,ASHARANI.V.,Uttama Prajaakeeya Party,4239,20,4259
Karnataka,Mysore,6,P.K. BIDDAPPA,Karnataka Praja Party (RaithaParva),1006,7,1013
Karnataka,Mysore,7,SANDHYA.P.S.,SOCIALIST UNITY CENTRE OF INDIA (COMMUNIST),1469,4,1473
Karnataka,Mysore,8,ANAND KUMAR. M,Independent,831,0,831
Karnataka,Mysore,9,KAVERIAMMA.N.K.,Independent,1036,10,1046
Karnataka,Mysore,10,N. NAGESH,Independent,911,2,913
Karnataka,Mysore,11,NINGAPPA. B. D.,Independent,1138,3,1141
Karnataka,Mysore,12,G.M. MAHADEVA,Independent,1947,2,1949
Karnataka,Mysore,13,R. MAHESHA,Independent,1675,1,1676
Karnataka,Mysore,14,RAVI,Independent,2149,2,2151
Karnataka,Mysore,15,RAJU S/o LATE CHALUVASHETTY,Independent,2515,0,2515
Karnataka,Mysore,16,ALAGUDU LINGARAJU,Independent,3504,2,3506
Karnataka,Mysore,17,LOKESH KUMAR.G.,Independent,2266,4,2270
Karnataka,Mysore,18,VENKATESHA D NAYAKA,Independent,4504,0,4504
Karnataka,Mysore,19,SREENIVASAIAH,Independent,6861,2,6863
Karnataka,Mysore,20,M. J SURESHGOWDA,Independent,1385,1,1386
Karnataka,Mysore,21,ALISHAN. S,Independent,1043,4,1047
Karnataka,Mysore,22,K.S.SOMASUNDER,Independent,945,2,947
Karnataka,Mysore,23,NOTA,None of the Above,5319,27,5346
Karnataka,Raichur,1,B. V NAIK,Indian National Congress,479959,662,480621
Karnataka,Raichur,2,RAJA AMARESHWARA NAIK,Bharatiya Janata Party,596804,1533,598337
Karnataka,Raichur,3,B. VENKANAGOUDA NAYAKA,Bahujan Samaj Party,13812,18,13830
Karnataka,Raichur,4,NIRANJAN NAYAK,Uttama Prajaakeeya Party,7828,5,7833
Karnataka,Raichur,5,K. SOMASHEKHAR YADAGIRI,SOCIALIST UNITY CENTRE OF INDIA (COMMUNIST),8835,8,8843
Karnataka,Raichur,6,NOTA,None of the Above,14914,7,14921
Karnataka,Shimoga,1,GUDDAPPA,Bahujan Samaj Party,7339,11,7350
Karnataka,Shimoga,2,S.MADHUBANGARAPPA,Janata Dal (Secular),506212,300,506512
Karnataka,Shimoga,3,B.Y.RAGHAVENDRA.,Bharatiya Janata Party,728902,970,729872
Karnataka,Shimoga,4,KRISHNA.K.,Pyramid Party of India,5652,1,5653
Karnataka,Shimoga,5,VENKATESH.R,Uttama Prajaakeeya Party,4082,5,4087
Karnataka,Shimoga,6,S.UMESHAPPA,Independent,1521,0,1521
Karnataka,Shimoga,7,S.UMESHA VARMA,Independent,4464,1,4465
Karnataka,Shimoga,8,MOHAMMED YUSUF KHAN,Independent,1578,1,1579
Karnataka,Shimoga,9,N.T.VIJAYAKUMAR,Independent,1578,0,1578
Karnataka,Shimoga,10,K.C.VINAY RAJAVATH,Independent,3315,2,3317
Karnataka,Shimoga,11,SHASHIKUMAR.S.GOWDA,Independent,6845,0,6845
Karnataka,Shimoga,12,SHEKARA NAIK,Independent,3929,1,3930
Karnataka,Shimoga,13,NOTA,None of the Above,6862,6,6868
Karnataka,Tumkur,1,H. D. DEVEGOWDA,Janata Dal (Secular),581624,1164,582788
Karnataka,Tumkur,2,G. S. BASAVARAJ,Bharatiya Janata Party,594011,2116,596127
Karnataka,Tumkur,3,N. SHIVANNA,Communist Party of India,17222,5,17227
Karnataka,Tumkur,4,K. C. HANUMANTHARAYA,Bahujan Samaj Party,5999,14,6013
Karnataka,Tumkur,5,CHAYA RAJASHANKAR,Uttama Prajaakeeya Party,4385,13,4398
Karnataka,Tumkur,6,MAHALAKSHMI C. P.,Ambedkar Samaj Party,4208,3,4211
Karnataka,Tumkur,7,KAPANIGOWDA,Independent,1136,0,1136
Karnataka,Tumkur,8,T. N. KUMARA SWAMY,Independent,2564,2,2566
Karnataka,Tumkur,9,G. NAGENDRA,Independent,3050,0,3050
Karnataka,Tumkur,10,PRAKASH. R. A. JAIN,Independent,1276,1,1277
Karnataka,Tumkur,11,B. S. MALLIKARJUNAIAH,Independent,1268,1,1269
Karnataka,Tumkur,12,D. SHARADHISHAYANA,Independent,1451,1,1452
Karnataka,Tumkur,13,K. V. SRINIVAS KALKERE,Independent,1959,0,1959
Karnataka,Tumkur,14,J. K. SAMI,Independent,3453,0,3453
Karnataka,Tumkur,15,SIDDARAMEGOWDA T. B.,Independent,7637,0,7637
Karnataka,Tumkur,16,NOTA,None of the Above,10285,10,10295
Karnataka,Udupi Chikmagalur,1,P. PARAMESHWARA,Bahujan Samaj Party,15910,37,15947
Karnataka,Udupi Chikmagalur,2,PRAMOD MADHWARAJ,Janata Dal (Secular),368932,385,369317
Karnataka,Udupi Chikmagalur,3,SHOBHA KARANDLAJE,Bharatiya Janata Party,717482,1434,718916
Karnataka,Udupi Chikmagalur,4,P. GOUTHAM PRABHU,Shivsena,7429,2,7431
Karnataka,Udupi Chikmagalur,5,M.K DAYANANDA,Proutist Sarva Samaj,3538,1,3539
Karnataka,Udupi Chikmagalur,6,COMRADE VIJAYKUMAR,Communist Party of India (Marxist-Leninist) Red Star,2213,3,2216
Karnataka,Udupi Chikmagalur,7,SHEKAR HAVANJE,Republican Party of India (Karnataka),1580,1,1581
Karnataka,Udupi Chikmagalur,8,SURESH KUNDER,Uttama Prajaakeeya Party,3480,8,3488
Karnataka,Udupi Chikmagalur,9,ABDUL RAHMAN,Independent,6016,1,6017
Karnataka,Udupi Chikmagalur,10,AMRITH SHENOY P,Independent,7981,0,7981
Karnataka,Udupi Chikmagalur,11,MAGGALAMAKKI GANESHA,Independent,3526,0,3526
Karnataka,Udupi Chikmagalur,12,K.C. PRAKASH,Independent,3542,1,3543
Karnataka,Udupi Chikmagalur,13,NOTA,None of the Above,7502,8,7510
Karnataka,Uttara Kannada,1,ANANTKUMAR HEGDE,Bharatiya Janata Party,783211,2831,786042
Karnataka,Uttara Kannada,2,ANAND ASNOTIKAR,Janata Dal (Secular),306130,263,306393
Karnataka,Uttara Kannada,3,SUDHAKAR KIRA JOGALEKAR,Bahujan Samaj Party,7155,40,7195
Karnataka,Uttara Kannada,4,NAGARAJ NAIK,Rashtriya Samaj Paksha,3371,7,3378
Karnataka,Uttara Kannada,5,NAGRAJ SHRIDHAR SHET,Rashtriya Jansambhavna Party,3124,4,3128
Karnataka,Uttara Kannada,6,MANJUNATH SADASHIV,Bharat Bhoomi Party,1678,7,1685
Karnataka,Uttara Kannada,7,SUNIL PAWAR,Uttama Prajaakeeya Party,3721,6,3727
Karnataka,Uttara Kannada,8,ANITA ASHOK SHET,Independent,2552,16,2568
Karnataka,Uttara Kannada,9,KUNDABAI GANAPATI PARULEKAR,Independent,2254,7,2261
Karnataka,Uttara Kannada,10,CHIDANAND HARIJAN,Independent,3134,4,3138
Karnataka,Uttara Kannada,11,NAGARAJ ANANT SHIRALI,Independent,6249,5,6254
Karnataka,Uttara Kannada,12,BALAKRISHNA ARJUN PATIL,Independent,4203,3,4206
Karnataka,Uttara Kannada,13,MOHAMMED ZABROOD KHATEEB,Independent,7482,6,7488
Karnataka,Uttara Kannada,14,NOTA,None of the Above,15997,20,16017
Kerala,Alappuzha,1,Adv. A M ARIFF,Communist Party of India (Marxist),443003,2967,445970
Kerala,Alappuzha,2,Adv. PRASANTHBHIM,Bahujan Samaj Party,2411,20,2431
Kerala,Alappuzha,3,Dr. K. S. RADHAKRISHNAN,Bharatiya Janata Party,186278,1451,187729
Kerala,Alappuzha,4,Adv. SHANIMOL OSMAN,Indian National Congress,433790,1706,435496
Kerala,Alappuzha,5,A. AKHILESH,Ambedkarite Party of India,1777,5,1782
Kerala,Alappuzha,6,R. PARTHASARATHY VARMA,SOCIALIST UNITY CENTRE OF INDIA (COMMUNIST),1125,8,1133
Kerala,Alappuzha,7,VARKALA RAJ,Peoples Democratic Party,1688,1,1689
Kerala,Alappuzha,8,K. S. SHAN,SOCIAL DEMOCRATIC PARTY OF INDIA,3593,2,3595
Kerala,Alappuzha,9,THAHIR,Independent,569,2,571
Kerala,Alappuzha,10,VAYALAR RAJEEVAN,Independent,695,1,696
Kerala,Alappuzha,11,SATHEESH SHENOI,Independent,780,3,783
Kerala,Alappuzha,12,SANTHOSH THURAVOOR,Independent,748,1,749
Kerala,Alappuzha,13,NOTA,None of the Above,6065,39,6104
Kerala,Alathur,1,DR.JAYAN.C.KUTHANUR,Bahujan Samaj Party,5460,45,5505
Kerala,Alathur,2,DR. P.K.BIJU,Communist Party of India (Marxist),373696,1151,374847
Kerala,Alathur,3,RAMYA HARIDAS,Indian National Congress,532493,1322,533815
Kerala,Alathur,4,T.V.BABU,Bharath Dharma Jana Sena,89575,262,89837
Kerala,Alathur,5,KRISHNANKUTTY KUNISSERY,Independent,2699,17,2716
Kerala,Alathur,6,ADV.PRETHEEP KUMAR.P.K.,Independent,4288,13,4301
Kerala,Alathur,7,NOTA,None of the Above,7681,41,7722
Kerala,Attingal,1,Adv. ADOOR PRAKASH,Indian National Congress,379469,1526,380995
Kerala,Attingal,2,VIPINLAL PALODE,Bahujan Samaj Party,4052,16,4068
Kerala,Attingal,3,SOBHASURENDRAN,Bharatiya Janata Party,246502,1579,248081
Kerala,Attingal,4,Dr. A. SAMPATH,Communist Party of India (Marxist),340298,2450,342748
Kerala,Attingal,5,AJAMAL ISMAIL,SOCIAL DEMOCRATIC PARTY OF INDIA,5428,1,5429
Kerala,Attingal,6,ATTINGAL AJITH KUMAR,Independent,779,2,781
Kerala,Attingal,7,ANITHA,Independent,432,4,436
Kerala,Attingal,8,B DEVADATHAN,Independent,268,0,268
Kerala,Attingal,9,PRAKASH S KARIKKATTUVILA,Independent,354,1,355
Kerala,Attingal,10,PRAKASH G VEENA BHAVAN,Independent,402,0,402
Kerala,Attingal,11,MANOJ M POOVAKKADU,Independent,1003,1,1004
Kerala,Attingal,12,MAHEEN THEVARUPARA,Independent,1084,0,1084
Kerala,Attingal,13,K.G. MOHANAN,Independent,1143,3,1146
Kerala,Attingal,14,K. VIVEKANANDHAN,Independent,668,0,668
Kerala,Attingal,15,SHAILAJA NAVAIKULAM,Independent,2143,3,2146
Kerala,Attingal,16,SATHEESH KUMAR,Independent,2179,0,2179
Kerala,Attingal,17,SUNIL SOMAN,Independent,5433,0,5433
Kerala,Attingal,18,IRINJAYAM SURESH,Independent,409,3,412
Kerala,Attingal,19,RAMSAGAR. P,Independent,1568,0,1568
Kerala,Attingal,20,NOTA,None of the Above,5644,41,5685
Kerala,Chalakudy,1,INNOCENT,Communist Party of India (Marxist),340581,589,341170
Kerala,Chalakudy,2,JOHNSON N,Bahujan Samaj Party,2128,3,2131
Kerala,Chalakudy,3,BENNY BEHANAN,Indian National Congress,472935,509,473444
Kerala,Chalakudy,4,A N RADHAKRISHNAN,Bharatiya Janata Party,153934,225,154159
Kerala,Chalakudy,5,JOSE THOMAS,Marxist Communist Party of India (United),871,0,871
Kerala,Chalakudy,6,MUJEEB RAHMAN T A,Peoples Democratic Party,1467,0,1467
Kerala,Chalakudy,7,P P MOIDEEN KUNJU,SOCIAL DEMOCRATIC PARTY OF INDIA,4685,2,4687
Kerala,Chalakudy,8,ADV SUJA ANTONY,SOCIALIST UNITY CENTRE OF INDIA (COMMUNIST),929,1,930
Kerala,Chalakudy,9,JOHNSON K C,Independent,354,1,355
Kerala,Chalakudy,10,NOBY AUGUSTINE,Independent,318,0,318
Kerala,Chalakudy,11,FREDY JACKSON PEREIRA,Independent,681,1,682
Kerala,Chalakudy,12,M R SATHYADEVAN,Independent,1432,0,1432
Kerala,Chalakudy,13,SUBRAMANIAN,Independent,1000,0,1000
Kerala,Chalakudy,14,NOTA,None of the Above,7568,10,7578
Kerala,Ernakulam,1,ALPHONS KANNANTHANAM,Bharatiya Janata Party,137531,218,137749
Kerala,Ernakulam,2,P A NIAMATHULLA,Bahujan Samaj Party,1342,1,1343
Kerala,Ernakulam,3,P RAJEEV,Communist Party of India (Marxist),321344,766,322110
Kerala,Ernakulam,4,HIBI EDEN,Indian National Congress,490854,409,491263
Kerala,Ernakulam,5,ABDUL KHADER VAZHAKKALA,Samajwadi Forward Bloc,932,0,932
Kerala,Ernakulam,6,V M FAIZAL,SOCIAL DEMOCRATIC PARTY OF INDIA,4309,0,4309
Kerala,Ernakulam,7,RAJEEV NAGAN,Ambedkarite Party of India,821,0,821
Kerala,Ernakulam,8,ADV VIVEK K VIJAYAN,Rashtriya Samaj Paksha,379,0,379
Kerala,Ernakulam,9,SHAJAHAN ABDULKHADAR,Communist Party of India (Marxist-Leninist) Red Star,470,0,470
Kerala,Ernakulam,10,ASWATHI RAJAPPAN,Independent,494,0,494
Kerala,Ernakulam,11,KUMAR,Independent,603,1,604
Kerala,Ernakulam,12,LAILA RASHEED,Independent,797,0,797
Kerala,Ernakulam,13,SREEDHARAN,Independent,554,0,554
Kerala,Ernakulam,14,NOTA,None of the Above,5371,7,5378
Kerala,Idukki,1,Adv. DEAN KURIAKOSE,Indian National Congress,497697,796,498493
Kerala,Idukki,2,LEETHESH P. T.,Bahujan Samaj Party,2886,20,2906
Kerala,Idukki,3,BIJU KRISHNAN,Bharath Dharma Jana Sena,78504,144,78648
Kerala,Idukki,4,M. SELVARAJ,Viduthalai Chiruthaigal Katchi,1624,4,1628
Kerala,Idukki,5,GOMATHY,Independent,1981,4,1985
Kerala,Idukki,6,"Adv, JOICE GEORGE",Independent,326701,739,327440
Kerala,Idukki,7,BABY K. A.,Independent,1554,2,1556
Kerala,Idukki,8,REJI NJALLANI,Independent,1324,0,1324
Kerala,Idukki,9,NOTA,None of the Above,5297,20,5317
Kerala,Kannur,1,C. K. PADMANABHAN,Bharatiya Janata Party,67620,889,68509
Kerala,Kannur,2,P. K. SREEMATHI TEACHER,Communist Party of India (Marxist),432282,2900,435182
Kerala,Kannur,3,K. SUDHAKARAN,Indian National Congress,527685,2056,529741
Kerala,Kannur,4,Adv. R. APARNA,SOCIALIST UNITY CENTRE OF INDIA (COMMUNIST),2128,34,2162
Kerala,Kannur,5,K.K. ABDUL JABBAR,SOCIAL DEMOCRATIC PARTY OF INDIA,8139,3,8142
Kerala,Kannur,6,KURIAKOSE,Secular Democratic Congress,260,0,260
Kerala,Kannur,7,PRAVEEN ARIMBRATHODIYIL,Independent,318,0,318
Kerala,Kannur,8,RADHAMANI NARAYANAKUMAR,Independent,284,2,286
Kerala,Kannur,9,"K. SREEMATHI, W/o SUDEEP KUMAR C. V",Independent,576,5,581
Kerala,Kannur,10,"P. SREEMATHI, W/o RAVEENDRAN",Independent,795,1,796
Kerala,Kannur,11,"K. SUDHAKARAN, S/o KUNHIRAMAN",Independent,726,0,726
Kerala,Kannur,12,"K. SUDHAKARAN, S/o KRISHNAN",Independent,2249,0,2249
Kerala,Kannur,13,"SUDHAKARAN P. K, S/o KRISHNAPILLA",Independent,1062,0,1062
Kerala,Kannur,14,NOTA,None of the Above,3801,27,3828
Kerala,Kasaragod,1,Adv. Basheer Alady,Bahujan Samaj Party,1903,7,1910
Kerala,Kasaragod,2,Ravisha Thanthri Kuntar,Bharatiya Janata Party,175340,709,176049
Kerala,Kasaragod,3,Rajmohan Unnithan,Indian National Congress,473983,978,474961
Kerala,Kasaragod,4,K. P. Sathishchandran,Communist Party of India (Marxist),432347,2176,434523
Kerala,Kasaragod,5,Govindan B Alinthazhe,Independent,2668,2,2670
Kerala,Kasaragod,6,Narendra Kumar. K,Independent,1053,1,1054
Kerala,Kasaragod,7,Ranadivan. R. K,Independent,1475,3,1478
Kerala,Kasaragod,8,Rameshan Bandadka,Independent,1706,5,1711
Kerala,Kasaragod,9,Saji,Independent,1277,1,1278
Kerala,Kasaragod,10,NOTA,None of the Above,4391,26,4417
Kerala,Kollam,1,N.K.Premachandran,Revolutionary Socialist Party,497264,2413,499677
Kerala,Kollam,2,K.N.Balagopal,Communist Party of India (Marxist),347492,3329,350821
Kerala,Kollam,3,Adv.K.V.Sabu,Bharatiya Janata Party,102319,1020,103339
Kerala,Kollam,4,Twinkle Prabhakaran,SOCIALIST UNITY CENTRE OF INDIA (COMMUNIST),1298,21,1319
Kerala,Kollam,5,N.Jayarajan,Independent,824,6,830
Kerala,Kollam,6,Nagaraj.G,Independent,630,2,632
Kerala,Kollam,7,Dr.Sreekumar.J,Independent,1146,4,1150
Kerala,Kollam,8,Saji Kollam,Independent,2619,10,2629
Kerala,Kollam,9,Suni Kalluvathukkal,Independent,1704,4,1708
Kerala,Kollam,10,NOTA,None of the Above,5992,26,6018
Kerala,Kottayam,1,Jijo Joseph,Bahujan Samaj Party,7375,28,7403
Kerala,Kottayam,2,Thomas Chazhikadan,Kerala Congress (M),420294,752,421046
Kerala,Kottayam,3,V.N. Vasavan,Communist Party of India (Marxist),313492,1295,314787
Kerala,Kottayam,4,Adv. P.C Thomas,Kerala Congress,154658,477,155135
Kerala,Kottayam,5,E.V. Prakash,SOCIALIST UNITY CENTRE OF INDIA (COMMUNIST),2202,14,2216
Kerala,Kottayam,6,Ignatious Illimoottil,Independent,1057,8,1065
Kerala,Kottayam,7,Thomas J. Nidhiry,Independent,1491,5,1496
Kerala,Kottayam,8,NOTA,None of the Above,7150,41,7191
Kerala,Kozhikode,1,Adv.PRAKASH BABU,Bharatiya Janata Party,160352,864,161216
Kerala,Kozhikode,2,A.PRADEEP KUMAR,Communist Party of India (Marxist),406075,2144,408219
Kerala,Kozhikode,3,RAGHU.K,Bahujan Samaj Party,2295,4,2299
Kerala,Kozhikode,4,M.K.RAGHAVAN,Indian National Congress,491835,1609,493444
Kerala,Kozhikode,5,A.SEKHAR,SOCIALIST UNITY CENTRE OF INDIA (COMMUNIST),1027,4,1031
Kerala,Kozhikode,6,NUSRATH JAHAN,Independent,547,11,558
Kerala,Kozhikode,7,PRAKASH BABU CHAITHRAM,Independent,569,2,571
Kerala,Kozhikode,8,PRADEEP.V.K,Independent,410,0,410
Kerala,Kozhikode,9,PRADEEP KUMAR.E.T PEEDIKATHODI VEEDU,Independent,759,1,760
Kerala,Kozhikode,10,PRADEEPAN.N,Independent,550,1,551
Kerala,Kozhikode,11,RAGHAVN.N ALLACHIPARAMBU,Independent,461,1,462
Kerala,Kozhikode,12,RAGHAVAN.T THAYYULLAYIL,Independent,1077,0,1077
Kerala,Kozhikode,13,RAGHAVAN.P VADAKKE EDOLI,Independent,1158,2,1160
Kerala,Kozhikode,14,RAGHAVAN NAIR MANIKKOTHU KUNNUMMAL,Independent,962,0,962
Kerala,Kozhikode,15,NOTA,None of the Above,3456,17,3473
Kerala,Malappuram,1,Unnikrishnan,Bharatiya Janata Party,82087,245,82332
Kerala,Malappuram,2,P.K. Kunhalikutty,Indian Union Muslim League,589153,720,589873
Kerala,Malappuram,3,Adv. Praveen Kumar,Bahujan Samaj Party,2287,7,2294
Kerala,Malappuram,4,V.P. Sanu,Communist Party of India (Marxist),329103,617,329720
Kerala,Malappuram,5,Abdul Majeed Faizy,SOCIAL DEMOCRATIC PARTY OF INDIA,19095,11,19106
Kerala,Malappuram,6,Abdul Salam K.P,Independent,923,0,923
Kerala,Malappuram,7,Nissar Methar,Independent,3685,2,3687
Kerala,Malappuram,8,Sanu N.K,Independent,2200,3,2203
Kerala,Malappuram,9,NOTA,None of the Above,4464,16,4480
Kerala,Mavelikkara,1,KODIKUNNIL SURESH,Indian National Congress,437997,2418,440415
Kerala,Mavelikkara,2,CHITTAYAM GOPAKUMAR,Communist Party of India,376497,2780,379277
Kerala,Mavelikkara,3,THOLLUR RAJAGOPALAN,Bahujan Samaj Party,3755,109,3864
Kerala,Mavelikkara,4,K. BIMALJI,SOCIALIST UNITY CENTRE OF INDIA (COMMUNIST),1432,18,1450
Kerala,Mavelikkara,5,THAZHAVA SAHADEVAN,Bharath Dharma Jana Sena,132323,1223,133546
Kerala,Mavelikkara,6,AJAYAKUMAR,Independent,1172,39,1211
Kerala,Mavelikkara,7,AJI PATHANAPURAM,Independent,587,15,602
Kerala,Mavelikkara,8,USHA KOTTARAKKARA,Independent,1577,43,1620
Kerala,Mavelikkara,9,KUTTAN KATTACHIRA,Independent,1970,12,1982
Kerala,Mavelikkara,10,RAGHAVAN R,Independent,1310,4,1314
Kerala,Mavelikkara,11,NOTA,None of the Above,5669,85,5754
Kerala,Palakkad,1,KRISHNAKUMAR C,Bharatiya Janata Party,217747,809,218556
Kerala,Palakkad,2,M B RAJESH,Communist Party of India (Marxist),386773,864,387637
Kerala,Palakkad,3,V K SREEKANDAN,Indian National Congress,398714,560,399274
Kerala,Palakkad,4,HARI ARUMBIL,Bahujan Samaj Party,2400,8,2408
Kerala,Palakkad,5,THULASEEDHARAN PALLICKAL,SOCIAL DEMOCRATIC PARTY OF INDIA,5746,3,5749
Kerala,Palakkad,6,C CHANDRAN,Independent,2623,1,2624
Kerala,Palakkad,7,BALAKRISHNAN,Independent,973,1,974
Kerala,Palakkad,8,RAJESH PALOLAM,Independent,2233,1,2234
Kerala,Palakkad,9,RAJESH S/O MANI,Independent,2128,0,2128
Kerala,Palakkad,10,NOTA,None of the Above,6646,19,6665
Kerala,Pathanamthitta,1,ANTO ANTONY,Indian National Congress,380089,838,380927
Kerala,Pathanamthitta,2,VEENA GEORGE,Communist Party of India (Marxist),335476,1208,336684
Kerala,Pathanamthitta,3,SHIBU PARAKKADAVAN,Bahujan Samaj Party,3803,11,3814
Kerala,Pathanamthitta,4,K SURENDRAN,Bharatiya Janata Party,295627,1769,297396
Kerala,Pathanamthitta,5,JOSE GEORGE,Ambedkarite Party of India,1353,2,1355
Kerala,Pathanamthitta,6,BINU BABY,SOCIALIST UNITY CENTRE OF INDIA (COMMUNIST),620,2,622
Kerala,Pathanamthitta,7,RATHEESH CHOORAKODU,Independent,591,3,594
Kerala,Pathanamthitta,8,VEENA V,Independent,1800,9,1809
Kerala,Pathanamthitta,9,NOTA,None of the Above,3334,18,3352
Kerala,Ponnani,1,E. T. Mohammed Basheer,Indian Union Muslim League,521438,386,521824
Kerala,Ponnani,2,Rema,Bharatiya Janata Party,110430,173,110603
Kerala,Ponnani,3,Adv. K.C. Nazeer,SOCIAL DEMOCRATIC PARTY OF INDIA,18114,10,18124
Kerala,Ponnani,4,Anwar P.V. Alumkuzhi,Independent,1781,3,1784
Kerala,Ponnani,5,P.V. Anvar Puthan Veetil,Independent,328208,343,328551
Kerala,Ponnani,6,Anvar P.V. Raseena Manzil,Independent,3109,0,3109
Kerala,Ponnani,7,Bindu,Independent,664,0,664
Kerala,Ponnani,8,Muhammed Basheer Koyissery,Independent,692,1,693
Kerala,Ponnani,9,Muhammed Basheer Nechiyan,Independent,1315,0,1315
Kerala,Ponnani,10,Muhammed Basheer Mangalassery,Independent,1957,0,1957
Kerala,Ponnani,11,Sameera PA,Independent,16288,0,16288
Kerala,Ponnani,12,Poonthura Siraj,Independent,6122,0,6122
Kerala,Ponnani,13,NOTA,None of the Above,6223,8,6231
Kerala,Thiruvananthapuram,1,KIRAN KUMAR. S.K,Bahujan Samaj Party,2521,14,2535
Kerala,Thiruvananthapuram,2,KUMMANAM RAJASEKHARAN,Bharatiya Janata Party,313925,2217,316142
Kerala,Thiruvananthapuram,3,C. DIVAKARAN,Communist Party of India,256470,2086,258556
Kerala,Thiruvananthapuram,4,Dr. SHASHI THAROOR,Indian National Congress,414057,2074,416131
Kerala,Thiruvananthapuram,5,PANDALAM KERALAVARMARAJA,Pravasi Nivasi Party,1692,3,1695
Kerala,Thiruvananthapuram,6,S MINI,SOCIALIST UNITY CENTRE OF INDIA (COMMUNIST),651,13,664
Kerala,Thiruvananthapuram,7,CHRISTOPHER SHAJU PALIYODE,Independent,344,1,345
Kerala,Thiruvananthapuram,8,GOPAKUMAR OORUPOIKA,Independent,338,1,339
Kerala,Thiruvananthapuram,9,JAIN WILSON,Independent,197,2,199
Kerala,Thiruvananthapuram,10,JOHNY THAMPY,Independent,265,2,267
Kerala,Thiruvananthapuram,11,B. DEVADATHAN,Independent,257,1,258
Kerala,Thiruvananthapuram,12,BINU. D,Independent,602,2,604
Kerala,Thiruvananthapuram,13,MITHRA KUMAR G,Independent,3521,0,3521
Kerala,Thiruvananthapuram,14,VISHNU S AMBADI,Independent,1822,0,1822
Kerala,Thiruvananthapuram,15,T SASI,Independent,1005,2,1007
Kerala,Thiruvananthapuram,16,M.S SUBI,Independent,1050,0,1050
Kerala,Thiruvananthapuram,17,NANDHAVANAM SUSEELAN,Independent,465,0,465
Kerala,Thiruvananthapuram,18,NOTA,None of the Above,4553,27,4580
Kerala,Thrissur,1,NIKHIL CHANDRASEKHARAN,Bahujan Samaj Party,2548,3,2551
Kerala,Thrissur,2,T. N. PRATHAPAN,Indian National Congress,414541,548,415089
Kerala,Thrissur,3,RAJAJI MATHEW THOMAS,Communist Party of India,320887,569,321456
Kerala,Thrissur,4,SURESH GOPI,Bharatiya Janata Party,293405,417,293822
Kerala,Thrissur,5,N. D. VENU,Communist Party of India (Marxist-Leninist) Red Star,1328,2,1330
Kerala,Thrissur,6,PRAVEEN K. P.,Independent,1105,0,1105
Kerala,Thrissur,7,SUVITH,Independent,1132,1,1133
Kerala,Thrissur,8,SONU,Independent,1129,1,1130
Kerala,Thrissur,9,NOTA,None of the Above,4243,10,4253
Kerala,Vadakara,1,P.JAYARAJAN,Communist Party of India (Marxist),439640,2452,442092
Kerala,Vadakara,2,K. MURALEEDHARAN,Indian National Congress,525004,1751,526755
Kerala,Vadakara,3,ADV.V.K.SAJEEVAN,Bharatiya Janata Party,79580,548,80128
Kerala,Vadakara,4,JATHEESH.A.P,National Labour Party,2829,4,2833
Kerala,Vadakara,5,MUSTHAFA KOMMERI,SOCIAL DEMOCRATIC PARTY OF INDIA,5543,1,5544
Kerala,Vadakara,6,ADVOCATE K.SUDHAKARAN,Communist Party of India (Marxist-Leninist) Red Star,501,6,507
Kerala,Vadakara,7,ALUVA ANEESH,Independent,241,0,241
Kerala,Vadakara,8,JAYARAJAN PANDARAPARAMBIL,Independent,690,0,690
Kerala,Vadakara,9,C.O.T. NASEER,Independent,611,1,612
Kerala,Vadakara,10,MURALEEDHARAN.K KUTTIYIL VEEDU,Independent,597,0,597
Kerala,Vadakara,11,MURALEEDHARAN.K SANDRAM,Independent,910,0,910
Kerala,Vadakara,12,SANTHOSH KUMAR,Independent,1294,1,1295
Kerala,Vadakara,13,NOTA,None of the Above,3398,17,3415
Kerala,Wayanad,1,Mohamed P K,Bahujan Samaj Party,2669,22,2691
Kerala,Wayanad,2,Rahul Gandhi,Indian National Congress,705034,1333,706367
Kerala,Wayanad,3,P.P. Suneer,Communist Party of India,273971,626,274597
Kerala,Wayanad,4,Usha K,Communist Party of India (Marxist-Leninist) Red Star,1399,25,1424
Kerala,Wayanad,5,John P P,Secular Democratic Congress,542,2,544
Kerala,Wayanad,6,Thushar Vellappally,Bharath Dharma Jana Sena,78590,226,78816
Kerala,Wayanad,7,Babu Mani,SOCIAL DEMOCRATIC PARTY OF INDIA,5424,2,5426
Kerala,Wayanad,8,Raghul Gandhi K S/o Krishnan P,Agila India Makkal Kazhagam,844,1,845
Kerala,Wayanad,9,K M Sivaprasad Gandhi,Indian Gandhiyan Party,319,1,320
Kerala,Wayanad,10,Narukara Gopi,Independent,486,3,489
Kerala,Wayanad,11,Thrissur Nazeer,Independent,523,0,523
Kerala,Wayanad,12,Dr. K Padmarajan,Independent,1883,4,1887
Kerala,Wayanad,13,Praveen K P,Independent,1099,3,1102
Kerala,Wayanad,14,Biju Kakkathode,Independent,2090,0,2090
Kerala,Wayanad,15,Mujeeb Rahman,Independent,2690,2,2692
Kerala,Wayanad,16,Rahul Gandhi K E S/o Valsamma,Independent,2194,2,2196
Kerala,Wayanad,17,Adv. Sreejith P R,Independent,1206,2,1208
Kerala,Wayanad,18,Shijo M Varghese,Independent,4110,1,4111
Kerala,Wayanad,19,Siby Vayalil,Independent,2164,0,2164
Kerala,Wayanad,20,Sebastian Wayanad,Independent,546,4,550
Kerala,Wayanad,21,NOTA,None of the Above,2132,23,2155
Lakshadweep,Lakshadweep,1,ABDUL KHADER HAJI,Bharatiya Janata Party,103,22,125
Lakshadweep,Lakshadweep,2,ALI AKBAR K.,Communist Party of India,141,2,143
Lakshadweep,Lakshadweep,3,MOHAMMED FAIZAL PP,Nationalist Congress Party,22796,55,22851
Lakshadweep,Lakshadweep,4,SHAREEF KHAN,Communist Party of India (Marxist),419,1,420
Lakshadweep,Lakshadweep,5,HAMDULLAH SAYEED,Indian National Congress,21980,48,22028
Lakshadweep,Lakshadweep,6,DR. MOHAMMED SADIQUE KP,Janata Dal (United),1339,3,1342
Lakshadweep,Lakshadweep,7,NOTA,None of the Above,99,1,100
Madhya Pradesh,BALAGHAT,1,KANKAR MUNJARE,Bahujan Samaj Party,84996,181,85177
Madhya Pradesh,BALAGHAT,2,ALI .M R. KHAN,Communist Party of India,9678,7,9685
Madhya Pradesh,BALAGHAT,3,DR DHAL SINGH BISEN,Bharatiya Janata Party,692859,3243,696102
Madhya Pradesh,BALAGHAT,4,MADHU BHAGAT,Indian National Congress,452594,1442,454036
Madhya Pradesh,BALAGHAT,5,ABHISHEK BILHORE,Bhartiya Shakti Chetna Party,5920,2,5922
Madhya Pradesh,BALAGHAT,6,KARAN SINGH NAAGPURE,Bahujan Mukti Party,2436,4,2440
Madhya Pradesh,BALAGHAT,7,JAISINGH TEKAM,Gondvana Gantantra Party,8625,86,8711
Madhya Pradesh,BALAGHAT,8,MUKESH BANSOD,Ambedkarite Party of India,4073,3,4076
Madhya Pradesh,BALAGHAT,9,YUVRAJ SINGH BAIS,"Proutist Bloc, India",1890,0,1890
Madhya Pradesh,BALAGHAT,10,RAJAN MASIH,Bharat Prabhat Party,2016,6,2022
Madhya Pradesh,BALAGHAT,11,BABOO RAJENDRA DHOKE,Peoples Party of India (Democratic),4171,1,4172
Madhya Pradesh,BALAGHAT,12,SATISH TIWARI,Bhartiya Lokmat Rashtrwadi Party,3433,2,3435
Madhya Pradesh,BALAGHAT,13,ADVOCATE SATYAPRAKASH SHULKE (LODHI),Madhya Pradesh Jan Vikas Party,5882,0,5882
Madhya Pradesh,BALAGHAT,14,KISHOR SAMRITE,Independent,7361,4,7365
Madhya Pradesh,BALAGHAT,15,GLG TANDEKAR,Independent,4504,0,4504
Madhya Pradesh,BALAGHAT,16,NARAYAN BANJARE,Independent,8463,0,8463
Madhya Pradesh,BALAGHAT,17,PITAM BORKAR,Independent,2740,0,2740
Madhya Pradesh,BALAGHAT,18,BODHSINGH BHAGAT,Independent,47105,115,47220
Madhya Pradesh,BALAGHAT,19,MAKBOOL SHAH,Independent,4787,0,4787
Madhya Pradesh,BALAGHAT,20,SHRIMATI MANISHA VAID,Independent,3804,5,3809
Madhya Pradesh,BALAGHAT,21,MEERSHYAM LILHARE LODHI,Independent,2319,1,2320
Madhya Pradesh,BALAGHAT,22,RAKESH KUMAR,Independent,1505,0,1505
Madhya Pradesh,BALAGHAT,23,RUPLAL KUTRAHE (SAMAJ SEVAK ) LODHI,Independent,1513,0,1513
Madhya Pradesh,BALAGHAT,24,NOTA,None of the Above,4211,31,4242
Madhya Pradesh,BETUL,1,ASHOK BHALAVI,Bahujan Samaj Party,23545,28,23573
Madhya Pradesh,BETUL,2,DURGA DAS (D.D.) UIKEY,Bharatiya Janata Party,810237,1011,811248
Madhya Pradesh,BETUL,3,RAMU TEKAM (ADVOCATE),Indian National Congress,450802,205,451007
Madhya Pradesh,BETUL,4,PUSHPA MARSKOLE,Bahujan Mukti Party,10337,5,10342
Madhya Pradesh,BETUL,5,PUSHPA DR. SHAILENDRA PENDAM,Akhil Bhartiya Gondwana Party,3761,7,3768
Madhya Pradesh,BETUL,6,BISRAM UIKEY,Gondvana Gantantra Party,4949,8,4957
Madhya Pradesh,BETUL,7,NIMISH SARIYAM,Independent,9803,1,9804
Madhya Pradesh,BETUL,8,BHAGCHARAN WARKADE,Independent,9428,3,9431
Madhya Pradesh,BETUL,9,SUNIL KAWDE,Independent,10937,3,10940
Madhya Pradesh,BETUL,10,NOTA,None of the Above,22781,6,22787
Madhya Pradesh,BHIND,1,DEVASHISH,Indian National Congress,327177,632,327809
Madhya Pradesh,BHIND,2,BABU RAM JAMOR,Bahujan Samaj Party,66345,268,66613
Madhya Pradesh,BHIND,3,SANDHYA RAY,Bharatiya Janata Party,522990,4704,527694
Madhya Pradesh,BHIND,4,OM PRAKASH SHAKYA,Hindusthan Nirman Dal,5726,9,5735
Madhya Pradesh,BHIND,5,KISHORI LAL SHAKYA,Bahujan Mukti Party,1710,6,1716
Madhya Pradesh,BHIND,6,DILEEP KUMAR DOHARE (ADVOCAT),Ambedkarite Party of India,2918,11,2929
Madhya Pradesh,BHIND,7,MADAN CHHILWAR,Pragatishil Samajwadi Party (Lohia),1086,11,1097
Madhya Pradesh,BHIND,8,MANOHAR LAL PATWA (LALU KORI),Jan Adhikar Party,971,7,978
Madhya Pradesh,BHIND,9,ROOP SINGH,Bharat Prabhat Party,810,6,816
Madhya Pradesh,BHIND,10,VIJAY SINGH PATWA,All India Forward Bloc,1080,2,1082
Madhya Pradesh,BHIND,11,ASHOK SINGH,Independent,1156,5,1161
Madhya Pradesh,BHIND,12,UMESH GARG,Independent,2177,4,2181
Madhya Pradesh,BHIND,13,JITENDRA SINGH,Independent,1541,6,1547
Madhya Pradesh,BHIND,14,DHARM SINGH BHARGAV,Independent,2437,1,2438
Madhya Pradesh,BHIND,15,BRIKHBHAN DOHARE,Independent,1897,0,1897
Madhya Pradesh,BHIND,16,RAJESH KUMAR JATAV,Independent,4991,2,4993
Madhya Pradesh,BHIND,17,RAM NARESH JATAV,Independent,3642,3,3645
Madhya Pradesh,BHIND,18,HARKISOR KORI,Independent,1723,3,1726
Madhya Pradesh,BHIND,19,NOTA,None of the Above,4582,48,4630
Madhya Pradesh,BHOPAL,1,DIGVIJAYA SINGH,Indian National Congress,501279,381,501660
Madhya Pradesh,BHOPAL,2,SADHVI PRAGYA SINGH THAKUR,Bharatiya Janata Party,865212,1270,866482
Madhya Pradesh,BHOPAL,3,MADHO SINGH AHIRWAR,Bahujan Samaj Party,11250,27,11277
Madhya Pradesh,BHOPAL,4,ABDUL TAHIR ANSARI (BABLU) ADVOCATE PATRKAR AND SAMAJSEWAK,Swarnim Bharat Inquilab,526,1,527
Madhya Pradesh,BHOPAL,5,MD. IQBAL KHAN,Smart Indians Party,844,0,844
Madhya Pradesh,BHOPAL,6,KAMLESH DANGI THAKUR,Hindusthan Nirman Dal,685,1,686
Madhya Pradesh,BHOPAL,7,GAUTAM NAGDAVANE,Ambedkarite Party of India,855,1,856
Madhya Pradesh,BHOPAL,8,PIYUSH JAIN,Right to Recall Party,483,1,484
Madhya Pradesh,BHOPAL,9,PRABHA BHARTI,Jai Lok Party,469,4,473
Madhya Pradesh,BHOPAL,10,CA PRAMOD BHOJWANI,Sanatan Sanskriti Raksha Dal,571,1,572
Madhya Pradesh,BHOPAL,11,J.C. BARAI,SOCIALIST UNITY CENTRE OF INDIA (COMMUNIST),479,0,479
Madhya Pradesh,BHOPAL,12,BAL RAM SINGH TOMAR,Bhartiya Shakti Chetna Party,495,2,497
Madhya Pradesh,BHOPAL,13,BHAURAO VITHOBA FULZELE,Bharat Prabhat Party,538,0,538
Madhya Pradesh,BHOPAL,14,RAJ KUMAR SHAKYA (KORI),Jan Adhikar Party,882,1,883
Madhya Pradesh,BHOPAL,15,RAJESH KEER,Bahujan Mukti Party,1439,0,1439
Madhya Pradesh,BHOPAL,16,RAMSUSHIL SHARMA E/X/ C.R.P.F.,Samagra Utthan Party,2819,0,2819
Madhya Pradesh,BHOPAL,17,LATA SURYAWANSHI,Samta Vikas Party,2687,1,2688
Madhya Pradesh,BHOPAL,18,DR. VEENA GHANEKAR Rtd. IAS,Sapaks Party,3261,3,3264
Madhya Pradesh,BHOPAL,19,SHRIMATI HEMLATA PATHAK,Sarvadharam Party (Madhya Pradesh),416,2,418
Madhya Pradesh,BHOPAL,20,MOH. ATEEK,Independent,330,1,331
Madhya Pradesh,BHOPAL,21,ALOK KUMAR,Independent,215,0,215
Madhya Pradesh,BHOPAL,22,KAMLESH NAMDEV,Independent,286,0,286
Madhya Pradesh,BHOPAL,23,DEVENDRA PRAKASH MISHRA,Independent,854,0,854
Madhya Pradesh,BHOPAL,24,PRAVEEN SINGH THAKUR (PRAVEENA THAKUR),Independent,456,0,456
Madhya Pradesh,BHOPAL,25,PRIYANKA KHARE,Independent,276,2,278
Madhya Pradesh,BHOPAL,26,MAHENDRA-KATIYAR,Independent,265,0,265
Madhya Pradesh,BHOPAL,27,MAHENDRA KUMAR,Independent,365,0,365
Madhya Pradesh,BHOPAL,28,MUKESH KUMAR GUPTA,Independent,485,0,485
Madhya Pradesh,BHOPAL,29,DESHMUKH RIYAZUDDIN GHAYASUDDIN,Independent,1251,0,1251
Madhya Pradesh,BHOPAL,30,SUNIL KUMAR DODEJA,Independent,850,2,852
Madhya Pradesh,BHOPAL,31,NOTA,None of the Above,5413,17,5430
Madhya Pradesh,CHHINDWARA,1,NAKUL KAMAL NATH,Indian National Congress,586551,754,587305
Madhya Pradesh,CHHINDWARA,2,NATHANSAHA KAWRETI,Bharatiya Janata Party,548845,924,549769
Madhya Pradesh,CHHINDWARA,3,GYANESHWAR GAJBHIYE,Bahujan Samaj Party,14262,13,14275
Madhya Pradesh,CHHINDWARA,4,MANMOHAN SHAH BATTI,Akhil Bhartiya Gondwana Party,35871,97,35968
Madhya Pradesh,CHHINDWARA,5,ADVOCATE RAJKUMAR SARYAM,Gondvana Gantantra Party,4694,12,4706
Madhya Pradesh,CHHINDWARA,6,RAJESH TANTRIK,Ahinsa Samaj Party,1423,1,1424
Madhya Pradesh,CHHINDWARA,7,M. P. VISHWAKARMA (MUNNA PRASAD),Rashtriya Aamjan Party,2271,1,2272
Madhya Pradesh,CHHINDWARA,8,UIKEY RAMDAS,Independent,1656,3,1659
Madhya Pradesh,CHHINDWARA,9,JOGILAL IRPACHI,Independent,1820,1,1821
Madhya Pradesh,CHHINDWARA,10,DINESH SINGH UIKEY,Independent,2960,2,2962
Madhya Pradesh,CHHINDWARA,11,DHANIRAM YADUWANSHI,Independent,3089,1,3090
Madhya Pradesh,CHHINDWARA,12,RAMESHWAR DHURVE,Independent,4186,0,4186
Madhya Pradesh,CHHINDWARA,13,SUBHASH SHUKLA,Independent,6844,0,6844
Madhya Pradesh,CHHINDWARA,14,HEMENDRA (BUNTY) GOHAR,Independent,11426,0,11426
Madhya Pradesh,CHHINDWARA,15,NOTA,None of the Above,20312,12,20324
Madhya Pradesh,DAMOH,1,"JITTU KHARE ""BADAL""",Bahujan Samaj Party,45822,26,45848
Madhya Pradesh,DAMOH,2,PRATAP SINGH,Indian National Congress,351016,97,351113
Madhya Pradesh,DAMOH,3,PRAHALAD SINGH PATEL,Bharatiya Janata Party,704221,303,704524
Madhya Pradesh,DAMOH,4,THAKURDAS PATEL (T.D. PATEL),Pragatishil Samajwadi Party (Lohia),9505,0,9505
Madhya Pradesh,DAMOH,5,MANU SINGH MARAVI,Gondvana Gantantra Party,3508,1,3509
Madhya Pradesh,DAMOH,6,MANVENDRA SINGH BITTU BHAIYA,Hindusthan Nirman Dal,1510,0,1510
Madhya Pradesh,DAMOH,7,MAN SINGH LODHI,Bhartiya Shakti Chetna Party,8316,1,8317
Madhya Pradesh,DAMOH,8,RICHA PURSHOTTAM CHOUBEY (HARIOM),Sapaks Party,1910,2,1912
Madhya Pradesh,DAMOH,9,VIKAS NAGVANSHI,Bharat Prabhat Party,1499,0,1499
Madhya Pradesh,DAMOH,10,SHARADA PARSAD PATEL,Pichhara Samaj Party United,2304,0,2304
Madhya Pradesh,DAMOH,11,ANANT LAL BASOR,Independent,2538,0,2538
Madhya Pradesh,DAMOH,12,KAMLESH ASATI,Independent,3048,0,3048
Madhya Pradesh,DAMOH,13,DEVI YADAV,Independent,4607,0,4607
Madhya Pradesh,DAMOH,14,PRAHLAD PATEL,Independent,10836,1,10837
Madhya Pradesh,DAMOH,15,PRAHLAD BHAIYA,Independent,5499,0,5499
Madhya Pradesh,DAMOH,16,NOTA,None of the Above,7653,3,7656
Madhya Pradesh,DEWAS,1,PRAHLAD SINGH TIPANYA,Indian National Congress,489757,423,490180
Madhya Pradesh,DEWAS,2,"BADRILAL ""AKELA""",Bahujan Samaj Party,18307,31,18338
Madhya Pradesh,DEWAS,3,MAHENDRA SINGH SOLANKY,Bharatiya Janata Party,860708,1721,862429
Madhya Pradesh,DEWAS,4,PRAVIN SHANTARAM GANGURDE,Bharat Prabhat Party,9806,12,9818
Madhya Pradesh,DEWAS,5,NITIN VERMA,Independent,4636,3,4639
Madhya Pradesh,DEWAS,6,MAHENDRA SING,Independent,4505,3,4508
Madhya Pradesh,DEWAS,7,NOTA,None of the Above,9025,9,9034
Madhya Pradesh,DHAR,1,GIRWAL DINESH,Indian National Congress,565687,431,566118
Madhya Pradesh,DHAR,2,GULSINGH RAMSINGH KAWACHE,Bahujan Samaj Party,13805,22,13827
Madhya Pradesh,DHAR,3,CHATTARSINGH DARBAR,Bharatiya Janata Party,721025,1122,722147
Madhya Pradesh,DHAR,4,KAILASH VASUNIYA,Bahujan Mukti Party,9157,2,9159
Madhya Pradesh,DHAR,5,MANISH DEVID,Bhartiya Amrit Party,3382,2,3384
Madhya Pradesh,DHAR,6,RAMCHARAN MALIWAD,Janata Congress,5946,1,5947
Madhya Pradesh,DHAR,7,DASHRATH BHUWAN (DOTRIYA),Independent,5620,1,5621
Madhya Pradesh,DHAR,8,NOTA,None of the Above,17923,6,17929
Madhya Pradesh,GUNA,1,"KRISHNA PAL SINGH ""Dr. K. P. YADAV""",Bharatiya Janata Party,610855,3194,614049
Madhya Pradesh,GUNA,2,JYOTIRADITYA M. SCINDIA,Indian National Congress,486105,2395,488500
Madhya Pradesh,GUNA,3,DHAKAD LOKENDRA SINGH RAJPOOT,Bahujan Samaj Party,37381,149,37530
Madhya Pradesh,GUNA,4,AMIT KHARE,Ambedkarite Party of India,4479,1,4480
Madhya Pradesh,GUNA,5,MANISH SHRIVASTAV,SOCIALIST UNITY CENTRE OF INDIA (COMMUNIST),1652,15,1667
Madhya Pradesh,GUNA,6,REKHA BAI,Aajad Bharat Party (Democratic),1517,2,1519
Madhya Pradesh,GUNA,7,SANTOSH YADAV,Pragatishil Samajwadi Party (Lohia),1038,4,1042
Madhya Pradesh,GUNA,8,AJAY SINGH KUSHWAH,Independent,1422,1,1423
Madhya Pradesh,GUNA,9,CHANDR KUMAR SHRIVASTAVA (CHANDU),Independent,1945,0,1945
Madhya Pradesh,GUNA,10,BHAN SINGH,Independent,1720,3,1723
Madhya Pradesh,GUNA,11,BHOOPENDRA SINGH CHAUHAN (BABLU RAJA),Independent,2471,0,2471
Madhya Pradesh,GUNA,12,O. P. BHEYA,Independent,3552,1,3553
Madhya Pradesh,GUNA,13,HARBHAJAN SINGH RAJPOOT Ad.,Independent,6118,0,6118
Madhya Pradesh,GUNA,14,NOTA,None of the Above,12372,31,12403
Madhya Pradesh,GWALIOR,1,ASHOK SINGH,Indian National Congress,479482,926,480408
Madhya Pradesh,GWALIOR,2,MAMTA BALVEER SINGH KUSHWAH,Bahujan Samaj Party,44540,137,44677
Madhya Pradesh,GWALIOR,3,VIVEK NARAYAN SHEJWALKAR,Bharatiya Janata Party,624801,2449,627250
Madhya Pradesh,GWALIOR,4,GEETA RANI KUSHWAH,Peoples Party of India (Democratic),5555,11,5566
Madhya Pradesh,GWALIOR,5,JITENDRA JAIN AND AKASH,Bharat Prabhat Party,1099,6,1105
Madhya Pradesh,GWALIOR,6,NANDKISHOR SHAU,Parivartan Samaj Party,1203,1,1204
Madhya Pradesh,GWALIOR,7,NARAYAN NAMDEV,Ambedkarite Party of India,2279,0,2279
Madhya Pradesh,GWALIOR,8,PRAN SINGH PAL,Rashtriya Shoshit Samaj Party,2222,4,2226
Madhya Pradesh,GWALIOR,9,BRIJ MOHAN,Pragatishil Samajwadi Party (Lohia),1003,5,1008
Madhya Pradesh,GWALIOR,10,VISHNU KANT SHARMA,Rashtriya Rashtrawadi Party,1110,3,1113
Madhya Pradesh,GWALIOR,11,SUGREEV SINGH KUSHWAH,Jan Adhikar Party,1247,4,1251
Madhya Pradesh,GWALIOR,12,COMRADE SUNIL GOPAL,SOCIALIST UNITY CENTRE OF INDIA (COMMUNIST),1394,0,1394
Madhya Pradesh,GWALIOR,13,HANUMANT SINGH,Aajad Bharat Party (Democratic),1950,3,1953
Madhya Pradesh,GWALIOR,14,ASHOK KHAN,Independent,3981,0,3981
Madhya Pradesh,GWALIOR,15,KESHAV RAY CHAUDHARY,Independent,2736,1,2737
Madhya Pradesh,GWALIOR,16,GOVIND SINGH,Independent,6316,4,6320
Madhya Pradesh,GWALIOR,17,DEEPAK KUMAR BANSAL (RANGWALE),Independent,4984,0,4984
Madhya Pradesh,GWALIOR,18,SOBRAN SINGH,Independent,1296,1,1297
Madhya Pradesh,GWALIOR,19,NOTA,None of the Above,5328,15,5343
Madhya Pradesh,HOSHANGABAD,1,UDAY PRATAP SINGH,Bharatiya Janata Party,876911,1016,877927
Madhya Pradesh,HOSHANGABAD,2,M.P. CHOUDHARY,Bahujan Samaj Party,15336,28,15364
Madhya Pradesh,HOSHANGABAD,3,SHAILENDRA DIWAN CHANDARBHAN SINGH,Indian National Congress,324139,106,324245
Madhya Pradesh,HOSHANGABAD,4,DINESH KATARE,Ambedkarite Party of India,7829,4,7833
Madhya Pradesh,HOSHANGABAD,5,DEVENDRA SHARMA,Sapaks Party,1874,0,1874
Madhya Pradesh,HOSHANGABAD,6,BHAVANI SHANKAR SAINI (MONU SAINI),Pragatishil Samajwadi Party (Lohia),1269,2,1271
Madhya Pradesh,HOSHANGABAD,7,RAJESH KUMAR UIKEY,Gondvana Gantantra Party,3412,25,3437
Madhya Pradesh,HOSHANGABAD,8,ARYA RAVI PARIHAR,Independent,1803,2,1805
Madhya Pradesh,HOSHANGABAD,9,DIWAN SHAILENDRA,Independent,3424,2,3426
Madhya Pradesh,HOSHANGABAD,10,MADAN MOHAN,Independent,5436,1,5437
Madhya Pradesh,HOSHANGABAD,11,SHALIGRAM MAKODIYA,Independent,4836,1,4837
Madhya Pradesh,HOSHANGABAD,12,NOTA,None of the Above,18410,3,18413
Madhya Pradesh,INDORE,1,ER. DEEPCHAND AHIRWAL,Bahujan Samaj Party,8622,44,8666
Madhya Pradesh,INDORE,2,PANKAJ SANGHVI,Indian National Congress,520268,547,520815
Madhya Pradesh,INDORE,3,SHANKAR LALWANI,Bharatiya Janata Party,1066824,1745,1068569
Madhya Pradesh,INDORE,4,IFTIKHAR AHMED KHAN,Minorities Democratic Party,4453,2,4455
Madhya Pradesh,INDORE,5,KAMLESH VAISHNAV,Hindusthan Nirman Dal,698,1,699
Madhya Pradesh,INDORE,6,DHEERAJ DUBEY PATRAKAR,Sapaks Party,612,2,614
Madhya Pradesh,INDORE,7,BHAVANA KISHORE SANGELIYA,Janata Congress,459,0,459
Madhya Pradesh,INDORE,8,RAJENDRA AGARWAL 'RAJU',Socialist Party (India),527,1,528
Madhya Pradesh,INDORE,9,SRI IMRAN BAKSH,Independent,422,1,423
Madhya Pradesh,INDORE,10,PARMANAND TOLANI,Independent,1233,0,1233
Madhya Pradesh,INDORE,11,PRAKASH VERMA,Independent,495,3,498
Madhya Pradesh,INDORE,12,AJMERA S PRAVEEN KUMAR,Independent,693,0,693
Madhya Pradesh,INDORE,13,MAHENDRA TIKLIYA,Independent,838,0,838
Madhya Pradesh,INDORE,14,HAJI MUSTAK ANSARI,Independent,2019,0,2019
Madhya Pradesh,INDORE,15,RANJEET GOHAR,Independent,2405,0,2405
Madhya Pradesh,INDORE,16,RAMESH PATIL,Independent,3184,0,3184
Madhya Pradesh,INDORE,17,RAJKARAN YADAV (TEEMAI),Independent,1374,0,1374
Madhya Pradesh,INDORE,18,SHAILENDRA SHARMA,Independent,3364,0,3364
Madhya Pradesh,INDORE,19,SHRI SURENDRA,Independent,2596,0,2596
Madhya Pradesh,INDORE,20,DR. SANDEEP VASANTRAO KADWE,Independent,629,2,631
Madhya Pradesh,INDORE,21,NOTA,None of the Above,5021,24,5045
Madhya Pradesh,JABALPUR,1,RAKESH SINGH,Bharatiya Janata Party,825674,780,826454
Madhya Pradesh,JABALPUR,2,AD. RAMRAJ RAM,Bahujan Samaj Party,12856,17,12873
Madhya Pradesh,JABALPUR,3,Pt. VIVEK KRISHNA TANKHA,Indian National Congress,371562,148,371710
Madhya Pradesh,JABALPUR,4,KULDEEP AHIRWAR,Republican Party of India (A),4115,1,4116
Madhya Pradesh,JABALPUR,5,CHANDRA PRAKASH BHATNAGAR,AARAKSHAN VIRODHI PARTY,779,1,780
Madhya Pradesh,JABALPUR,6,DEVENDRA KUMAR YADAV,Pragatishil Samajwadi Party (Lohia),593,2,595
Madhya Pradesh,JABALPUR,7,BHUSHAN PRASAD SHUKLA,Bhartiya Shakti Chetna Party,1355,0,1355
Madhya Pradesh,JABALPUR,8,MAHU SINGH PARASTE,Gondvana Gantantra Party,3443,3,3446
Madhya Pradesh,JABALPUR,9,SHAHNAJ BEE ANSARI,Smart Indians Party,1911,1,1912
Madhya Pradesh,JABALPUR,10,SHUKHDEV DAHIYA,Bhartiya Jan Sampark Party,1389,3,1392
Madhya Pradesh,JABALPUR,11,AMJAD KHAN,Independent,991,1,992
Madhya Pradesh,JABALPUR,12,ASHOK SINGH LODHI,Independent,1169,0,1169
Madhya Pradesh,JABALPUR,13,GULAB SINGH (VIVEK),Independent,2241,0,2241
Madhya Pradesh,JABALPUR,14,DR. DHAI AKSHAR,Independent,4315,0,4315
Madhya Pradesh,JABALPUR,15,DHANUK,Independent,2665,0,2665
Madhya Pradesh,JABALPUR,16,RAKESH SINGH S/O NATHURAM,Independent,9486,1,9487
Madhya Pradesh,JABALPUR,17,RAKESH SINGH S/O BALJOR SINGH,Independent,7392,0,7392
Madhya Pradesh,JABALPUR,18,RAM DAYAL PRAJAPAT,Independent,1176,0,1176
Madhya Pradesh,JABALPUR,19,ENGR. RUPRAM SINGH,Independent,2702,0,2702
Madhya Pradesh,JABALPUR,20,LAXMINARAYAN JAGANNATH SINGH LODHI,Independent,828,0,828
Madhya Pradesh,JABALPUR,21,"VINAY KUMAR JAIN ""VINNU BHAIYYA""",Independent,1068,0,1068
Madhya Pradesh,JABALPUR,22,SHRI LAL MARKAM (BADE SHRI),Independent,803,0,803
Madhya Pradesh,JABALPUR,23,NOTA,None of the Above,4098,4,4102
Madhya Pradesh,KHAJURAHO,1,MAHARANI KAVITA SINGH NATIRAJA,Indian National Congress,318526,227,318753
Madhya Pradesh,KHAJURAHO,2,V.D. SHARMA (VISHNU DATT SHARMA),Bharatiya Janata Party,810410,725,811135
Madhya Pradesh,KHAJURAHO,3,ASHWANI KUMAR DUBEY,Sarvodaya Bharat Party,10552,2,10554
Madhya Pradesh,KHAJURAHO,4,JAGDESH KUMAR PATEL,Akhil Bhartiya Apna Dal,4222,1,4223
Madhya Pradesh,KHAJURAHO,5,DESH PAL PATEL,Ambedkarite Party of India,5881,3,5884
Madhya Pradesh,KHAJURAHO,6,MANISH MISHRA,Rashtriya Aadarsh Member Party,1964,1,1965
Madhya Pradesh,KHAJURAHO,7,ADVOCATE RAKESH KUMAR SHUKLA,All India Forward Bloc,2154,0,2154
Madhya Pradesh,KHAJURAHO,8,VEER SINGH PATEL,Samajwadi Party,40029,48,40077
Madhya Pradesh,KHAJURAHO,9,SANT KUMAR SHARMA,Samagra Utthan Party,2481,0,2481
Madhya Pradesh,KHAJURAHO,10,ABDUL IMRAN,Independent,3304,1,3305
Madhya Pradesh,KHAJURAHO,11,GIRIRAJ KISHOR (RAJU) PODDAR,Independent,2953,0,2953
Madhya Pradesh,KHAJURAHO,12,NARENDRA PANDEY (RAM JI),Independent,2942,0,2942
Madhya Pradesh,KHAJURAHO,13,PARWAT SINGH,Independent,3970,0,3970
Madhya Pradesh,KHAJURAHO,14,BHOOPAT KUMAR ADIWASI,Independent,6999,0,6999
Madhya Pradesh,KHAJURAHO,15,MEENA/LALIT RAIKWAR,Independent,12450,0,12450
Madhya Pradesh,KHAJURAHO,16,RAJKUMAR,Independent,11691,0,11691
Madhya Pradesh,KHAJURAHO,17,VINOD KUMAR,Independent,5941,0,5941
Madhya Pradesh,KHAJURAHO,18,NOTA,None of the Above,10301,5,10306
Madhya Pradesh,KHANDWA,1,ARUN SUBHASH CHANDRA YADAV,Indian National Congress,564761,805,565566
Madhya Pradesh,KHANDWA,2,DAYARAM KORKU (THAKUR DADA),Bahujan Samaj Party,14852,36,14888
Madhya Pradesh,KHANDWA,3,NANDKUMAR SINGH CHOUHAN (NANDU BHAIYA),Bharatiya Janata Party,837969,940,838909
Madhya Pradesh,KHANDWA,4,AAKASH BIRLA,Madhya Pradesh Jan Vikas Party,7756,3,7759
Madhya Pradesh,KHANDWA,5,KISHOR YADAV,Hindusthan Nirman Dal,1721,0,1721
Madhya Pradesh,KHANDWA,6,DARASINGH PATEL KHATVASHE,Akhil Bhartiya Gondwana Party,1269,1,1270
Madhya Pradesh,KHANDWA,7,REENA DAMLE,Peoples Party of India (Democratic),3293,0,3293
Madhya Pradesh,KHANDWA,8,RUKUM SHAH,All India Ulama Congress,4024,0,4024
Madhya Pradesh,KHANDWA,9,NARAYAN CHANDEL,Independent,2886,0,2886
Madhya Pradesh,KHANDWA,10,BABA ABDUL HAMEED,Independent,7221,0,7221
Madhya Pradesh,KHANDWA,11,BHAGWANSINGH PYARSINGH,Independent,4596,0,4596
Madhya Pradesh,KHANDWA,12,NOTA,None of the Above,15993,12,16005
Madhya Pradesh,KHARGONE,1,AMIT KUMAR BALKE,Bahujan Samaj Party,18554,19,18573
Madhya Pradesh,KHARGONE,2,GAJENDRA UMRAO SINGH PATEL,Bharatiya Janata Party,772221,1329,773550
Madhya Pradesh,KHARGONE,3,DR. GOVIND SUBHAN MUJALDA,Indian National Congress,570106,934,571040
Madhya Pradesh,KHARGONE,4,COMRADE JYOTI SUKHLAL GORE,Communist Party of India,20669,4,20673
Madhya Pradesh,KHARGONE,5,JANI KARAN,Independent,5329,1,5330
Madhya Pradesh,KHARGONE,6,SHANTILAL S/O AASHARAM SAHITE,Independent,10262,3,10265
Madhya Pradesh,KHARGONE,7,SEVANTI DINESH BHABAR,Independent,9749,4,9753
Madhya Pradesh,KHARGONE,8,NOTA,None of the Above,18408,15,18423
Madhya Pradesh,MANDLA,1,KAMAL SINGH MARAVI,Indian National Congress,638372,1220,639592
Madhya Pradesh,MANDLA,2,FAGGAN SINGH KULASTE,Bharatiya Janata Party,735365,1901,737266
Madhya Pradesh,MANDLA,3,CHANDRA SINGH KUSHRAM,Bhartiya Shakti Chetna Party,15707,2,15709
Madhya Pradesh,MANDLA,4,R. S. PARASTE (RAMSINGH),Sapaks Party,5053,2,5055
Madhya Pradesh,MANDLA,5,MANITA MARKAM,Smart Indians Party,5225,3,5228
Madhya Pradesh,MANDLA,6,DADA RAMGULAM UIKEY,Gondvana Gantantra Party,48782,143,48925
Madhya Pradesh,MANDLA,7,SANJEEV KUMAR PANDRAM,Hindusthan Nirman Dal,4646,1,4647
Madhya Pradesh,MANDLA,8,AJEET DHURWEY,Independent,5205,3,5208
Madhya Pradesh,MANDLA,9,ADVOCATE-DEVSINGH KUMRE,Independent,7757,2,7759
Madhya Pradesh,MANDLA,10,BHARAT SINGH POOSAM,Independent,15626,0,15626
Madhya Pradesh,MANDLA,11,NOTA,None of the Above,32221,19,32240
Madhya Pradesh,MANDSOUR,1,Prabhulal Meghwal,Bahujan Samaj Party,9664,39,9703
Madhya Pradesh,MANDSOUR,2,Meenakshi Natarajan,Indian National Congress,470528,524,471052
Madhya Pradesh,MANDSOUR,3,Sudheer Gupta,Bharatiya Janata Party,845944,1842,847786
Madhya Pradesh,MANDSOUR,4,Ismail Mev,Bahujan Maha Party,7760,0,7760
Madhya Pradesh,MANDSOUR,5,Advocate Bapu Singh Gujar,Hindusthan Nirman Dal,1308,1,1309
Madhya Pradesh,MANDSOUR,6,Meenakshi Chouhan,National Women's Party,1747,1,1748
Madhya Pradesh,MANDSOUR,7,Shivlal Gurjar,Shivsena,1432,1,1433
Madhya Pradesh,MANDSOUR,8,Nandlal Meena,Independent,3125,2,3127
Madhya Pradesh,MANDSOUR,9,Prahlad Singh S. Rajput,Independent,1612,1,1613
Madhya Pradesh,MANDSOUR,10,Fulchand Patidar,Independent,1490,1,1491
Madhya Pradesh,MANDSOUR,11,Ranglal Dhanger,Independent,2682,3,2685
Madhya Pradesh,MANDSOUR,12,Vijay Rann,Independent,6632,1,6633
Madhya Pradesh,MANDSOUR,13,Saeed Ahmed Shabrarti Ahmed,Independent,4896,0,4896
Madhya Pradesh,MANDSOUR,14,NOTA,None of the Above,9416,15,9431
Madhya Pradesh,MORENA,1,KARTAR SINGH BHADANA,Bahujan Samaj Party,129228,152,129380
Madhya Pradesh,MORENA,2,NARENDRA SINGH TOMAR,Bharatiya Janata Party,537856,3833,541689
Madhya Pradesh,MORENA,3,RAMNIWAS RAWAT,Indian National Congress,427890,458,428348
Madhya Pradesh,MORENA,4,ASHOK RAJORIYA,Vishva SHakti Party,4285,9,4294
Madhya Pradesh,MORENA,5,DHARA SINGH,Pragatishil Samajwadi Party (Lohia),948,4,952
Madhya Pradesh,MORENA,6,NARENDRA SINGH,Republican Party of India (Reformist),824,1,825
Madhya Pradesh,MORENA,7,PAWAN KUMAR GOYAL,Swatantra Jantaraj Party,967,1,968
Madhya Pradesh,MORENA,8,PATIRAM SHAKYA,Republican Party of India (A),1116,5,1121
Madhya Pradesh,MORENA,9,BHANTE SANGH RATAN,Bharat Prabhat Party,799,1,800
Madhya Pradesh,MORENA,10,DR. RANDHIR SINGH RUHAL,Rashtra Nirman Party,929,1,930
Madhya Pradesh,MORENA,11,RAJESH SINGH BHADORIA [BHURE],Akhand Rashtrawadi Party,930,3,933
Madhya Pradesh,MORENA,12,RAMLAKHAN MEENA,Rashtriya Krantikari Samajwadi Party,1430,1,1431
Madhya Pradesh,MORENA,13,VIVEK,Hindusthan Nirman Dal,1456,4,1460
Madhya Pradesh,MORENA,14,SANJU SHARMA,Shivsena,2490,19,2509
Madhya Pradesh,MORENA,15,TEJPAL SINGH RAWAT,Independent,1935,1,1936
Madhya Pradesh,MORENA,16,TOFEEK KHAN,Independent,4778,2,4780
Madhya Pradesh,MORENA,17,DHEERAJ SINGH MAVAI,Independent,2136,1,2137
Madhya Pradesh,MORENA,18,PRABHU SINGH,Independent,2332,0,2332
Madhya Pradesh,MORENA,19,BAJUDDEEN BAJ,Independent,1921,0,1921
Madhya Pradesh,MORENA,20,MEHABUB KHAN,Independent,660,1,661
Madhya Pradesh,MORENA,21,MUNNA,Independent,2696,0,2696
Madhya Pradesh,MORENA,22,RAJVEER,Independent,894,0,894
Madhya Pradesh,MORENA,23,LAXMI BAGHEL,Independent,645,6,651
Madhya Pradesh,MORENA,24,SUMIT MISRA,Independent,944,1,945
Madhya Pradesh,MORENA,25,SONU AGARWAL,Independent,597,2,599
Madhya Pradesh,MORENA,26,NOTA,None of the Above,2082,16,2098
Madhya Pradesh,RAJGARH,1,MONA SUSTANI,Indian National Congress,392160,645,392805
Madhya Pradesh,RAJGARH,2,RODMAL NAGAR,Bharatiya Janata Party,822225,1599,823824
Madhya Pradesh,RAJGARH,3,TH. JAGDISH SINGH PARMAR,Samata Samadhan Party,9393,3,9396
Madhya Pradesh,RAJGARH,4,PARVAT SINGH,Ambedkarite Party of India,4080,6,4086
Madhya Pradesh,RAJGARH,5,MUKESH DANGI,Shivsena,1978,0,1978
Madhya Pradesh,RAJGARH,6,SUSHEEL PRASAD,Bhartiya Amrit Party,1248,0,1248
Madhya Pradesh,RAJGARH,7,"SANJAY GUPTA ""MAHAJAN""",Sapaks Party,1407,1,1408
Madhya Pradesh,RAJGARH,8,IMAMDDIN KHAN,Independent,3706,1,3707
Madhya Pradesh,RAJGARH,9,PANDIT DIVYENDRA DUBEY ADVOCATE,Independent,4153,2,4155
Madhya Pradesh,RAJGARH,10,MOHSIN BHANEJ,Independent,2577,0,2577
Madhya Pradesh,RAJGARH,11,SANTOSH RAV,Independent,4768,2,4770
Madhya Pradesh,RAJGARH,12,NOTA,None of the Above,10365,10,10375
Madhya Pradesh,RATLAM,1,KANTILAL BHURIA,Indian National Congress,604409,1058,605467
Madhya Pradesh,RATLAM,2,GUMAN SINGH DAMOR,Bharatiya Janata Party,694243,1860,696103
Madhya Pradesh,RATLAM,3,MADHU SINGH PATEL(CHOUHAN),Bahujan Samaj Party,13730,23,13753
Madhya Pradesh,RATLAM,4,ADVOCATE-KATARA RUKHAMAN SINGH,Bahujan Mukti Party,3846,4,3850
Madhya Pradesh,RATLAM,5,KAMLESHWAR BHIL,Bhartiya Tribal Party,14704,80,14784
Madhya Pradesh,RATLAM,6,SURAJ BHABHAR,All India Hindustan Congress Party,5583,1,5584
Madhya Pradesh,RATLAM,7,SURAJSINGH KALIYA,Janata Dal (United),6315,5,6320
Madhya Pradesh,RATLAM,8,108 NILESH DAMOR,Independent,6378,0,6378
Madhya Pradesh,RATLAM,9,RANGLA-KALESH,Independent,12837,2,12839
Madhya Pradesh,RATLAM,10,NOTA,None of the Above,35410,21,35431
Madhya Pradesh,REWA,1,GIRIJESH SINGH SENGER,Communist Party of India (Marxist),10401,52,10453
Madhya Pradesh,REWA,2,JANARDAN MISHRA,Bharatiya Janata Party,580769,2976,583745
Madhya Pradesh,REWA,3,VIKASH SINGH PATEL,Bahujan Samaj Party,91012,114,91126
Madhya Pradesh,REWA,4,"SIDDHARTH TIWARI ""RAJ""",Indian National Congress,270519,419,270938
Madhya Pradesh,REWA,5,DR. ARUN KUMAR SATNAMI,Bahujan Mukti Party,3754,2,3756
Madhya Pradesh,REWA,6,ARUN GAUTAM,Shri Janta Party,1670,2,1672
Madhya Pradesh,REWA,7,CHHOTU KOL,Jan Samman party,1150,8,1158
Madhya Pradesh,REWA,8,BADRI PRASAD KUSHWAHA,Akhil Bhartiya Apna Dal,2652,4,2656
Madhya Pradesh,REWA,9,BABULAL KOL,Adhikar Vikas Party,1321,4,1325
Madhya Pradesh,REWA,10,MAHENDRA KUMAR TIWARI,"Kisan Raj Party,",2421,5,2426
Madhya Pradesh,REWA,11,RAM GOPAL SINGH PATEL,Peoples Party of India (Democratic),4976,6,4982
Madhya Pradesh,REWA,12,REETA TRIPATHI,Bhartiya Shakti Chetna Party,3018,14,3032
Madhya Pradesh,REWA,13,SHAKUNTALA MISHRA,Sapaks Party,3715,4,3719
Madhya Pradesh,REWA,14,SHIV KUMAR MISHRA,Samagra Utthan Party,3859,1,3860
Madhya Pradesh,REWA,15,SIYASHARAN KEVAT,Rashtriya Apna Dal,5694,2,5696
Madhya Pradesh,REWA,16,SUNIT PANDEY 'SUMIT',AARAKSHAN VIRODHI PARTY,5553,2,5555
Madhya Pradesh,REWA,17,SUBHRANSHU DWIVEDI - PADARI,Kisan Party of India,2582,1,2583
Madhya Pradesh,REWA,18,AKHILESH SAKET,Independent,4797,1,4798
Madhya Pradesh,REWA,19,DEVENDRA KUMAR MISHRA,Independent,1904,3,1907
Madhya Pradesh,REWA,20,BRAHM DATTA MISHRA,Independent,1877,1,1878
Madhya Pradesh,REWA,21,RAM KALESH SAKET,Independent,826,2,828
Madhya Pradesh,REWA,22,SANAT KUMAR,Independent,865,1,866
Madhya Pradesh,REWA,23,SUSHIL MISHRA (SABAKE MAHARAJ),Independent,1400,1,1401
Madhya Pradesh,REWA,24,NOTA,None of the Above,2872,19,2891
Madhya Pradesh,SAGAR,1,PRABHU SINGH THAKUR,Indian National Congress,340335,354,340689
Madhya Pradesh,SAGAR,2,RAJKUMAR YADAV,Bahujan Samaj Party,20327,36,20363
Madhya Pradesh,SAGAR,3,RAJBAHADUR SINGH,Bharatiya Janata Party,645338,893,646231
Madhya Pradesh,SAGAR,4,KAMAL KHATIK,Pragatishil Samajwadi Party (Lohia),6362,1,6363
Madhya Pradesh,SAGAR,5,RAMNARESH TIWARI (RAMJEE),Samagra Utthan Party,1336,4,1340
Madhya Pradesh,SAGAR,6,VINAY SEN,Bhartiya Shakti Chetna Party,1645,0,1645
Madhya Pradesh,SAGAR,7,KANCHHEDILAL KUSHWAH,Independent,2597,0,2597
Madhya Pradesh,SAGAR,8,MOH. KHURRAM QURESHI,Independent,1736,0,1736
Madhya Pradesh,SAGAR,9,"DEVENDRA JAIN "" MILAN""",Independent,4021,3,4024
Madhya Pradesh,SAGAR,10,"MAHENDRA SINGH PATEL ""BARUAL""",Independent,3453,1,3454
Madhya Pradesh,SAGAR,11,NOTA,None of the Above,8724,9,8733
Madhya Pradesh,SATNA,1,ACCHE LAL KUSHAWAHA,Bahujan Samaj Party,109901,60,109961
Madhya Pradesh,SATNA,2,GANESH SINGH,Bharatiya Janata Party,587410,1343,588753
Madhya Pradesh,SATNA,3,RAJARAM TRIPATHI,Indian National Congress,356973,307,357280
Madhya Pradesh,SATNA,4,NAND KISHOR PRAJAPATI,Peoples Party of India (Democratic),6961,3,6964
Madhya Pradesh,SATNA,5,MANORAJ DWIVEDI,Janata Congress,1481,1,1482
Madhya Pradesh,SATNA,6,MHENDRA SINGH,Bhartiya Shakti Chetna Party,1227,0,1227
Madhya Pradesh,SATNA,7,DR. RAJENDRA TRIPATHI,Bharatiya Jan Morcha Party,1055,0,1055
Madhya Pradesh,SATNA,8,RAMKUSHAL KEWAT,Bhartiya Manav Samaj Party,1311,0,1311
Madhya Pradesh,SATNA,9,RAM NIVAS SEN,Republican Party of India (A),1532,1,1533
Madhya Pradesh,SATNA,10,RAM VISHWAS PAL,Rashtriya Samaj Paksha,2161,3,2164
Madhya Pradesh,SATNA,11,VIPIN SINGH TIWARI,Smart Indians Party,3892,1,3893
Madhya Pradesh,SATNA,12,SHASHANK SINGH BAGHEL,Sapaks Party,2444,6,2450
Madhya Pradesh,SATNA,13,ASHOK VISHWAKARMA,Independent,4219,1,4220
Madhya Pradesh,SATNA,14,MOHD. JIBRAIL,Independent,5259,0,5259
Madhya Pradesh,SATNA,15,NASIR KHAN,Independent,5639,0,5639
Madhya Pradesh,SATNA,16,BABU LAL,Independent,6805,1,6806
Madhya Pradesh,SATNA,17,"MAHESH SAHU ""PAPPU""",Akhil Bharat Hindu Mahasabha,3081,0,3081
Madhya Pradesh,SATNA,18,MUNNI KRANTI,Independent,3599,1,3600
Madhya Pradesh,SATNA,19,SURENDRA PANDEY KUWAN,Independent,2564,0,2564
Madhya Pradesh,SATNA,20,Dr. SURESH PRASAD TRIPATHI,Independent,920,1,921
Madhya Pradesh,SATNA,21,PHOUJI SANDIP BABA,Independent,846,3,849
Madhya Pradesh,SATNA,22,NOTA,None of the Above,2636,8,2644
Madhya Pradesh,SHAHDOL,1,BAHAN KESHKALI KOL,Communist Party of India,33683,12,33695
Madhya Pradesh,SHAHDOL,2,PRAMILA SINGH,Indian National Congress,343553,1091,344644
Madhya Pradesh,SHAHDOL,3,MOHDAL SINGH PAV,Bahujan Samaj Party,20547,51,20598
Madhya Pradesh,SHAHDOL,4,HIMADRI SINGH,Bharatiya Janata Party,746122,1855,747977
Madhya Pradesh,SHAHDOL,5,KAMLA PRASAD BAIGA,Bhartiya Shakti Chetna Party,11510,4,11514
Madhya Pradesh,SHAHDOL,6,MEERA SINGH,Chhattisgarh Vikas Ganga Rashtriya Party,3351,2,3353
Madhya Pradesh,SHAHDOL,7,LAKSHYAPAT SINGH,Peoples Party of India (Democratic),4538,6,4544
Madhya Pradesh,SHAHDOL,8,VIMAL SINGH KORCHE,Gondvana Gantantra Party,16759,30,16789
Madhya Pradesh,SHAHDOL,9,GOKUL SINGH,Independent,3637,0,3637
Madhya Pradesh,SHAHDOL,10,JHAMAKLAL,Independent,4941,0,4941
Madhya Pradesh,SHAHDOL,11,DURGA MOSI,Independent,8025,1,8026
Madhya Pradesh,SHAHDOL,12,NARAYAN SINGH UIKE,Independent,7508,1,7509
Madhya Pradesh,SHAHDOL,13,MANNA SINGH,Independent,10604,0,10604
Madhya Pradesh,SHAHDOL,14,NOTA,None of the Above,19995,32,20027
Madhya Pradesh,SIDHI,1,Ajay Arjun Singh,Indian National Congress,411282,536,411818
Madhya Pradesh,SIDHI,2,Ram Lal Panika,Bahujan Samaj Party,26511,29,26540
Madhya Pradesh,SIDHI,3,Riti Pathak,Bharatiya Janata Party,697212,1130,698342
Madhya Pradesh,SIDHI,4,Com. Sanjay Namdeo,Communist Party of India,27647,4,27651
Madhya Pradesh,SIDHI,5,Anup Singh Sengar,Samagra Utthan Party,5058,0,5058
Madhya Pradesh,SIDHI,6,Ashish Kumar Singh Chauhan,Shivsena,2445,2,2447
Madhya Pradesh,SIDHI,7,Nirmala Dr. H.L. Prajapati,Akhil Bhartiya Gondwana Party,5580,9,5589
Madhya Pradesh,SIDHI,8,Fatte Bahadur Singh Markam,Gondvana Gantantra Party,17025,7,17032
Madhya Pradesh,SIDHI,9,Ram Kripal Bashor,Republican Party of India (A),2529,0,2529
Madhya Pradesh,SIDHI,10,Ramdas Shah Mulnivasi,Peoples Party of India (Democratic),6181,1,6182
Madhya Pradesh,SIDHI,11,Ram Rahees Kol,Communist Party of India (Marxist-Leninist) Red Star,3847,1,3848
Madhya Pradesh,SIDHI,12,Ramvishal Pal,Rashtriya Shoshit Samaj Party,5132,3,5135
Madhya Pradesh,SIDHI,13,"Ramadhar Gupta ""Mai Ke Lal""",Sapaks Party,6097,0,6097
Madhya Pradesh,SIDHI,14,Shyam Lal Vaishya,Bhartiya Shakti Chetna Party,10439,1,10440
Madhya Pradesh,SIDHI,15,Gyani Jaiswal,Saman Aadmi Saman Party,6368,0,6368
Madhya Pradesh,SIDHI,16,Dileep Kumar Shukla,Independent,15555,0,15555
Madhya Pradesh,SIDHI,17,Dharmendra Singh Baghel,Independent,6856,0,6856
Madhya Pradesh,SIDHI,18,Dheerendra Kumar,Independent,1953,3,1956
Madhya Pradesh,SIDHI,19,Rakesh Kumar Patel,Independent,5305,22,5327
Madhya Pradesh,SIDHI,20,Ram Kumar Jaysval,Independent,2071,0,2071
Madhya Pradesh,SIDHI,21,Ramraj Yadav,Independent,1120,0,1120
Madhya Pradesh,SIDHI,22,Ramsahay Sahu,Independent,1066,0,1066
Madhya Pradesh,SIDHI,23,Ramawatar Vishwakarma,Independent,1348,2,1350
Madhya Pradesh,SIDHI,24,Lalan,Independent,1887,0,1887
Madhya Pradesh,SIDHI,25,Lalta Prasad Jayswal,Independent,2846,0,2846
Madhya Pradesh,SIDHI,26,"Shrawan Kumar Dwivedi ""Samajwadi""",Independent,1968,0,1968
Madhya Pradesh,SIDHI,27,NOTA,None of the Above,5618,9,5627
Madhya Pradesh,TIKAMGARH,1,Ahirwar Kiran,Indian National Congress,323776,413,324189
Madhya Pradesh,TIKAMGARH,2,Dr Virendra Kumar,Bharatiya Janata Party,670967,1281,672248
Madhya Pradesh,TIKAMGARH,3,Ahirwar Shripat Shikshak,Poorvanchal Rashtriya Congress,9905,1,9906
Madhya Pradesh,TIKAMGARH,4,"Kamta Prasad Kori ""K.P.""",Pragatishil Samajwadi Party (Lohia),2067,1,2068
Madhya Pradesh,TIKAMGARH,5,Narayan Das Jatav,Madhya Pradesh Jan Vikas Party,1829,2,1831
Madhya Pradesh,TIKAMGARH,6,N.R. Prajapati,Adarsh Nyay Rakshak Party,2359,1,2360
Madhya Pradesh,TIKAMGARH,7,R.D. Prajapati,Samajwadi Party,42519,66,42585
Madhya Pradesh,TIKAMGARH,8,Surjeet Chadar,Bhartiya Shakti Chetna Party,2099,1,2100
Madhya Pradesh,TIKAMGARH,9,"Shriram Nagar ""Shikshak""",Sapaks Party,2223,2,2225
Madhya Pradesh,TIKAMGARH,10,Jitendra Banshkar,Independent,2185,1,2186
Madhya Pradesh,TIKAMGARH,11,R.B. Prajapati Advocate,Independent,5938,0,5938
Madhya Pradesh,TIKAMGARH,12,Pramod Prajapati,Independent,3171,0,3171
Madhya Pradesh,TIKAMGARH,13,Shobha Valmiki,Independent,7934,1,7935
Madhya Pradesh,TIKAMGARH,14,Suresh Kori,Independent,7370,1,7371
Madhya Pradesh,TIKAMGARH,15,NOTA,None of the Above,10593,6,10599
Madhya Pradesh,UJJAIN,1,ANIL FIROJIYA,Bharatiya Janata Party,790207,1456,791663
Madhya Pradesh,UJJAIN,2,BABULAL MALVIYA,Indian National Congress,425509,517,426026
Madhya Pradesh,UJJAIN,3,SATISH PARMAR,Bahujan Samaj Party,10652,46,10698
Madhya Pradesh,UJJAIN,4,MAHESH MARMAT,Shivsena,1527,6,1533
Madhya Pradesh,UJJAIN,5,RAMCHANDRA PARMAR,Bahujan Mukti Party,937,3,940
Madhya Pradesh,UJJAIN,6,AMBARAM PARMAR CHANDRAVANSHI,Independent,4873,4,4877
Madhya Pradesh,UJJAIN,7,TILAKRAJ AHIRWAR,Independent,1437,1,1438
Madhya Pradesh,UJJAIN,8,BANESINGH PARMAR,Independent,1798,1,1799
Madhya Pradesh,UJJAIN,9,DR. SAGAR SOLANKI,Independent,3337,3,3340
Madhya Pradesh,UJJAIN,10,NOTA,None of the Above,10188,9,10197
Madhya Pradesh,VIDISHA,1,Geetawali Er. P.S. Ahirwar,Bahujan Samaj Party,14319,90,14409
Madhya Pradesh,VIDISHA,2,Ramakant Bhargava,Bharatiya Janata Party,850443,2579,853022
Madhya Pradesh,VIDISHA,3,Shailendra Rameshchandra Patel,Indian National Congress,348815,1123,349938
Madhya Pradesh,VIDISHA,4,Madan Lal Bhadoriya,Prajatantrik Samadhan Party,4609,3,4612
Madhya Pradesh,VIDISHA,5,Ramkrishna Surywanshi,Bahujan Mukti Party,999,1,1000
Madhya Pradesh,VIDISHA,6,Anil Malviya Patrakar,Independent,792,1,793
Madhya Pradesh,VIDISHA,7,"Mohd. Talat Khan ""Talat""",Independent,1086,0,1086
Madhya Pradesh,VIDISHA,8,Devendra Singh Chouhan,Independent,2633,1,2634
Madhya Pradesh,VIDISHA,9,Naveen Jatav,Independent,1185,2,1187
Madhya Pradesh,VIDISHA,10,Mahant Pratap Giri,Independent,1258,2,1260
Madhya Pradesh,VIDISHA,11,Vivek Kumar,Independent,2681,3,2684
Madhya Pradesh,VIDISHA,12,Shailendra Patel,Independent,3897,1,3898
Madhya Pradesh,VIDISHA,13,Sudhir Kumar,Independent,5101,1,5102
Madhya Pradesh,VIDISHA,14,NOTA,None of the Above,8591,28,8619
Maharashtra,Ahmadnagar,1,WAKALE NAMDEO ARJUN,Bahujan Samaj Party,6654,38,6692
Maharashtra,Ahmadnagar,2,Dr. SUJAY RADHAKRISHNA VIKHEPATIL,Bharatiya Janata Party,696961,7699,704660
Maharashtra,Ahmadnagar,3,SANGRAM ARUNKAKA JAGTAP,Nationalist Congress Party,419364,3822,423186
Maharashtra,Ahmadnagar,4,KALIRAM BAHIRU POPALGHAT,Bhartiya Navjawan Sena (Paksha),3183,9,3192
Maharashtra,Ahmadnagar,5,DHIRAJ MOTILAL BATADE,Right to Recall Party,1489,3,1492
Maharashtra,Ahmadnagar,6,FARUKH ISMAIL SHAIKH,Bharatiya Praja Surajya Paksha,2499,3,2502
Maharashtra,Ahmadnagar,7,SUDHAKAR LAXMAN AVHAD,Vanchit Bahujan Aaghadi,31644,163,31807
Maharashtra,Ahmadnagar,8,SANJAY DAGDU SAWANT,Bahujan Mukti Party,1491,16,1507
Maharashtra,Ahmadnagar,9,APPASAHEB NAVNATH PALVE,Independent,709,7,716
Maharashtra,Ahmadnagar,10,KAMAL DASHRATH SAWANT,Independent,1315,2,1317
Maharashtra,Ahmadnagar,11,DATTATRAY APPA WAGHMODE,Independent,963,8,971
Maharashtra,Ahmadnagar,12,BHASKAR FAKIRA PATOLE,Independent,1242,0,1242
Maharashtra,Ahmadnagar,13,RAMNATH GAHININATH GOLHAR,Independent,1267,1,1268
Maharashtra,Ahmadnagar,14,SHAIKH AABID HUSSAIN MOHAMMAD HANIF,Independent,2484,4,2488
Maharashtra,Ahmadnagar,15,SAINATH BHAUSAHEB GHORPADE,Independent,3981,5,3986
Maharashtra,Ahmadnagar,16,SUPEKAR DNYANDEO NARHARI,Independent,2764,3,2767
Maharashtra,Ahmadnagar,17,Er. SANJIV BABANRAO BHOR,Independent,3793,45,3838
Maharashtra,Ahmadnagar,18,SANDIP LAXMAN SAKAT,Independent,3740,5,3745
Maharashtra,Ahmadnagar,19,SHRIDHAR JAKHUJI DAREKAR,Independent,2346,3,2349
Maharashtra,Ahmadnagar,20,NOTA,None of the Above,4016,56,4072
Maharashtra,Akola,1,Bhai B.C.Kamble,Bahujan Samaj Party,7736,44,7780
Maharashtra,Akola,2,Dhotre Sanjay Shamrao,Bharatiya Janata Party,552898,1546,554444
Maharashtra,Akola,3,Hidayatullah Barakatullah Patel,Indian National Congress,254094,276,254370
Maharashtra,Akola,4,Arun Kankar Wankhede,Peoples Party of India (Democratic),3038,10,3048
Maharashtra,Akola,5,Ambedkar (Adv) Prakash Yashwant,Vanchit Bahujan Aaghadi,278241,607,278848
Maharashtra,Akola,6,Mrs. Pravina Laxmanrao Bhatkar,Bahujan Mukti Party,3579,4,3583
Maharashtra,Akola,7,Arun Manohar Thakare,Independent,1528,12,1540
Maharashtra,Akola,8,Social Worker Gajanan Onkar Harne (Anna),Independent,1272,6,1278
Maharashtra,Akola,9,Pravin Chandrakant Kaurpuriya,Independent,963,2,965
Maharashtra,Akola,10,Murlidhar Lalsing Pawar,Independent,2134,7,2141
Maharashtra,Akola,11,Sachin Ganpatlal Sharma,Independent,2575,2,2577
Maharashtra,Akola,12,NOTA,None of the Above,8844,22,8866
Maharashtra,Amravati,1,Adsul Anandrao Vithoba,Shivsena,470549,3447,473996
Maharashtra,Amravati,2,Arun Motiramji Wankhade,Bahujan Samaj Party,12232,104,12336
Maharashtra,Amravati,3,Athawale Sanjay Hiramanji,Bahujan Maha Party,1505,17,1522
Maharashtra,Amravati,4,Gade Vinod Milind,Ambedkarist Republican Party,1198,13,1211
Maharashtra,Amravati,5,Gunwant Deopare,Vanchit Bahujan Aaghadi,64585,550,65135
Maharashtra,Amravati,6,Narendra Babulal Kathane,Rashtriya Jansurajya Party,1644,10,1654
Maharashtra,Amravati,7,Nilima Nitin Bhatkar,Peoples Party of India (Democratic),979,12,991
Maharashtra,Amravati,8,Nilesh Anandrao Patil,Ambedkarite Party of India,1224,5,1229
Maharashtra,Amravati,9,Panchshila Vijay Mohod,Bahujan Mukti Party,1488,11,1499
Maharashtra,Amravati,10,Anil Namdeorao Jamnekar,Independent,1079,9,1088
Maharashtra,Amravati,11,Ambadas Shamrao Wankhade,Independent,4750,4,4754
Maharashtra,Amravati,12,Navnit Ravi Rana,Independent,507844,3103,510947
Maharashtra,Amravati,13,Pankaj Liladhar Meshram,Independent,2354,1,2355
Maharashtra,Amravati,14,Pramod Laxman Meshram,Independent,1086,4,1090
Maharashtra,Amravati,15,Pravin Mahadeo Sarode,Independent,1731,5,1736
Maharashtra,Amravati,16,Minakshi Someshwar Kurwade,Independent,6600,2,6602
Maharashtra,Amravati,17,Raju Bakshi Jamnekar,Independent,3555,1,3556
Maharashtra,Amravati,18,Raju Mahadeorao Sonone,Independent,899,2,901
Maharashtra,Amravati,19,Raju Shamraoji Mankar,Independent,489,0,489
Maharashtra,Amravati,20,Rahulbhau Laxmanrao Mohod,Independent,774,0,774
Maharashtra,Amravati,21,Vijay Yashwant Vilhekar,Independent,10550,15,10565
Maharashtra,Amravati,22,Vilas Sheshrao Thorat,Independent,950,0,950
Maharashtra,Amravati,23,Shrikant Ulhasrao Raibole,Independent,1007,0,1007
Maharashtra,Amravati,24,Dnyaneshwar Kashirao Mankar,Independent,675,1,676
Maharashtra,Amravati,25,NOTA,None of the Above,5200,122,5322
Maharashtra,Aurangabad,1,Chandrakant Khaire,Shivsena,383759,791,384550
Maharashtra,Aurangabad,2,Jaya Balu Rajkundal,Bahujan Samaj Party,4793,28,4821
Maharashtra,Aurangabad,3,Zambad Subhash Manakchand,Indian National Congress,91688,101,91789
Maharashtra,Aurangabad,4,Agrawal Kunjbihari Jugalkishor,Pragatishil Samajwadi Party (Lohia),1811,1,1812
Maharashtra,Aurangabad,5,Arvind Kisanrao Kamble,Bahujan Republican Socialist Party,2775,4,2779
Maharashtra,Aurangabad,6,Imtiaz Jaleel Syed,All India Majlis-E-Ittehadul Muslimeen,388784,258,389042
Maharashtra,Aurangabad,7,Uttam Dhanu Rathod,Aasra Lokmanch Party,2212,1,2213
Maharashtra,Aurangabad,8,Dipali Lalaji Misal,Bahujan Mukti Party,1663,3,1666
Maharashtra,Aurangabad,9,Nadim Rana,Bahujan Maha Party,1210,0,1210
Maharashtra,Aurangabad,10,M. B. Magare,Peoples Party of India (Democratic),1226,2,1228
Maharashtra,Aurangabad,11,Mohammad Jaqeer Abdul Qadar,Bharat Prabhat Party,3194,4,3198
Maharashtra,Aurangabad,12,Mohsin Sir Nasim Bhai,Navbharat Nirman Party,4590,0,4590
Maharashtra,Aurangabad,13,Subhash Kisanrao Patil,"Maharashtra Swabhimaan Paksh,",1874,4,1878
Maharashtra,Aurangabad,14,Habib Gayas Shaikh,Ambedkar National Congress,1503,0,1503
Maharashtra,Aurangabad,15,Kurangal Sanjay Baburao,Independent,1351,1,1352
Maharashtra,Aurangabad,16,Khan Aejaz Ahemad,Independent,5042,1,5043
Maharashtra,Aurangabad,17,Jagan Baburao Salve,Independent,3216,0,3216
Maharashtra,Aurangabad,18,Fulare Suresh Asaram,Independent,867,0,867
Maharashtra,Aurangabad,19,Ravindra Bhanudas Kale,Independent,922,0,922
Maharashtra,Aurangabad,20,Shaikh Khaja Shaikh Kasim Kismatwala,Independent,1869,0,1869
Maharashtra,Aurangabad,21,Sangita Kalyanrao Nirmal,Independent,2213,1,2214
Maharashtra,Aurangabad,22,Harshwardhandada Raibhanji Jadhav,Independent,283237,561,283798
Maharashtra,Aurangabad,23,Tribhuvan Madhukar Padmakar,Independent,1731,1,1732
Maharashtra,Aurangabad,24,NOTA,None of the Above,4919,10,4929
Maharashtra,Baramati,1,Kanchan Rahul Kool,Bharatiya Janata Party,528711,2229,530940
Maharashtra,Baramati,2,Adv.Mangesh Nilkanth Vanshiv,Bahujan Samaj Party,6867,15,6882
Maharashtra,Baramati,3,Supriya Sule,Nationalist Congress Party,683705,3009,686714
Maharashtra,Baramati,4,Dashrath Nana Raut,Bharatiya Praja Surajya Paksha,3817,5,3822
Maharashtra,Baramati,5,Padalkar Navanath,Vanchit Bahujan Aaghadi,43953,181,44134
Maharashtra,Baramati,6,Yuvraj Bhujbal,Jan Adhikar Party,903,5,908
Maharashtra,Baramati,7,Savita Bhimrao Kadale,Hindustan Janta Party,797,1,798
Maharashtra,Baramati,8,Sanjay Shinde,Bahujan Mukti Party,4330,15,4345
Maharashtra,Baramati,9,Alankruta Abhijeet Awade-Bichukale,Independent,844,0,844
Maharashtra,Baramati,10,Ulhas(Nanasaheb) Mugutrao Chormale,Independent,1992,1,1993
Maharashtra,Baramati,11,Adv.Girish Madan Patil,Independent,1087,0,1087
Maharashtra,Baramati,12,Deepak Shantaram Watvisave,Independent,1871,0,1871
Maharashtra,Baramati,13,Dr. Balasaheb Arjun Pol,Independent,1001,2,1003
Maharashtra,Baramati,14,Vijaynath Ramachandra Chandere,Independent,1721,0,1721
Maharashtra,Baramati,15,Vishvanath Sitaram Gargade,Independent,1157,1,1158
Maharashtra,Baramati,16,Shivaji (Nana) Rambhau Nandkhile,Independent,4405,0,4405
Maharashtra,Baramati,17,Sureshdada Baburao Veer,Independent,3284,0,3284
Maharashtra,Baramati,18,Hemant Baburao Kolekar Patil,Independent,951,0,951
Maharashtra,Baramati,19,NOTA,None of the Above,7846,22,7868
Maharashtra,Beed,1,Pritam Gopinathrao Munde,Bharatiya Janata Party,675841,2334,678175
Maharashtra,Beed,2,Bajrang Manohar Sonwane,Nationalist Congress Party,509108,699,509807
Maharashtra,Beed,3,Ashok Bhagoji Thorat,Hum Bhartiya Party,3347,4,3351
Maharashtra,Beed,4,Kalyan Bhanudas Gurav,Bharatiya Praja Surajya Paksha,2083,3,2086
Maharashtra,Beed,5,Ganesh Navnathrao Karande,Maharashtra Kranti Sena,2757,4,2761
Maharashtra,Beed,6,Ramesh Ramkisan Gavhane,Dalit Soshit Pichhara Varg Adhikar Dal,1234,4,1238
Maharashtra,Beed,7,Pro. Vishnu Jadhav,Vanchit Bahujan Aaghadi,91972,167,92139
Maharashtra,Beed,8,Shinde Chandraparkash Ganpatrao,Ambedkarite Party of India,1580,2,1582
Maharashtra,Beed,9,Sayyad Mujammil Sayyad Jamil,Samajwadi Party,1224,1,1225
Maharashtra,Beed,10,Sadek Muniroddin Shaikh,Bahujan Republican Socialist Party,675,2,677
Maharashtra,Beed,11,Anwar Khan Mirza Khan,Independent,788,0,788
Maharashtra,Beed,12,Kalidas Pandharinath Apet,Independent,1549,1,1550
Maharashtra,Beed,13,Kolekar Ganesh Bhausaheb,Independent,823,1,824
Maharashtra,Beed,14,Khan Majahar Habib,Independent,1339,0,1339
Maharashtra,Beed,15,Galeb khan Jabbar khan Pathan,Independent,1209,0,1209
Maharashtra,Beed,16,Chavhan Sampat Ramsing,Independent,16778,14,16792
Maharashtra,Beed,17,Jagtap Nilesh Murlidhar,Independent,3485,0,3485
Maharashtra,Beed,18,Jamir Bashir Shaikh,Independent,1508,1,1509
Maharashtra,Beed,19,Jubair Munshi Qureshi,Independent,778,0,778
Maharashtra,Beed,20,Tukaram Vyankati Chate,Independent,398,1,399
Maharashtra,Beed,21,Nisar Ahmed,Independent,412,0,412
Maharashtra,Beed,22,Pathan Musakhan Yunus khan,Independent,585,0,585
Maharashtra,Beed,23,Pathan Sarfaraj khan Mehtab khan,Independent,633,0,633
Maharashtra,Beed,24,Patil Yashashri Pramod,Independent,1329,5,1334
Maharashtra,Beed,25,Pandit Damodhar Khande,Independent,466,0,466
Maharashtra,Beed,26,Bajarang Digambar Sonawane,Independent,1379,0,1379
Maharashtra,Beed,27,Mujib Naimuddin Inamdar,Independent,6152,0,6152
Maharashtra,Beed,28,Rajeshkumar Annasaheb Bhadagale,Independent,3895,2,3897
Maharashtra,Beed,29,Vijay Rangnath Salve,Independent,3456,1,3457
Maharashtra,Beed,30,Veer Shesherao Chokhoba,Independent,1713,2,1715
Maharashtra,Beed,31,Adv. Sharad Bahinaji Kamble,Independent,1926,1,1927
Maharashtra,Beed,32,Shivaji Narayanrao Kavthekar,Independent,1989,1,1990
Maharashtra,Beed,33,Shaikh Yashid Shaikh Tayyab,Independent,2052,0,2052
Maharashtra,Beed,34,Shaikh Sadek Shaikh Ibrahim,Independent,1322,1,1323
Maharashtra,Beed,35,Sayyad Minhaj,Independent,386,0,386
Maharashtra,Beed,36,Sajan Raees Choudhari,Independent,477,0,477
Maharashtra,Beed,37,NOTA,None of the Above,2490,10,2500
Maharashtra,Bhandara - gondiya,1,Panchabudhe Nana Jairam,Nationalist Congress Party,448285,4564,452849
Maharashtra,Bhandara - gondiya,2,Dr. Vijaya Rajesh Nandurkar,Bahujan Samaj Party,52433,226,52659
Maharashtra,Bhandara - gondiya,3,Sunil Baburao Mendhe,Bharatiya Janata Party,646152,4091,650243
Maharashtra,Bhandara - gondiya,4,K. N. Nanhe,Vanchit Bahujan Aaghadi,45587,255,45842
Maharashtra,Bhandara - gondiya,5,B. D. Borkar,Peoples Party of India (Democratic),1462,6,1468
Maharashtra,Bhandara - gondiya,6,Maraskolhe Bhojraj Isulal,Bhartiya Shakti Chetna Party,882,23,905
Maharashtra,Bhandara - gondiya,7,Kalchuri Nilesh Paransingh,Independent,546,1,547
Maharashtra,Bhandara - gondiya,8,Gajbhiye Pramod Hiraman,Independent,978,2,980
Maharashtra,Bhandara - gondiya,9,Adv. Jaiswal Virendrakumar Kasturchand,Independent,2690,9,2699
Maharashtra,Bhandara - gondiya,10,Devidas Santuji Lanjewar,Independent,1542,7,1549
Maharashtra,Bhandara - gondiya,11,Patle Rajendra Sahasram,Independent,13079,66,13145
Maharashtra,Bhandara - gondiya,12,Dr. Sunil Sampat Chawale,Independent,1504,3,1507
Maharashtra,Bhandara - gondiya,13,Sumit Vijay Pande,Independent,3028,3,3031
Maharashtra,Bhandara - gondiya,14,Suhas Anil Funde,Independent,6980,3,6983
Maharashtra,Bhandara - gondiya,15,NOTA,None of the Above,10412,112,10524
Maharashtra,Bhiwandi,1,KAPIL MORESHWAR PATIL,Bharatiya Janata Party,522032,1551,523583
Maharashtra,Bhiwandi,2,TAWARE SURESH KASHINATH,Indian National Congress,366671,583,367254
Maharashtra,Bhiwandi,3,ANSARI MUMTAZ ABDULSATTAR,Bahujan Republican Socialist Party,3240,0,3240
Maharashtra,Bhiwandi,4,PROF. (DR.) ARUN SAVANT,Vanchit Bahujan Aaghadi,51259,196,51455
Maharashtra,Bhiwandi,5,KISHOR RAMBHAUJI KINKAR,Bharat Prabhat Party,900,0,900
Maharashtra,Bhiwandi,6,DR. NOORUDDIN NIZAM ANSARI,Samajwadi Party,2754,2,2756
Maharashtra,Bhiwandi,7,FEROZ ABDURRAHIM SHAIKH,Jan Adhikar Party,1398,0,1398
Maharashtra,Bhiwandi,8,SANJAY GANAPAT WAGH,Bhartiya Tribal Party,2362,7,2369
Maharashtra,Bhiwandi,9,KAPIL YASHWANT DHAMANE,Independent,1333,2,1335
Maharashtra,Bhiwandi,10,KAPIL JAYHIND PATIL,Independent,2055,3,2058
Maharashtra,Bhiwandi,11,DEEPAK PANDHARINATH KHAMBEKAR,Independent,3577,0,3577
Maharashtra,Bhiwandi,12,ENGINEER NAVID BETAB,Independent,1806,0,1806
Maharashtra,Bhiwandi,13,NITESH RAGHUNATH JADHAV,Independent,20675,22,20697
Maharashtra,Bhiwandi,14,BALARAM VITTHAL MHATRE,Independent,2962,0,2962
Maharashtra,Bhiwandi,15,SUHAS DHANANJAY BONDE,Independent,3384,1,3385
Maharashtra,Bhiwandi,16,NOTA,None of the Above,16355,42,16397
Maharashtra,Buldhana,1,Abdul Hafeez Abdul Aziz,Bahujan Samaj Party,6503,62,6565
Maharashtra,Buldhana,2,Jadhav Prataprao Ganpatrao,Shivsena,520537,1440,521977
Maharashtra,Buldhana,3,Dr. Rajendra Bhaskarrav Shingne,Nationalist Congress Party,388293,397,388690
Maharashtra,Buldhana,4,Pratap Pandharinath Patil,Bahujan Mukti Party,4289,18,4307
Maharashtra,Buldhana,5,Siraskar Baliram Bhagwan,Vanchit Bahujan Aaghadi,172306,321,172627
Maharashtra,Buldhana,6,Ananta Datta Puri,Independent,1888,7,1895
Maharashtra,Buldhana,7,Gajanan Uttam Shantabai,Independent,1256,8,1264
Maharashtra,Buldhana,8,Dinkar Tukaram Sambare,Independent,4160,2,4162
Maharashtra,Buldhana,9,Pravin Shriram More,Independent,2236,9,2245
Maharashtra,Buldhana,10,Wamanrao Ganpatrao Akhare,Independent,1849,4,1853
Maharashtra,Buldhana,11,Bhai Vikas Prakash Nandve,Independent,4112,5,4117
Maharashtra,Buldhana,12,Vijay Banwarilalji Masani,Independent,2974,2,2976
Maharashtra,Buldhana,13,NOTA,None of the Above,7666,15,7681
Maharashtra,Chandrapur,1,Ahir Hansraj Gangaram,Bharatiya Janata Party,512728,2016,514744
Maharashtra,Chandrapur,2,Balubhau alias Suresh Narayan Dhanorkar,Indian National Congress,557550,1957,559507
Maharashtra,Chandrapur,3,Sushil Segoji Wasnik,Bahujan Samaj Party,11770,40,11810
Maharashtra,Chandrapur,4,Dr. Gautam Ganpat Nagrale,Bahujan Mukti Party,2432,18,2450
Maharashtra,Chandrapur,5,Nitesh Anandrao Dongre,Ambedkarite Party of India,4694,7,4701
Maharashtra,Chandrapur,6,Madavi Dashrath Pandurang,Bahujan Republican Socialist Party,3075,28,3103
Maharashtra,Chandrapur,7,Madhukar Vitthal Nistane,"Proutist Bloc, India",1589,0,1589
Maharashtra,Chandrapur,8,Adv. Rajendra Shriramji Mahadole,Vanchit Bahujan Aaghadi,111547,532,112079
Maharashtra,Chandrapur,9,Shedmake Namdeo Manikrao,Gondvana Gantantra Party,3057,14,3071
Maharashtra,Chandrapur,10,Arvind Nanaji Raut,Independent,1473,0,1473
Maharashtra,Chandrapur,11,Namdo Keshao Kinake,Independent,5632,7,5639
Maharashtra,Chandrapur,12,Milind Pralhad Dahiwale,Independent,2424,2,2426
Maharashtra,Chandrapur,13,Rajendra Krishnarao Hajare,Independent,4504,1,4505
Maharashtra,Chandrapur,14,NOTA,None of the Above,11311,66,11377
Maharashtra,Dhule,1,Aparanti Sanjay Yashwant,Bahujan Samaj Party,4609,36,4645
Maharashtra,Dhule,2,Kunalbaba Rohidas Patil,Indian National Congress,382636,1654,384290
Maharashtra,Dhule,3,Bhamre Subhash Ramrao,Bharatiya Janata Party,610268,3265,613533
Maharashtra,Dhule,4,Anil Anna,Loksangram,8373,45,8418
Maharashtra,Dhule,5,Anil Ramdas Jadhaav,Baliraja Party,1271,0,1271
Maharashtra,Dhule,6,Ansari Mohammed Ismail Mohammed Ibrahim,Bharatiya Minorities Suraksha Mahasangh,619,1,620
Maharashtra,Dhule,7,Taher Sattar Khatik,Rashtriya Maratha Party,394,0,394
Maharashtra,Dhule,8,Dilip Bhaidas Patil,Bahujan Mukti Party,754,7,761
Maharashtra,Dhule,9,Nabi Ahmad Ahmad Dulla,Vanchit Bahujan Aaghadi,39336,113,39449
Maharashtra,Dhule,10,Nandkumar Jagannath Chavhan,Rashtriya Jansena Party,697,2,699
Maharashtra,Dhule,11,Pandharinath Chaitram More,Bhartiya Tribal Party,3277,6,3283
Maharashtra,Dhule,12,Pinjari Jainuddin Husain,Bahujan Maha Party,788,1,789
Maharashtra,Dhule,13,Mevati Hina Yusufbhai,Bhartiya Kisan Party,892,3,895
Maharashtra,Dhule,14,Sitaram Baga Wagh,Bahujan Republican Socialist Party,2033,2,2035
Maharashtra,Dhule,15,Irfan Mo. Isahak,Independent,1883,0,1883
Maharashtra,Dhule,16,Iqbal Ahmed Mohammed Rafeeque,Independent,3442,2,3444
Maharashtra,Dhule,17,Qasmi Kamal Hashim Mohammed Azmi,Independent,1191,0,1191
Maharashtra,Dhule,18,Chordiya Dhiraj Prakashchand,Independent,1725,0,1725
Maharashtra,Dhule,19,Tadvi Ayyub Khan Razzaque Khan,Independent,1911,1,1912
Maharashtra,Dhule,20,Dinesh Punamchand Koli,Independent,3690,7,3697
Maharashtra,Dhule,21,Deepak Khandu Amrutkar,Independent,593,0,593
Maharashtra,Dhule,22,Nasim Rauf Baba Khan,Independent,410,0,410
Maharashtra,Dhule,23,Nitin Baburao Khare,Independent,506,1,507
Maharashtra,Dhule,24,Pinjari Salim Kasam,Independent,1784,2,1786
Maharashtra,Dhule,25,Bhamare Subash Shankar,Independent,1936,7,1943
Maharashtra,Dhule,26,Meraj Bi Husain Khan,Independent,533,0,533
Maharashtra,Dhule,27,Mohammed Rizwan Mohammed Akbar,Independent,821,0,821
Maharashtra,Dhule,28,Dnyaneshwar Baliram Dhekale alias Bapu,Independent,1034,2,1036
Maharashtra,Dhule,29,NOTA,None of the Above,2450,25,2475
Maharashtra,Dindori,1,Ashok Tryambak Jadhav (Sir),Bahujan Samaj Party,7678,42,7720
Maharashtra,Dindori,2,Gavit Jeeva Pandu,Communist Party of India (Marxist),109485,85,109570
Maharashtra,Dindori,3,Dhanraj Haribhau Mahale,Nationalist Congress Party,368111,580,368691
Maharashtra,Dindori,4,Dr. Bharati Pravin Pawar,Bharatiya Janata Party,565452,2018,567470
Maharashtra,Dindori,5,Dadasaheb Hiraman Pawar,Rashtriya Maratha Party,5737,17,5754
Maharashtra,Dindori,6,Barde Dattu Kashinath,Bhartiya Tribal Party,5619,12,5631
Maharashtra,Dindori,7,Bapu Kelu Barde,Vanchit Bahujan Aaghadi,58749,98,58847
Maharashtra,Dindori,8,Adv. Bagul Tikaram Katthu,Independent,4495,7,4502
Maharashtra,Dindori,9,NOTA,None of the Above,9428,18,9446
Maharashtra,Gadchiroli-Chimur,1,ASHOK MAHADEORAO NETE,Bharatiya Janata Party,517722,2246,519968
Maharashtra,Gadchiroli-Chimur,2,Dr. NAMDEO DALLUJI USENDI,Indian National Congress,440386,2056,442442
Maharashtra,Gadchiroli-Chimur,3,HARICHANDRA NAGOJI MANGAM,Bahujan Samaj Party,28006,98,28104
Maharashtra,Gadchiroli-Chimur,4,DEORAO MONBA NANNAWARE,Ambedkarite Party of India,16090,27,16117
Maharashtra,Gadchiroli-Chimur,5,Dr. RAMESHKUMAR BABURAOJI GAJBE,Vanchit Bahujan Aaghadi,110736,732,111468
Maharashtra,Gadchiroli-Chimur,6,NOTA,None of the Above,24418,181,24599
Maharashtra,Hatkanangle,1,Ajay Prakash Kurane,Bahujan Samaj Party,4072,84,4156
Maharashtra,Hatkanangle,2,Dhairyasheel Sambhajirao Mane,Shivsena,582776,3000,585776
Maharashtra,Hatkanangle,3,Aslam Badshahaji Sayyad,Vanchit Bahujan Aaghadi,123151,268,123419
Maharashtra,Hatkanangle,4,Prof. Dr. Prashant Gangawane,Bahujan Republican Socialist Party,1735,9,1744
Maharashtra,Hatkanangle,5,Madan Vajir Sardar,Bahujan Mukti Party,1170,11,1181
Maharashtra,Hatkanangle,6,Raju Mujikrao Shetty,Bahujan Maha Party,8086,17,8103
Maharashtra,Hatkanangle,7,Raju Anna Shetti,Swabhimani Paksha,487276,2461,489737
Maharashtra,Hatkanangle,8,Anandrao Vasantrao Sarnaik (Fouji Bapu),Independent,3300,16,3316
Maharashtra,Hatkanangle,9,Aitawade Vidyasagar Devappa,Independent,1986,5,1991
Maharashtra,Hatkanangle,10,Kamble Vishwas Ananda,Independent,1402,6,1408
Maharashtra,Hatkanangle,11,Kishor Rajaram Panhalkar,Independent,1181,3,1184
Maharashtra,Hatkanangle,12,Dr. Nitin Udal Bhat,Independent,1011,0,1011
Maharashtra,Hatkanangle,13,Patil Raghunath Ramchandra,Independent,2819,1,2820
Maharashtra,Hatkanangle,14,Mahadev Jagannath Jagadale,Independent,3585,2,3587
Maharashtra,Hatkanangle,15,Vijay Bhagwan Chougule,Independent,5974,0,5974
Maharashtra,Hatkanangle,16,Sangramsinh Jaysingrao Gaikwad,Independent,8689,6,8695
Maharashtra,Hatkanangle,17,Sanjay Ghanshyam Agrawal,Independent,1000,1,1001
Maharashtra,Hatkanangle,18,NOTA,None of the Above,7043,65,7108
Maharashtra,Hingoli,1,Dr. Dhanve Datta Maroti,Bahujan Samaj Party,5500,50,5550
Maharashtra,Hingoli,2,Wankhede Subhashrao Bapurao,Indian National Congress,306928,1528,308456
Maharashtra,Hingoli,3,Hemant Patil,Shivsena,583392,2920,586312
Maharashtra,Hingoli,4,Altaf Ahamad,Indian Union Muslim League,6031,4,6035
Maharashtra,Hingoli,5,Asadkhan Mohammadkhan,Bahujan Republican Socialist Party,1430,1,1431
Maharashtra,Hingoli,6,Uttam Bhagaji Kamble,Prabuddha Republican Party,3336,7,3343
Maharashtra,Hingoli,7,Uttam Maroti Dhabe,Akhand Hind Party,3905,2,3907
Maharashtra,Hingoli,8,Mohan Fattusing Rathod,Vanchit Bahujan Aaghadi,173388,663,174051
Maharashtra,Hingoli,9,Varsha Shivajirao Devsarkar,Bahujan Mukti Party,2993,18,3011
Maharashtra,Hingoli,10,Subhash Nagorao Wankhede,Hum Bhartiya Party,1377,7,1384
Maharashtra,Hingoli,11,Subhash Parasram Wankhede,Bahujan Maha Party,2371,4,2375
Maharashtra,Hingoli,12,A.Kadir Mastan Sayed,Independent,1847,0,1847
Maharashtra,Hingoli,13,Kamble Trishala Milind,Independent,1660,1,1661
Maharashtra,Hingoli,14,Gajanan Haribhau Bhalerao,Independent,1914,3,1917
Maharashtra,Hingoli,15,Jayavanta Vishwambhar Wanole,Independent,8070,52,8122
Maharashtra,Hingoli,16,Devji Gangaram Asole,Independent,3031,0,3031
Maharashtra,Hingoli,17,Prakash Vitthalrao Ghunnar,Independent,1654,0,1654
Maharashtra,Hingoli,18,Makbul Ahemad Abdul Habib,Independent,2077,0,2077
Maharashtra,Hingoli,19,Adv. Marotrao Kanhobarao Hukke Patil,Independent,3616,2,3618
Maharashtra,Hingoli,20,Wasant Kisan Paikrao,Independent,1024,1,1025
Maharashtra,Hingoli,21,Sunil Dasharath Ingole,Independent,827,0,827
Maharashtra,Hingoli,22,Subhash Kashiba Wankhede,Independent,1298,2,1300
Maharashtra,Hingoli,23,Subhash Maroti Wankhede,Independent,984,0,984
Maharashtra,Hingoli,24,Subhash Vitthal Wankhede,Independent,1399,1,1400
Maharashtra,Hingoli,25,Santosh Maroti Boinwad,Independent,1282,1,1283
Maharashtra,Hingoli,26,Patrakar P. Sattar kha Kasim kha,Independent,1399,0,1399
Maharashtra,Hingoli,27,Sandip Bhau Nikhate,Independent,1584,0,1584
Maharashtra,Hingoli,28,Sandesh Ramchandra Chavan,Independent,23662,28,23690
Maharashtra,Hingoli,29,NOTA,None of the Above,4216,26,4242
Maharashtra,Jalgaon,1,Unmesh Bhaiyyasaheb Patil,Bharatiya Janata Party,709510,4364,713874
Maharashtra,Jalgaon,2,Gulabrao Baburao Deokar,Nationalist Congress Party,299240,3017,302257
Maharashtra,Jalgaon,3,Rahul Narayan Bansode,Bahujan Samaj Party,3403,25,3428
Maharashtra,Jalgaon,4,Ishwar Dayaram More (Maji Sainik),Bahujan Mukti Party,1238,24,1262
Maharashtra,Jalgaon,5,Anjali Ratnakar Baviskar,Vanchit Bahujan Aaghadi,37164,202,37366
Maharashtra,Jalgaon,6,Sant Shri Baba Mahahansaji Maharaj Patil,Hindusthan Nirman Dal,1288,7,1295
Maharashtra,Jalgaon,7,Mohan Shankar Birhade,Rashtriya Samajwadi Party (Secular),664,6,670
Maharashtra,Jalgaon,8,Sharad Gorakh Bhamre (Sutar),Rashtriya Janshakti Party (Secular),814,3,817
Maharashtra,Jalgaon,9,Anant Prabhakar Mahajan,Independent,6557,5,6562
Maharashtra,Jalgaon,10,Onkaraba Chensing Jadhav,Independent,3137,7,3144
Maharashtra,Jalgaon,11,Mukesh Rajesh Kuril,Independent,1381,2,1383
Maharashtra,Jalgaon,12,Lalit (Bunty) Gaurishankar Sharma,Independent,1108,0,1108
Maharashtra,Jalgaon,13,Subhash Shivlal Khairnar,Independent,1628,1,1629
Maharashtra,Jalgaon,14,Sancheti Rupesh Parasmal,Independent,3149,1,3150
Maharashtra,Jalgaon,15,NOTA,None of the Above,10295,37,10332
Maharashtra,Jalna,1,Autade Vilas Keshavrao,Indian National Congress,364348,856,365204
Maharashtra,Jalna,2,Danve Raosaheb Dadarao,Bharatiya Janata Party,694945,3074,698019
Maharashtra,Jalna,3,Mahendra Kachru Sonwane,Bahujan Samaj Party,9048,20,9068
Maharashtra,Jalna,4,Uttam Dhanu Rathod,Aasra Lokmanch Party,2640,3,2643
Maharashtra,Jalna,5,Ganesh Shankar Chandode,Akhil Bharatiya Sena,1562,5,1567
Maharashtra,Jalna,6,Pramod Baburao Kharat,Bahujan Republican Socialist Party,1061,1,1062
Maharashtra,Jalna,7,Feroz Ali,Bahujan Mukti Party,2013,4,2017
Maharashtra,Jalna,8,Dr. Sharadchandra Wankhede,Vanchit Bahujan Aaghadi,76924,234,77158
Maharashtra,Jalna,9,Adv. Trimbak Baburao Jadhav,Swatantra Bharat Paksha,5285,14,5299
Maharashtra,Jalna,10,Annasaheb Devidasrao Ugale,Independent,1209,0,1209
Maharashtra,Jalna,11,Anita Lalchand Khandade (Rajput),Independent,1739,6,1745
Maharashtra,Jalna,12,Arun Chintaman Chavhan,Independent,2843,1,2844
Maharashtra,Jalna,13,Ahemad Rahim Shaikh,Independent,1760,3,1763
Maharashtra,Jalna,14,Nade Dnyaneshwar Dagduji,Independent,2678,1,2679
Maharashtra,Jalna,15,Adv. Yogesh Dattu Gullapelli,Independent,3483,2,3485
Maharashtra,Jalna,16,Ratan Aasaram Landge,Independent,6170,0,6170
Maharashtra,Jalna,17,Raju Ashok Gawali,Independent,4081,0,4081
Maharashtra,Jalna,18,Shahadev Mahadev Palve,Independent,4184,3,4187
Maharashtra,Jalna,19,Sapkal Lilabai Dharma,Independent,1152,2,1154
Maharashtra,Jalna,20,Sirsath Sham,Independent,1146,2,1148
Maharashtra,Jalna,21,NOTA,None of the Above,15550,87,15637
Maharashtra,Kalyan,1,BABAJI BALARAM PATIL,Nationalist Congress Party,215014,366,215380
Maharashtra,Kalyan,2,RAVINDRA (PINTU) KENE,Bahujan Samaj Party,9604,23,9627
Maharashtra,Kalyan,3,Dr. SHRIKANT EKNATH SHINDE,Shivsena,558023,1700,559723
Maharashtra,Kalyan,4,Gautam Baburao Waghchaure,Bahujan Mukti Party,2660,2,2662
Maharashtra,Kalyan,5,MILIND KAMBLE,Bharat Jan Aadhar Party,793,5,798
Maharashtra,Kalyan,6,MUNIR AHMAD ANSARI,Indian Union Muslim League,1302,0,1302
Maharashtra,Kalyan,7,MOHAMMED AHMED KHAN (AHMED NETA),Bahujan Maha Party,1030,1,1031
Maharashtra,Kalyan,8,SALVE VINOD MANOHAR,Bhartiya Kisan Party,3260,1,3261
Maharashtra,Kalyan,9,Dr. Suresh Abhiman Gawai,Bharat Prabhat Party,841,2,843
Maharashtra,Kalyan,10,SANJAY HEDAOO,Vanchit Bahujan Aaghadi,65362,210,65572
Maharashtra,Kalyan,11,Santosh Bhikaji Bhalerao,Ambedkarite Party of India,1078,3,1081
Maharashtra,Kalyan,12,Habibur Rehman,Peace Party,1073,0,1073
Maharashtra,Kalyan,13,Haresh Sambhaji Bramhane,Bahujan Republican Socialist Party,721,1,722
Maharashtra,Kalyan,14,AJAYSHYAM RAMLAKHAN MORYA,Independent,1274,0,1274
Maharashtra,Kalyan,15,Amrish Raj Morajkar,Independent,915,0,915
Maharashtra,Kalyan,16,Asmita Pushkar Puranik,Independent,2511,1,2512
Maharashtra,Kalyan,17,Chandrakant Rambhaji Mote,Independent,1365,0,1365
Maharashtra,Kalyan,18,Zafarullah Gulam Rab Sayyed,Independent,495,0,495
Maharashtra,Kalyan,19,DINKAR RANGANATH PHALAKE,Independent,1389,0,1389
Maharashtra,Kalyan,20,Nafees Ansari,Independent,434,0,434
Maharashtra,Kalyan,21,NARENDRBHAI MORE,Independent,690,0,690
Maharashtra,Kalyan,22,YASMIN BANOO MOHD. SALIM,Independent,412,1,413
Maharashtra,Kalyan,23,Mo. Yusuf Mo. Farooq Khan,Independent,429,0,429
Maharashtra,Kalyan,24,Vinay Dubey,Independent,471,0,471
Maharashtra,Kalyan,25,SHIVA KRISHNAMURTHY IYER,Independent,765,2,767
Maharashtra,Kalyan,26,Sayyed Waseem Ali Nazir Ali,Independent,1093,0,1093
Maharashtra,Kalyan,27,Suhas Dhananjay Bonde,Independent,1186,1,1187
Maharashtra,Kalyan,28,SONALI ASHOK GANGAWANE,Independent,790,2,792
Maharashtra,Kalyan,29,NOTA,None of the Above,12975,37,13012
Maharashtra,Kolhapur,1,Dundappa Kundappa Shrikant Sir,Bahujan Samaj Party,4965,69,5034
Maharashtra,Kolhapur,2,Dhananjay Mahadik,Nationalist Congress Party,476820,1697,478517
Maharashtra,Kolhapur,3,Sanjay Sadashivrao Mandlik,Shivsena,745675,3410,749085
Maharashtra,Kolhapur,4,Dr. Aruna Mohan Mali,Vanchit Bahujan Aaghadi,63251,188,63439
Maharashtra,Kolhapur,5,Kisan Keraba Katkar,Baliraja Party,1899,3,1902
Maharashtra,Kolhapur,6,Dayanand Maruti Kamble,Bahujan Republican Socialist Party,1560,10,1570
Maharashtra,Kolhapur,7,Nagratna Siddharth,Bahujan Mukti Party,1417,4,1421
Maharashtra,Kolhapur,8,Paresh Dattatray Bhosale,Independent,1088,4,1092
Maharashtra,Kolhapur,9,Bajirao Sadashiv Naik,Independent,2051,4,2055
Maharashtra,Kolhapur,10,Mane Arvind Bhiva,Independent,2119,3,2122
Maharashtra,Kolhapur,11,Mulla Mushtak Ajij,Independent,3386,4,3390
Maharashtra,Kolhapur,12,Yuvraj Bhimrao Desai,Independent,1753,5,1758
Maharashtra,Kolhapur,13,Rajendra Balaso Koli (Galatage),Independent,2589,8,2597
Maharashtra,Kolhapur,14,Sandeep Gundopant Sankpal,Independent,5954,1,5955
Maharashtra,Kolhapur,15,Sandeep Bhairavnath Kogale,Independent,2222,2,2224
Maharashtra,Kolhapur,16,NOTA,None of the Above,8659,32,8691
Maharashtra,Latur,1,Kamant Machhindra Gunwantrao,Indian National Congress,370835,1549,372384
Maharashtra,Latur,2,Dr.Siddharthkumar Digambarrao Suryawanshi,Bahujan Samaj Party,6509,40,6549
Maharashtra,Latur,3,Sudhakar Tukaram Shrangare,Bharatiya Janata Party,657590,3905,661495
Maharashtra,Latur,4,Arun Ramrao Sontakke,Bahujan Republican Socialist Party,5199,9,5208
Maharashtra,Latur,5,Dattu Prabhakar Karanjikar,Bahujan Mukti Party,2184,10,2194
Maharashtra,Latur,6,Ram Garkar,Vanchit Bahujan Aaghadi,111780,475,112255
Maharashtra,Latur,7,Rupesh Shamrao Shanke,Swatantra Bharat Paksha,4329,27,4356
Maharashtra,Latur,8,Kamble Madhukar Sambhaji,Independent,1324,2,1326
Maharashtra,Latur,9,Papita Raosaheb Randive,Independent,2091,4,2095
Maharashtra,Latur,10,Ramesh Nivruti Kamble,Independent,2112,4,2116
Maharashtra,Latur,11,NOTA,None of the Above,6511,53,6564
Maharashtra,Madha,1,Aappa Aaba Lokare,Bahujan Samaj Party,6839,44,6883
Maharashtra,Madha,2,Ranjeetsinha Hindurao Naik- Nimbalkar,Bharatiya Janata Party,583191,3123,586314
Maharashtra,Madha,3,Sanjaymama Vitthalrao Shinde,Nationalist Congress Party,498441,2109,500550
Maharashtra,Madha,4,Navnath Bhimrao Patil,Hindusthan Praja Paksha,3743,7,3750
Maharashtra,Madha,5,Nanaso Ramhari Yadav,Bharatiya Praja Surajya Paksha,1384,2,1386
Maharashtra,Madha,6,Bramhakumari Pramilaben,Akhil Bhartiya Ekata Party,1002,4,1006
Maharashtra,Madha,7,Keskar Maruti Shivram,Bahujan Azad Party,6584,23,6607
Maharashtra,Madha,8,Er. Ramchandra Mayyappa Ghutukade,Bahujan Republican Socialist Party,1078,5,1083
Maharashtra,Madha,9,Adv. Vijayrao More,Vanchit Bahujan Aaghadi,51349,183,51532
Maharashtra,Madha,10,Shahajahan Paigambar Shaikh,Bahujan Maha Party,4811,3,4814
Maharashtra,Madha,11,Sunil Gunda Jadhav,Bahujan Mukti Party,2017,7,2024
Maharashtra,Madha,12,Ajinath Laxman Kevate,Independent,1510,2,1512
Maharashtra,Madha,13,Ajinkya Aakaram Salunkhe,Independent,1736,4,1740
Maharashtra,Madha,14,Annaso Sukhadev Maske,Independent,3222,0,3222
Maharashtra,Madha,15,Aware Siddheshwar Bharat,Independent,1910,1,1911
Maharashtra,Madha,16,Dattatrya Bhanudas Khatke Alias Bandunana Khatke,Independent,2399,0,2399
Maharashtra,Madha,17,Dilip Ramchandra Jadhav,Independent,1935,0,1935
Maharashtra,Madha,18,Daulat Umaji Shitole,Independent,12859,10,12869
Maharashtra,Madha,19,Nandu Sambhaji More,Independent,2211,3,2214
Maharashtra,Madha,20,Mohan Vishnu Raut,Independent,973,0,973
Maharashtra,Madha,21,Ramdas Mane,Independent,3010,6,3016
Maharashtra,Madha,22,Rohit More,Independent,1118,1,1119
Maharashtra,Madha,23,Vijayraj Balasaheb Mane Deshmukh,Independent,661,1,662
Maharashtra,Madha,24,Adv. Vijayanand Shankarrao Shinde,Independent,626,3,629
Maharashtra,Madha,25,Vishvambhar Narayan Kashid,Independent,1156,1,1157
Maharashtra,Madha,26,Adv. Sachin Bhaskar Jore,Independent,752,0,752
Maharashtra,Madha,27,Sachin Dnyaneshwar Padalkar,Independent,1191,6,1197
Maharashtra,Madha,28,Savita Ankush Aiwle,Independent,1445,6,1451
Maharashtra,Madha,29,Santosh Balasaheb Bichukale,Independent,1418,0,1418
Maharashtra,Madha,30,Sandip Janaradhan Kharat,Independent,5002,2,5004
Maharashtra,Madha,31,Sandip Vitthal Pol,Independent,1517,7,1524
Maharashtra,Madha,32,NOTA,None of the Above,3642,24,3666
Maharashtra,Maval,1,Adv. Kanade Sanjay Kisan,Bahujan Samaj Party,10185,12,10197
Maharashtra,Maval,2,PARTH AJIT PAWAR,Nationalist Congress Party,503375,1375,504750
Maharashtra,Maval,3,SHRIRANG APPA CHANDU BARNE,Shivsena,718950,1713,720663
Maharashtra,Maval,4,Jagdish alias Ayyappa Shamrao Sonawane,Kranti Kari Jai Hind Sena,5240,2,5242
Maharashtra,Maval,5,JAYA SANJAY PATIL,Ambedkarite Party of India,2327,1,2328
Maharashtra,Maval,6,PANDHARINATH NAMDEO PATIL,Bahujan Mukti Party,2565,5,2570
Maharashtra,Maval,7,Prakash Bhivaji Mahadik,Bhartiya Navjawan Sena (Paksha),1091,4,1095
Maharashtra,Maval,8,MADAN SHIVAJI PATIL,Bharatiya Praja Surajya Paksha,2243,0,2243
Maharashtra,Maval,9,RAJARAM NARAYAN PATIL,Vanchit Bahujan Aaghadi,75713,191,75904
Maharashtra,Maval,10,SUNIL BABAN GAIKWAD,Bahujan Republican Socialist Party,1748,7,1755
Maharashtra,Maval,11,AJAY HANUMANT LONDHE,Independent,1042,2,1044
Maharashtra,Maval,12,Amruta Abhijit Apte,Independent,1694,2,1696
Maharashtra,Maval,13,Navnath Vishwanath Dudhal,Independent,2800,2,2802
Maharashtra,Maval,14,PRASHANT alias BABARAJE GANPAT DESHMUKH,Independent,6310,8,6318
Maharashtra,Maval,15,BALKRUSHNA DHANAJI GHARAT,Independent,3603,0,3603
Maharashtra,Maval,16,RAKESH PRABHAKAR CHAVAN,Independent,3225,0,3225
Maharashtra,Maval,17,RAJENDRA MARUTI KATE (PATIL),Independent,1638,1,1639
Maharashtra,Maval,18,VIJAY HANUMANT RANDIL,Independent,2093,0,2093
Maharashtra,Maval,19,SURAJ ASHOKRAO KHANDARE,Independent,1873,0,1873
Maharashtra,Maval,20,SURESH SHRIPATI TAUR,Independent,1083,0,1083
Maharashtra,Maval,21,Dr. SOMNATH ALIAS BALASHAHEB ARJUN POL,Independent,970,0,970
Maharashtra,Maval,22,NOTA,None of the Above,15747,32,15779
Maharashtra,Mumbai South,1,Arvind Ganpat Sawant,Shivsena,420530,1407,421937
Maharashtra,Mumbai South,2,Gautam Sureshkumar Mistrilal,Bahujan Samaj Party,4320,9,4329
Maharashtra,Mumbai South,3,Deora Milind Murli,Indian National Congress,321362,508,321870
Maharashtra,Mumbai South,4,Dr. Anil Kumar,Vanchit Bahujan Aaghadi,30213,135,30348
Maharashtra,Mumbai South,5,Abbas F. Chhatriwala,Jan Adhikar Party,528,0,528
Maharashtra,Mumbai South,6,Irfan Shaikh,Ambedkarite Party of India,1391,0,1391
Maharashtra,Mumbai South,7,Adv. Ramchandra N. Kachave,Kranti Kari Jai Hind Sena,735,2,737
Maharashtra,Mumbai South,8,Shehbaj Rathod,Jai Maha Bharath Party,1347,0,1347
Maharashtra,Mumbai South,9,Adv. Sahil L . Shah,Bhartiya Manavadhikaar Federal Party,513,1,514
Maharashtra,Mumbai South,10,Hamir kalidas Vinjuda,Bahujan Republican Socialist Party,496,0,496
Maharashtra,Mumbai South,11,Rajesh B. Dayal,Independent,449,0,449
Maharashtra,Mumbai South,12,Shankar Sonawane,Independent,876,3,879
Maharashtra,Mumbai South,13,Sai Shrivastav,Independent,1670,1,1671
Maharashtra,Mumbai South,14,NOTA,None of the Above,15071,44,15115
Maharashtra,Mumbai North,1,Urmila Matondkar,Indian National Congress,240956,475,241431
Maharashtra,Mumbai North,2,Gopal Shetty,Bharatiya Janata Party,705555,1123,706678
Maharashtra,Mumbai North,3,Manojkumar Jayprakash Singh,Bahujan Samaj Party,3924,1,3925
Maharashtra,Mumbai North,4,Andrew John Fernandes,Hum Bhartiya Party,905,1,906
Maharashtra,Mumbai North,5,Ankushrao Shivajirao Patil,Rashtriya Maratha Party,387,1,388
Maharashtra,Mumbai North,6,Chandaliya Samaysingh Anand,Bahujan Mukti Party,440,9,449
Maharashtra,Mumbai North,7,Chhannu Sahadewrao Sontakkey,Bharat Prabhat Party,274,0,274
Maharashtra,Mumbai North,8,Thorat Sunil Uttamrao,Vanchit Bahujan Aaghadi,15629,62,15691
Maharashtra,Mumbai North,9,Dr. Pawan Kumar Pandey,Sarvodaya Bharat Party,422,1,423
Maharashtra,Mumbai North,10,Fateh Mohd. Mansuri Shaikh,Bhartiya Lokmat Rashtrwadi Party,1234,0,1234
Maharashtra,Mumbai North,11,Ranjit Bajrangi Tiwari,Naitik Party,256,0,256
Maharashtra,Mumbai North,12,Comrade Vilas Hiwale,Marxist Leninist Party of India (Red Flag),489,0,489
Maharashtra,Mumbai North,13,Akhtar Munshi Paper Wala,Independent,292,0,292
Maharashtra,Mumbai North,14,Ansari Mohd. Azad,Independent,634,0,634
Maharashtra,Mumbai North,15,Amol Ashokrao Jadhav,Independent,897,3,900
Maharashtra,Mumbai North,16,B. K. Gadhavi,Independent,1392,1,1393
Maharashtra,Mumbai North,17,Milind Shankar Repe,Independent,1351,1,1352
Maharashtra,Mumbai North,18,Dr. Raies Khan,Independent,1078,0,1078
Maharashtra,Mumbai North,19,NOTA,None of the Above,11941,25,11966
Maharashtra,Mumbai North central,1,IMRAN MUSTAFA KHAN,Bahujan Samaj Party,4190,5,4195
Maharashtra,Mumbai North central,2,DUTT PRIYA SUNIL,Indian National Congress,356298,369,356667
Maharashtra,Mumbai North central,3,POONAM MAHAJAN,Bharatiya Janata Party,485815,857,486672
Maharashtra,Mumbai North central,4,ABDUR REHMAN ANJARIA,Vanchit Bahujan Aaghadi,33626,77,33703
Maharashtra,Mumbai North central,5,KURBAN SHAHADAT HUSSAIN,Rashtriya Ulama Council,613,0,613
Maharashtra,Mumbai North central,6,ADV. FEROZ A. SHAIKH,Jan Adhikar Party,411,0,411
Maharashtra,Mumbai North central,7,MILIND (ANNA) KAMBLE,Bharat Jan Aadhar Party,486,2,488
Maharashtra,Mumbai North central,8,MEHEDI IQBAL HASAN SAYYED,Ambedkar National Congress,261,0,261
Maharashtra,Mumbai North central,9,MOHAMMAD MEHMOOD SYED SHAH,All India Minorities Front,722,0,722
Maharashtra,Mumbai North central,10,MOHAMMAD MOBIN SHAIKH (AZMI),Peace Party,671,0,671
Maharashtra,Mumbai North central,11,RAJESH NANDLAL BHAVSAR,Bhartiya Manavadhikaar Federal Party,284,0,284
Maharashtra,Mumbai North central,12,AKSHAY KACHARU SANAP,Independent,454,0,454
Maharashtra,Mumbai North central,13,ANKUSH RAMCHANDRA KARANDE,Independent,535,0,535
Maharashtra,Mumbai North central,14,JOY NAGESH BHOSLE,Independent,942,0,942
Maharashtra,Mumbai North central,15,NOORUDDIN AFTAB AZIMUDDIN SAYYED,Independent,858,0,858
Maharashtra,Mumbai North central,16,MOHD. YAHIYA SIDDIQUE,Independent,1073,0,1073
Maharashtra,Mumbai North central,17,ADV. VANSH BAHADUR SABHAJEET YADAV,Independent,496,1,497
Maharashtra,Mumbai North central,18,SUNDER BABURAO PADMUKH,Independent,989,0,989
Maharashtra,Mumbai North central,19,SNEHA (SAGAR) NIVRUTTI KALE,Independent,759,0,759
Maharashtra,Mumbai North central,20,HARSHVARDHAN RAMSURESH PANDEY,Independent,321,0,321
Maharashtra,Mumbai North central,21,NOTA,None of the Above,10647,22,10669
Maharashtra,Mumbai North East,1,Patil Sanjay Dina,Nationalist Congress Party,287555,558,288113
Maharashtra,Mumbai North East,2,Manoj Kotak,Bharatiya Janata Party,513579,1020,514599
Maharashtra,Mumbai North East,3,Sanjay Chandrabahadur Singh (Kunwar),Bahujan Samaj Party,7770,7,7777
Maharashtra,Mumbai North East,4,Adv. Ganesh Iyer,Bahujan Maha Party,1336,0,1336
Maharashtra,Mumbai North East,5,Jayashri Minesh Shah,Bhartiya Manavadhikaar Federal Party,535,1,536
Maharashtra,Mumbai North East,6,Dandge Sukhdev Chandu,Ambedkarite Party of India,711,0,711
Maharashtra,Mumbai North East,7,Niharika Prakashchandra Khondalay,Vanchit Bahujan Aaghadi,68089,150,68239
Maharashtra,Mumbai North East,8,Nutan Sharad Kumar Singh,Aapki Apni Party (Peoples),565,1,566
Maharashtra,Mumbai North East,9,Adv. Vijay Janardan Shiktode,Bahujan Republican Socialist Party,462,1,463
Maharashtra,Mumbai North East,10,Vinod Narayan Chaugule,Sanatan Sanskriti Raksha Dal,564,0,564
Maharashtra,Mumbai North East,11,Shahenaz Begum Mohd Siraj Khan,Rashtriya Ulama Council,569,1,570
Maharashtra,Mumbai North East,12,Sushma Maurya,Jan Adhikar Party,820,0,820
Maharashtra,Mumbai North East,13,Shrikant Suburao Shinde,Bahujan Mukti Party,726,1,727
Maharashtra,Mumbai North East,14,Anil Hebbar Koni,Independent,677,0,677
Maharashtra,Mumbai North East,15,Kurhade Sneha Ravindra,Independent,1267,0,1267
Maharashtra,Mumbai North East,16,Jatin Rangrao Harne,Independent,1573,0,1573
Maharashtra,Mumbai North East,17,Jaywant Shriram Sawant (Pappa),Independent,1878,3,1881
Maharashtra,Mumbai North East,18,Jitendra Kumar Nanaku Pal,Independent,779,0,779
Maharashtra,Mumbai North East,19,Thoke Baban Sopan,Independent,344,0,344
Maharashtra,Mumbai North East,20,Dayanand Jagannath Sohani,Independent,296,0,296
Maharashtra,Mumbai North East,21,Deepak Digambar Shinde,Independent,291,1,292
Maharashtra,Mumbai North East,22,Nilesh Ramchandra Kudtarkar,Independent,264,0,264
Maharashtra,Mumbai North East,23,Pravin Chandrakant Kedare,Independent,388,0,388
Maharashtra,Mumbai North East,24,Bhaskar Mohan Gaud,Independent,629,0,629
Maharashtra,Mumbai North East,25,Rakesh Sambhaji Raul,Independent,218,1,219
Maharashtra,Mumbai North East,26,Shahajirao Dhondiba Thorat,Independent,2063,0,2063
Maharashtra,Mumbai North East,27,Shahina Parveen Shakil Ahmed Khan,Independent,834,0,834
Maharashtra,Mumbai North East,28,NOTA,None of the Above,12446,20,12466
Maharashtra,Mumbai North West,1,Gajanan Kirtikar,Shivsena,569018,1045,570063
Maharashtra,Mumbai North West,2,Sanjay Nirupam,Indian National Congress,309517,218,309735
Maharashtra,Mumbai North West,3,Ajay Kailashnath Dubey,Jan Adhikar Party,2081,2,2083
Maharashtra,Mumbai North West,4,Arora Surinder Mohan,Bharat Jan Aadhar Party,1180,0,1180
Maharashtra,Mumbai North West,5,Chandrashekhar Sharma,Bhartiya Manavadhikaar Federal Party,574,0,574
Maharashtra,Mumbai North West,6,Chhaya Sunil Tiwari,Janata Congress,1158,0,1158
Maharashtra,Mumbai North West,7,Dharmendra Shriram Pal,Rashtravadi Kranti Dal,475,0,475
Maharashtra,Mumbai North West,8,Vijay Marothi Koyale,Rashtriya Maratha Party,489,2,491
Maharashtra,Mumbai North West,9,Shakuntala Mariya Kushalkar,Prabuddha Republican Party,749,0,749
Maharashtra,Mumbai North West,10,Shaikh Abusalim Arunahak,Rashtriya Ulama Council,449,0,449
Maharashtra,Mumbai North West,11,Subhash Passi,Samajwadi Party,5847,3,5850
Maharashtra,Mumbai North West,12,Suresh Sundar Shetty,Vanchit Bahujan Aaghadi,23367,55,23422
Maharashtra,Mumbai North West,13,Harishankar Shivpujan Yadav,Aapki Apni Party (Peoples),441,0,441
Maharashtra,Mumbai North West,14,Aftab Mashwood Khan,Independent,499,0,499
Maharashtra,Mumbai North West,15,Gajanan Tukaram Sonkamble,Independent,848,0,848
Maharashtra,Mumbai North West,16,Prabhakar Tarapado Sadhu,Independent,1912,0,1912
Maharashtra,Mumbai North West,17,Madan Banwarilal Agrawal,Independent,1300,0,1300
Maharashtra,Mumbai North West,18,Adv. Mitesh Varshney,Independent,638,0,638
Maharashtra,Mumbai North West,19,Vijendra Kumar Rai,Independent,407,0,407
Maharashtra,Mumbai North West,20,Shashikant Kundalik Kadam,Independent,442,1,443
Maharashtra,Mumbai North West,21,Sanjay Vishwanath Sakpal,Independent,555,0,555
Maharashtra,Mumbai North West,22,NOTA,None of the Above,18185,40,18225
Maharashtra,Mumbai South central,1,Ahmed Shakil Sagir Ahmed Shaikh,Bahujan Samaj Party,8623,12,8635
Maharashtra,Mumbai South central,2,Eknath M. Gaikwad,Indian National Congress,272393,381,272774
Maharashtra,Mumbai South central,3,Rahul Ramesh Shewale,Shivsena,423743,1170,424913
Maharashtra,Mumbai South central,4,Godfrey Noble,Desiya Makkal Sakthi Katchi,2198,1,2199
Maharashtra,Mumbai South central,5,Deepak Bhagoji Kamble,Ambedkarite Party of India,1154,1,1155
Maharashtra,Mumbai South central,6,Baddy Hemantkumar Reddy,Bahujan Mukti Party,645,2,647
Maharashtra,Mumbai South central,7,Balasaheb Jagannath Sable,Bhartiya Manavadhikaar Federal Party,665,0,665
Maharashtra,Mumbai South central,8,Bhosale Sanjay Sushil,Vanchit Bahujan Aaghadi,63256,156,63412
Maharashtra,Mumbai South central,9,Adv. Mahendra Tulshiram Bhingardive,Anti Corruption Dynamic Party,588,1,589
Maharashtra,Mumbai South central,10,Adv. More Yogesh Vitthal,Bahujan Republican Socialist Party,707,1,708
Maharashtra,Mumbai South central,11,Mohammad Hayat Mohammad Husain Shaikh,Peace Party,968,0,968
Maharashtra,Mumbai South central,12,Yoganand Nadar,Aapki Apni Party (Peoples),882,1,883
Maharashtra,Mumbai South central,13,Anita Kiran Patole,Independent,972,4,976
Maharashtra,Mumbai South central,14,Dalvi Raju Sahebrao,Independent,1353,0,1353
Maharashtra,Mumbai South central,15,Vikas Maruti Rokade,Independent,1103,0,1103
Maharashtra,Mumbai South central,16,Sheetaltai Sasane,Independent,1756,3,1759
Maharashtra,Mumbai South central,17,Santosh Shrivastav,Independent,677,0,677
Maharashtra,Mumbai South central,18,NOTA,None of the Above,13795,39,13834
Maharashtra,Nagpur,1,NANA PATOLE,Indian National Congress,442765,1447,444212
Maharashtra,Nagpur,2,NITIN JAIRAM GADKARI,Bharatiya Janata Party,657624,2597,660221
Maharashtra,Nagpur,3,MOHAMMAD JAMAL,Bahujan Samaj Party,31654,71,31725
Maharashtra,Nagpur,4,ALI ASHFAQUE AHMED,Bahujan Mukti Party,719,5,724
Maharashtra,Nagpur,5,ASIM ALI,Minorities Democratic Party,672,1,673
Maharashtra,Nagpur,6,GOPALKUMAR GANESHU KASHYAP,Chhattisgarh Swabhiman Manch,1169,0,1169
Maharashtra,Nagpur,7,DIKSHITA ANAND TEMBHURNE,Desh Janhit Party,273,0,273
Maharashtra,Nagpur,8,DR. MANISHA BANGAR,Peoples Party of India (Democratic),397,3,400
Maharashtra,Nagpur,9,MANOHAR Alias SAGAR PUNDLIKRAO DABRASE,Vanchit Bahujan Aaghadi,25993,135,26128
Maharashtra,Nagpur,10,ADV. (DR.) MANE SURESH,Bahujan Republican Socialist Party,3387,25,3412
Maharashtra,Nagpur,11,COMRADE YOGESH KRISHNARAO THAKARE,Communist Party of India (Marxist-Leninist) Red Star,281,0,281
Maharashtra,Nagpur,12,VANITA JITENDRA RAUT,Akhil Bharatiya Manavata Paksha,480,0,480
Maharashtra,Nagpur,13,ADV. VIJAYA DILIP BAGDE,Ambedkarite Party of India,1178,4,1182
Maharashtra,Nagpur,14,VITTHAL NANAJI GAIKWAD,Hum Bhartiya Party,482,0,482
Maharashtra,Nagpur,15,DR. VINOD KASHIRAM BADOLE,Akhil Bhartiya Sarvadharma Samaj Party,734,1,735
Maharashtra,Nagpur,16,SAHIL BALCHAND TURKAR,Bhartiya Manavadhikaar Federal Party,2003,0,2003
Maharashtra,Nagpur,17,SHRIDHAR NARAYAN SALVE,Rashtriya Jansambhavna Party,2121,0,2121
Maharashtra,Nagpur,18,UDAY RAMBHAUJI BORKAR,Independent,1321,1,1322
Maharashtra,Nagpur,19,Adv. Ulhas Shalikram Dupare,Independent,299,0,299
Maharashtra,Nagpur,20,KARTIK GENDALAL DOKE,Independent,181,0,181
Maharashtra,Nagpur,21,Dipak Laxmanrao Maske,Independent,233,2,235
Maharashtra,Nagpur,22,PRAFULLA MANIKCHAND BHANGE,Independent,358,1,359
Maharashtra,Nagpur,23,PRABHAKAR KRUSHNAJI SATPAISE,Independent,156,0,156
Maharashtra,Nagpur,24,MANOJ KOTHUJI BAWANE,Independent,331,0,331
Maharashtra,Nagpur,25,RUBEN DOMNIK FRANCIS,Independent,608,0,608
Maharashtra,Nagpur,26,SACHIN JAGORAO PATIL,Independent,632,1,633
Maharashtra,Nagpur,27,SACHIN HARIDAS SOMKUWAR,Independent,227,0,227
Maharashtra,Nagpur,28,SATISH VITTHAL NIKHAR,Independent,235,2,237
Maharashtra,Nagpur,29,SIDDHARTH ASARAM KURVE,Independent,247,0,247
Maharashtra,Nagpur,30,SUNIL SURYABHAN KAWADE,Independent,417,0,417
Maharashtra,Nagpur,31,NOTA,None of the Above,4538,40,4578
Maharashtra,Nanded,1,Ashok Shankarrao Chavan,Indian National Congress,442138,4520,446658
Maharashtra,Nanded,2,Prataprao Patil Chikhalikar,Bharatiya Janata Party,482148,4658,486806
Maharashtra,Nanded,3,Abdul Raees Ahemad S/o Abdul Jabbar,Ambedkar National Congress,4143,4,4147
Maharashtra,Nanded,4,Abdul Samad Abdul Karim,Samajwadi Party,2467,8,2475
Maharashtra,Nanded,5,Bhinge Yashpal Narsingrao,Vanchit Bahujan Aaghadi,165341,855,166196
Maharashtra,Nanded,6,Mohan Anandrao Waghmare,Bahujan Mukti Party,1424,6,1430
Maharashtra,Nanded,7,Sonsale Sunil Manoharrao,Bahujan Republican Socialist Party,661,0,661
Maharashtra,Nanded,8,Ashokrao Shankarrao Chavan,Independent,934,4,938
Maharashtra,Nanded,9,Kadam Shrirang Uttamrao,Independent,848,0,848
Maharashtra,Nanded,10,Dr. Manish Dattataray Wadje,Independent,1452,1,1453
Maharashtra,Nanded,11,Dr. Mahesh Prakashrao Talegaonkar,Independent,3776,2,3778
Maharashtra,Nanded,12,Madhavrao Sambhajee Gaikwad (Panchsheel),Independent,3294,1,3295
Maharashtra,Nanded,13,Ranjit Gangadharrao Deshmukh,Independent,1787,1,1788
Maharashtra,Nanded,14,Shivanand Ashokrao Deshmukh,Independent,2762,1,2763
Maharashtra,Nanded,15,NOTA,None of the Above,6080,34,6114
Maharashtra,Nandurbar,1,Adv. K. C. Padavi,Indian National Congress,541930,1577,543507
Maharashtra,Nandurbar,2,Rekha Suresh Desai,Bahujan Samaj Party,11452,14,11466
Maharashtra,Nandurbar,3,Dr. Heena Vijaykumar Gavit,Bharatiya Janata Party,637226,1910,639136
Maharashtra,Nandurbar,4,Anturlikar Sushil Suresh,Vanchit Bahujan Aaghadi,25594,108,25702
Maharashtra,Nandurbar,5,Krishna Thoga Gavit,Bhartiya Tribal Party,4433,5,4438
Maharashtra,Nandurbar,6,Sandip Abhimanyu Valvi,Bahujan Mukti Party,2193,3,2196
Maharashtra,Nandurbar,7,Ajay Karamsing Gavit,Independent,4492,5,4497
Maharashtra,Nandurbar,8,Arjunsing Diwansing Vasave,Independent,2935,1,2936
Maharashtra,Nandurbar,9,Ashok Daulatsing Padvi,Independent,4929,1,4930
Maharashtra,Nandurbar,10,Koli Ananda Sukalal,Independent,7183,2,7185
Maharashtra,Nandurbar,11,Dr. Natawadkar Suhas Jayant,Independent,13722,98,13820
Maharashtra,Nandurbar,12,NOTA,None of the Above,21902,23,21925
Maharashtra,Nashik,1,Adv. Ahire Vaibhav Shantaram,Bahujan Samaj Party,5685,34,5719
Maharashtra,Nashik,2,Godse Hemant Tukaram,Shivsena,562034,1565,563599
Maharashtra,Nashik,3,Sameer Magan Bhujbal,Nationalist Congress Party,270854,541,271395
Maharashtra,Nashik,4,Jawale Soniya Ramnath,Bhartiya Tribal Party,6911,41,6952
Maharashtra,Nashik,5,Pavan Chandrakant Pawar,Vanchit Bahujan Aaghadi,109836,145,109981
Maharashtra,Nashik,6,Vinod Vasant Shirsath,Hindustan Janta Party,1351,11,1362
Maharashtra,Nashik,7,Shivnath Vithoba Kasar,Bahujan Mukti Party,865,1,866
Maharashtra,Nashik,8,Sanjay Sukhdev Ghodke,Bahujan Republican Socialist Party,899,0,899
Maharashtra,Nashik,9,Aher Sharad Keru,Independent,1386,1,1387
Maharashtra,Nashik,10,Kanoje Prakash Giridhar,Independent,921,1,922
Maharashtra,Nashik,11,Kedar Sindhubai Ravindra,Independent,1734,2,1736
Maharashtra,Nashik,12,Adv. Kokate Manikrao Shivajirao,Independent,134229,298,134527
Maharashtra,Nashik,13,Devidas Piraji Sarkate,Independent,4274,0,4274
Maharashtra,Nashik,14,Dhananjay Anil Bhawsar,Independent,1883,2,1885
Maharashtra,Nashik,15,Priyanka Ramrao Shirole,Independent,2197,9,2206
Maharashtra,Nashik,16,Vilas Madhukar Desale (Patil),Independent,3826,0,3826
Maharashtra,Nashik,17,Sharad Damu Dhanrao,Independent,835,0,835
Maharashtra,Nashik,18,Sudhir Shridhar Deshmukh,Independent,1881,0,1881
Maharashtra,Nashik,19,NOTA,None of the Above,6952,28,6980
Maharashtra,Osmanabad,1,Omprakash Bhupalsinh Alias Pawan Rajenimbalkar,Shivsena,591605,5035,596640
Maharashtra,Osmanabad,2,Ranajagjitsinha Padmasinha Patil,Nationalist Congress Party,464747,4327,469074
Maharashtra,Osmanabad,3,Dr. Shivaji Pandharinath Oman,Bahujan Samaj Party,5903,38,5941
Maharashtra,Osmanabad,4,Arjun (Dada) Salgar,Vanchit Bahujan Aaghadi,98108,471,98579
Maharashtra,Osmanabad,5,Annasaheb Ramchandra Rathod,BhartiyaBahujanKranti Dal,1882,19,1901
Maharashtra,Osmanabad,6,Deepak Mahadav Tate,Bhapase Party,1428,6,1434
Maharashtra,Osmanabad,7,Phulsure Vishwanath Sadashiv,Kranti Kari Jai Hind Sena,1315,7,1322
Maharashtra,Osmanabad,8,Aryanraje Kisanrao Shinde,Independent,1372,2,1374
Maharashtra,Osmanabad,9,Gore Netaji Nagnathrao,Independent,6672,7,6679
Maharashtra,Osmanabad,10,Jagannath Nivrutti Munde,Independent,2587,5,2592
Maharashtra,Osmanabad,11,Tukaram Dasrao Gangawane,Independent,1716,1,1717
Maharashtra,Osmanabad,12,Dr. Vasant Raghunath Munde,Independent,1929,1,1930
Maharashtra,Osmanabad,13,Shankar Pandurang Gaikwad,Independent,2066,3,2069
Maharashtra,Osmanabad,14,Sayyad Sultan Ladkhan,Independent,3452,2,3454
Maharashtra,Osmanabad,15,NOTA,None of the Above,9986,38,10024
Maharashtra,Palghar,1,Rajendra Dhedya Gavit,Shivsena,579989,490,580479
Maharashtra,Palghar,2,Sanjay Laxman Tambda,Bahujan Samaj Party,13439,7,13446
Maharashtra,Palghar,3,Devram Zipar Kurkute,Ambedkarite Party of India,8209,4,8213
Maharashtra,Palghar,4,Baliram Sukur Jadhav,Bahujan Vikas Aaghadi,491391,205,491596
Maharashtra,Palghar,5,Comrad Shankar Badade,Marxist Leninist Party of India (Red Flag),11917,1,11918
Maharashtra,Palghar,6,Suresh Arjun Padavi,Vanchit Bahujan Aaghadi,13715,13,13728
Maharashtra,Palghar,7,Sanjay Rama Kohkera,Bahujan Mukti Party,6180,5,6185
Maharashtra,Palghar,8,Dattaram Jayram Karbat,Independent,13921,11,13932
Maharashtra,Palghar,9,Bhondave Tai Maruti,Independent,5304,0,5304
Maharashtra,Palghar,10,Raju Damu Lade,Independent,10217,1,10218
Maharashtra,Palghar,11,Vishnu Kakadya Padavi,Independent,9902,2,9904
Maharashtra,Palghar,12,Swapnil Mahadev Koli,Independent,7539,0,7539
Maharashtra,Palghar,13,NOTA,None of the Above,29463,16,29479
Maharashtra,Parbhani,1,JADHAV SANJAY (BANDU) HARIBHAU,Shivsena,538214,727,538941
Maharashtra,Parbhani,2,COM. RAJAN KSHIRSAGAR,Communist Party of India,17085,10,17095
Maharashtra,Parbhani,3,RAJESH UTTAMRAO VITEKAR,Nationalist Congress Party,496372,370,496742
Maharashtra,Parbhani,4,DR.VAIJNATH SITARAM PHAD,Bahujan Samaj Party,5636,17,5653
Maharashtra,Parbhani,5,DR. APPASAHEB ONKAR KADAM,Swatantra Bharat Paksha,2771,4,2775
Maharashtra,Parbhani,6,ALAMGIR MOHD. KHAN,Vanchit Bahujan Aaghadi,149834,112,149946
Maharashtra,Parbhani,7,UTTAMRAO PANDURANGRAO RATHOD,Bahujan Mukti Party,2388,4,2392
Maharashtra,Parbhani,8,KISHOR NAMDEV GAWARE,Bharatiya Praja Surajya Paksha,1666,2,1668
Maharashtra,Parbhani,9,ADV. YASHWANT RAMBHAU KASBE,Bahujan Republican Socialist Party,1625,2,1627
Maharashtra,Parbhani,10,SHAIKH SALIM SHAIKH IBRAHIM,Bahujan Maha Party,6127,1,6128
Maharashtra,Parbhani,11,SUBHASH ASHOKRAO AMBHORE (DUDHAGAONKAR),Ambedkar National Congress,1471,2,1473
Maharashtra,Parbhani,12,SANTOSH GOVIND RATHOD,BhartiyaBahujanKranti Dal,2008,1,2009
Maharashtra,Parbhani,13,HARISHCHANDRA DATTU PATIL,Sangharsh Sena,1987,0,1987
Maharashtra,Parbhani,14,KISHOR BABURAO MUNNEMANIK,Independent,2909,0,2909
Maharashtra,Parbhani,15,GOVIND (BHAIYA) RAMRAO DESHMUKH PEDGAONKAR,Independent,4045,2,4047
Maharashtra,Parbhani,16,BOBADE SAKHARAM GYANBA,Independent,6183,2,6185
Maharashtra,Parbhani,17,SANGITA KALYANRAO NIRMAL,Independent,6653,2,6655
Maharashtra,Parbhani,18,NOTA,None of the Above,4537,13,4550
Maharashtra,Pune,1,Uttam Pandurang Shinde,Bahujan Samaj Party,4779,13,4792
Maharashtra,Pune,2,Girish Bhalchandra Bapat,Bharatiya Janata Party,631875,960,632835
Maharashtra,Pune,3,Mohan Joshi,Indian National Congress,307870,337,308207
Maharashtra,Pune,4,Anil Narayan Jadhav,Vanchit Bahujan Aaghadi,64734,59,64793
Maharashtra,Pune,5,Amol Jayraj Shinde,Hum Bhartiya Party,956,3,959
Maharashtra,Pune,6,Krupal Paluskar,Prabuddha Republican Party,333,0,333
Maharashtra,Pune,7,Chincholikar Jayant Eknath,Bahujan Republican Socialist Party,343,0,343
Maharashtra,Pune,8,Prof. Nalawade Hanmant Mahadeo,Ambedkarite Party of India,383,0,383
Maharashtra,Pune,9,Nikhil Umesh Zingade,Bharatiya Praja Surajya Paksha,225,0,225
Maharashtra,Pune,10,Balasaheb Misal Patil,Bahujan Mukti Party,779,1,780
Maharashtra,Pune,11,Adv. Mahesh Gajendragadkar,Swarna Bharat Party,445,1,446
Maharashtra,Pune,12,Adv. Ramesh Devaram Dharmavat,People’s Union Party,546,1,547
Maharashtra,Pune,13,Rajesh Surendrakumar Agarwal,Hamari Apni Party,847,0,847
Maharashtra,Pune,14,Sayyad Raj Faiyaz,Bhartiya Kisan Party,601,0,601
Maharashtra,Pune,15,Sim Khirid,Bahujan Maha Party,485,2,487
Maharashtra,Pune,16,Suhas Popat Gajarmal,Rashtriya Janshakti Party (Secular),1117,0,1117
Maharashtra,Pune,17,Amol Alias Yabes S. Tujare,Independent,624,0,624
Maharashtra,Pune,18,Anand Prakash Vanjape,Independent,1343,0,1343
Maharashtra,Pune,19,Adv. Kumar Devba Kalel Patil,Independent,524,1,525
Maharashtra,Pune,20,Jafar Khursid Choudhari,Independent,554,0,554
Maharashtra,Pune,21,Javed Shabbir Sayyed,Independent,339,0,339
Maharashtra,Pune,22,Johnson Vasant Kolhapure,Independent,647,0,647
Maharashtra,Pune,23,Ravindra Bansiram Mahapure,Independent,170,1,171
Maharashtra,Pune,24,Rakesh Prabhakar Chavan,Independent,207,0,207
Maharashtra,Pune,25,Rahul Vishwas Joshi,Independent,425,1,426
Maharashtra,Pune,26,Vijay Laxaman Saroade,Independent,230,0,230
Maharashtra,Pune,27,Sawant Chandrakant Parmeshwar,Independent,160,1,161
Maharashtra,Pune,28,Sanjay Baburao Jadhav,Independent,308,1,309
Maharashtra,Pune,29,Hemant Baburao Kolekar Patil Alias Hemant Patil,Independent,264,1,265
Maharashtra,Pune,30,Kshirsagar Kanchan Devdas,Independent,441,0,441
Maharashtra,Pune,31,Znyosho Vijayprakash,Independent,298,0,298
Maharashtra,Pune,32,NOTA,None of the Above,10972,29,11001
Maharashtra,Raigad,1,Anant Geete,Shivsena,452942,2588,455530
Maharashtra,Raigad,2,Tatkare Sunil Dattatray,Nationalist Congress Party,484563,2405,486968
Maharashtra,Raigad,3,Milind B. Salvi,Bahujan Samaj Party,6333,23,6356
Maharashtra,Raigad,4,Gajendra Parshuram Turbadkar,Kranti Kari Jai Hind Sena,2187,5,2192
Maharashtra,Raigad,5,Nathuram Hate,Bahujan Mukti Party,1417,24,1441
Maharashtra,Raigad,6,Prakash Sakharam Kalke,Bhartiya Kisan Party,807,16,823
Maharashtra,Raigad,7,Suman Bhaskar Koli,Vanchit Bahujan Aaghadi,23042,154,23196
Maharashtra,Raigad,8,Sandip Pandurang Parte,Bahujan Maha Party,1481,1,1482
Maharashtra,Raigad,9,Avinash Vasant Patil,Independent,4686,3,4689
Maharashtra,Raigad,10,Ghag Sanjay Arjun,Independent,1416,1,1417
Maharashtra,Raigad,11,Madhukar Mahadev Khamkar,Independent,1049,0,1049
Maharashtra,Raigad,12,Munafar Jainubhidin Choudhary,Independent,1211,4,1215
Maharashtra,Raigad,13,Yogesh Kadam,Independent,1470,6,1476
Maharashtra,Raigad,14,Sunil Pandurang Tatkare,Independent,4120,6,4126
Maharashtra,Raigad,15,Sunil Sakharam Tatkare,Independent,9746,6,9752
Maharashtra,Raigad,16,Subhash Janardan Patil,Independent,12264,1,12265
Maharashtra,Raigad,17,NOTA,None of the Above,11435,55,11490
Maharashtra,Ramtek,1,Kishore Uttamrao Gajbhiye,Indian National Congress,468738,1605,470343
Maharashtra,Ramtek,2,Krupal Balaji Tumane,Shivsena,594827,2299,597126
Maharashtra,Ramtek,3,Subhash Dharamdas Gajbhiye,Bahujan Samaj Party,44242,85,44327
Maharashtra,Ramtek,4,Archana Chandrakumar Ukey,Rashtriya Jansambhavna Party,8698,16,8714
Maharashtra,Ramtek,5,Dr. L.J. Kanhekar,Peoples Party of India (Democratic),1498,7,1505
Maharashtra,Ramtek,6,Kiran Premkumar Rodge (Patankar),Vanchit Bahujan Aaghadi,36218,122,36340
Maharashtra,Ramtek,7,Chandrabhan Baliram Ramteke,Rashtriya Jansurajya Party,1774,5,1779
Maharashtra,Ramtek,8,Com. BANDU RAMCHANDRA MESHRAM,Communist Party of India (Marxist-Leninist) Red Star,1417,4,1421
Maharashtra,Ramtek,9,Dhiman Vinod Bhivaji Patil,Ambedkarite Party of India,2771,8,2779
Maharashtra,Ramtek,10,Shailesh Sambhaji Janbandhu,SOCIALIST UNITY CENTRE OF INDIA (COMMUNIST),1083,0,1083
Maharashtra,Ramtek,11,Anil Mahadeo Dhone,Independent,1654,7,1661
Maharashtra,Ramtek,12,Gautam Wasnik,Independent,1410,3,1413
Maharashtra,Ramtek,13,Tumane Kanteshwar Khushalji,Independent,2394,3,2397
Maharashtra,Ramtek,14,Professor Dr. Natthurao Madhavrao Lokhande,Independent,2218,4,2222
Maharashtra,Ramtek,15,Sandesh Bhioram Bhalekar,Independent,3826,12,3838
Maharashtra,Ramtek,16,Sonali Ravindra Bagade,Independent,7861,15,7876
Maharashtra,Ramtek,17,NOTA,None of the Above,11800,120,11920
Maharashtra,Ratnagiri - sindhudurg,1,Kishor Sidu Varak,Bahujan Samaj Party,6822,46,6868
Maharashtra,Ratnagiri - sindhudurg,2,Navinchandra Bhalchandra Bandivadekar,Indian National Congress,63013,286,63299
Maharashtra,Ratnagiri - sindhudurg,3,Vinayak Raut,Shivsena,456013,2009,458022
Maharashtra,Ratnagiri - sindhudurg,4,Nilesh Narayan Rane,"Maharashtra Swabhimaan Paksh,",278626,1074,279700
Maharashtra,Ratnagiri - sindhudurg,5,Bhikuram Kashiram Palkar,Bahujan Mukti Party,5895,9,5904
Maharashtra,Ratnagiri - sindhudurg,6,Maruti Ramchandra Joshi,Vanchit Bahujan Aaghadi,30639,243,30882
Maharashtra,Ratnagiri - sindhudurg,7,Rajesh Dilipkumar Jadhav,Bahujan Republican Socialist Party,9563,2,9565
Maharashtra,Ratnagiri - sindhudurg,8,Adv. Sanjay Sharad Gangnaik,Samajwadi Forward Bloc,2133,1,2134
Maharashtra,Ratnagiri - sindhudurg,9,Amberkar Pandharinath Vidyadhar,Independent,3252,5,3257
Maharashtra,Ratnagiri - sindhudurg,10,Narayan Dasharath Gavas,Independent,5629,4,5633
Maharashtra,Ratnagiri - sindhudurg,11,Nilesh Bhikaji Bhatade,Independent,17667,1,17668
Maharashtra,Ratnagiri - sindhudurg,12,Vinayak Lavu Raut,Independent,4388,5,4393
Maharashtra,Ratnagiri - sindhudurg,13,NOTA,None of the Above,13715,62,13777
Maharashtra,Raver,1,Dr.Ulhas Vasudeo Patil,Indian National Congress,318740,764,319504
Maharashtra,Raver,2,Khadse Raksha Nikhil,Bharatiya Janata Party,652212,3174,655386
Maharashtra,Raver,3,Dr.Yogendra Vitthal Kolte,Bahujan Samaj Party,5690,15,5705
Maharashtra,Raver,4,Ajit Namdar Tadvi,Rastriya Aam Jan Seva Party,1408,17,1425
Maharashtra,Raver,5,Adakmol Rohidas Ramesh,Ambedkarite Party of India,1670,9,1679
Maharashtra,Raver,6,Nitin Pralhad Kandelkar,Vanchit Bahujan Aaghadi,88108,257,88365
Maharashtra,Raver,7,Madhukar Sopan Patil,Hindustan Janta Party,1606,1,1607
Maharashtra,Raver,8,Roshan Aara Sadique Ali,Indian Union Muslim League,1102,1,1103
Maharashtra,Raver,9,Gaurav Damodar Surwade,Independent,979,6,985
Maharashtra,Raver,10,Tawar Vijay Jagan,Independent,1140,1,1141
Maharashtra,Raver,11,Nazmin Shaikh Ramjan,Independent,2580,1,2581
Maharashtra,Raver,12,D. D. Wani [Photographer],Independent,4270,4,4274
Maharashtra,Raver,13,NOTA,None of the Above,9188,28,9216
Maharashtra,Sangli,1,Shankar (dada) Mane,Bahujan Samaj Party,5418,58,5476
Maharashtra,Sangli,2,Sanjaykaka Patil,Bharatiya Janata Party,503615,5380,508995
Maharashtra,Sangli,3,Anand Shankar Nalage (Patil),Baliraja Party,7192,21,7213
Maharashtra,Sangli,4,Gopichand Kundlik Padalkar,Vanchit Bahujan Aaghadi,297349,2885,300234
Maharashtra,Sangli,5,Dr. Rajendra Namdev Kavthekar,Bahujan Mukti Party,3572,14,3586
Maharashtra,Sangli,6,Vishal Prakashbapu Patil,Swabhimani Paksha,342016,2627,344643
Maharashtra,Sangli,7,Abhijit Wamanrao Awade Bichukle,Independent,2337,5,2342
Maharashtra,Sangli,8,Adhikrao Sampat Channe,Independent,1321,2,1323
Maharashtra,Sangli,9,Dattatray Pandit Patil,Independent,1274,2,1276
Maharashtra,Sangli,10,Narayan Chandar Mulik,Independent,2682,3,2685
Maharashtra,Sangli,11,Bhaktraj Raghunath Thigale,Independent,1864,6,1870
Maharashtra,Sangli,12,Himmat Pandurang Koli,Independent,3690,40,3730
Maharashtra,Sangli,13,NOTA,None of the Above,6493,92,6585
Maharashtra,Satara,1,ANAND RAMESH THORAWADE,Bahujan Samaj Party,6826,137,6963
Maharashtra,Satara,2,SHRIMANT CHH. UDAYANRAJE PRATAPSINHMAHARAJ BHONSLE,Nationalist Congress Party,576078,2948,579026
Maharashtra,Satara,3,NARENDRA ANNASAHEB PATIL,Shivsena,449661,2837,452498
Maharashtra,Satara,4,DILIP SHRIRANG JAGTAP,Bahujan Republican Socialist Party,5036,19,5055
Maharashtra,Satara,5,SAHADEO KERAPPA AIWALE,Vanchit Bahujan Aaghadi,40563,110,40673
Maharashtra,Satara,6,ABHIJIT WAMANRAO BICHUKALE,Independent,2399,13,2412
Maharashtra,Satara,7,PUNJABRAO MAHADEV PATIL (TALGAONKAR),Independent,5128,13,5141
Maharashtra,Satara,8,SHAILENDRA RAMAKANT VEER,Independent,5830,16,5846
Maharashtra,Satara,9,SAGAR SHARAD BHISE,Independent,8572,21,8593
Maharashtra,Satara,10,NOTA,None of the Above,9167,60,9227
Maharashtra,Shirdi,1,KAMBLE BHAUSAHEB MALHARI,Indian National Congress,364113,2512,366625
Maharashtra,Shirdi,2,Adv. BANSI BHAURAO SATPUTE,Communist Party of India,20264,36,20300
Maharashtra,Shirdi,3,SADASHIV KISAN LOKHANDE,Shivsena,483449,3371,486820
Maharashtra,Shirdi,4,SURESH EKNATH JAGDHANE,Bahujan Samaj Party,5974,32,6006
Maharashtra,Shirdi,5,ASHOK JAGDISH JADHAV,Rashtriya Maratha Party,1951,19,1970
Maharashtra,Shirdi,6,ADV. PRAKASH KACHARU AAHER,Bahujan Republican Socialist Party,1504,3,1507
Maharashtra,Shirdi,7,VIJAY DNYANOBA GHATE,Republican Bahujan Sena,1819,1,1820
Maharashtra,Shirdi,8,SANJAY LAXMAN SUKHDAN,Vanchit Bahujan Aaghadi,62952,335,63287
Maharashtra,Shirdi,9,ADV. AMOLIK GOVIND BABURAO,Independent,1484,4,1488
Maharashtra,Shirdi,10,ASHOK ANAJI WAKCHAURE,Independent,3583,9,3592
Maharashtra,Shirdi,11,KISHOR LIMBAJI ROKADE,Independent,1702,2,1704
Maharashtra,Shirdi,12,GANPAT MACHINDRA MORE,Independent,1684,8,1692
Maharashtra,Shirdi,13,PRADIP SUNIL SARODE,Independent,12923,23,12946
Maharashtra,Shirdi,14,BAPU PARAJI RANDHIR,Independent,2473,2,2475
Maharashtra,Shirdi,15,BORAGE SHANKAR HARIBHAU,Independent,1927,3,1930
Maharashtra,Shirdi,16,WAKCHAURE BHAUSAHEB JAYRAM,Independent,8203,22,8225
Maharashtra,Shirdi,17,WAKCHAURE BHAUSAHEB RAJARAM,Independent,35085,441,35526
Maharashtra,Shirdi,18,SACHIN SADASHIV GAWANDE,Independent,1662,3,1665
Maharashtra,Shirdi,19,SUBHASH DADA TRIBHUVAN,Independent,3098,2,3100
Maharashtra,Shirdi,20,SAMPAT KHANDU SAMINDAR,Independent,1288,2,1290
Maharashtra,Shirdi,21,NOTA,None of the Above,5301,93,5394
Maharashtra,Shirur,1,Adhalrao Shivaji Dattatrey,Shivsena,576002,1345,577347
Maharashtra,Shirur,2,Dr. Amol Ramsing Kolhe,Nationalist Congress Party,634554,1276,635830
Maharashtra,Shirur,3,Kagadi Jamirkhan Afjal,Bahujan Samaj Party,7239,8,7247
Maharashtra,Shirur,4,Ovhal Rahul,Vanchit Bahujan Aaghadi,38028,42,38070
Maharashtra,Shirur,5,Ghare Mohan Damodar,Baliraja Party,996,1,997
Maharashtra,Shirur,6,Nitin Murlidhar Kuchekar,Bharat Prabhat Party,604,3,607
Maharashtra,Shirur,7,Shashikant Rajaram Desai,Independent,1880,1,1881
Maharashtra,Shirur,8,Somnath Hiraman Mali,Bahujan Republican Socialist Party,741,2,743
Maharashtra,Shirur,9,Sanjay Baba Bansode,BhartiyaBahujanKranti Dal,615,0,615
Maharashtra,Shirur,10,Sanjay Laxman Padwal,Bhartiya Navjawan Sena (Paksha),627,3,630
Maharashtra,Shirur,11,Prof.Shrikant Nivrutti Chabukswar Sir,Bahujan Mukti Party,1241,2,1243
Maharashtra,Shirur,12,Ansari Samshad Anwar,Independent,826,2,828
Maharashtra,Shirur,13,Ashtul Vikas Rajaram,Independent,786,0,786
Maharashtra,Shirur,14,Gangadhar Nathu Yadav,Independent,955,0,955
Maharashtra,Shirur,15,Ghadge Balasaheb Jaysing,Independent,2749,0,2749
Maharashtra,Shirur,16,Chhaya Prabhakar Solanke,Independent,4925,5,4930
Maharashtra,Shirur,17,Bhausaheb Ramchandra Adagale,Independent,4397,0,4397
Maharashtra,Shirur,18,Waheeda Shainur Shaikh,Independent,3836,1,3837
Maharashtra,Shirur,19,Vinod Vasant Chandgude,Independent,901,1,902
Maharashtra,Shirur,20,Shahid Farukh Shaikh,Independent,566,0,566
Maharashtra,Shirur,21,Shivajirao Uttamrao Pawar,Independent,670,3,673
Maharashtra,Shirur,22,Shaikh Raisa,Bhartiya Kisan Party,555,1,556
Maharashtra,Shirur,23,Sonalitai Thorat,Independent,676,1,677
Maharashtra,Shirur,24,NOTA,None of the Above,6026,25,6051
Maharashtra,Solapur,1,SHRI. SHA. BRA. DR. JAI SIDHESHWAR SHIVACHARY MAHASWAMIJI,Bharatiya Janata Party,523352,1633,524985
Maharashtra,Solapur,2,SHINDE SUSHILKUMAR SAMBHAJIRAO,Indian National Congress,365274,1103,366377
Maharashtra,Solapur,3,PROF. DR. ARJUN GENA OHAL,Bahujan Mukti Party,3874,6,3880
Maharashtra,Solapur,4,AMBEDKAR PRAKASH YASHVANT,Vanchit Bahujan Aaghadi,169523,484,170007
Maharashtra,Solapur,5,KRISHNA NAGNATH BHISE,Bahujan Maha Party,2051,2,2053
Maharashtra,Solapur,6,VISHNU SIDRAM GAIDHANKAR,Bharatiya Praja Surajya Paksha,824,1,825
Maharashtra,Solapur,7,SHRIVENKATESWAR MAHA SWAMIJI (KATAKDHOND. D. G.),Hindustan Janta Party,1826,4,1830
Maharashtra,Solapur,8,UGHADE ASHOK BHAGAVANRAO,Independent,985,1,986
Maharashtra,Solapur,9,KHANDARE SUDARSHAN RAICHAND,Independent,959,1,960
Maharashtra,Solapur,10,ADV. MANISHA MANOHAR KARANDE,Independent,1545,5,1550
Maharashtra,Solapur,11,MALHARI GULAB PATOLE,Independent,1378,2,1380
Maharashtra,Solapur,12,ADV. VIKRAM UTTAM KASABE,Independent,1473,1,1474
Maharashtra,Solapur,13,SHRIMANT MURALIDHAR MASKE,Independent,2015,1,2016
Maharashtra,Solapur,14,NOTA,None of the Above,6175,16,6191
Maharashtra,Thane,1,ANAND PRAKASH PARANJPE,Nationalist Congress Party,328088,736,328824
Maharashtra,Thane,2,RAJAN BABURAO VICHARE,Shivsena,738618,2351,740969
Maharashtra,Thane,3,RAJESHCHANNA BAIJNATH JAISWAR,Bahujan Samaj Party,9455,17,9472
Maharashtra,Thane,4,AJAY BABURAM GUPTA,Bharat Jan Aadhar Party,1443,10,1453
Maharashtra,Thane,5,USMAN MOOSA SHAIKH,Bahujan Maha Party,2097,1,2098
Maharashtra,Thane,6,OMKAR NATH S. TIWARI,Hindusthan Nirman Dal,799,2,801
Maharashtra,Thane,7,JADHAV PRABHAKAR ANANT,Bahujan Republican Socialist Party,685,1,686
Maharashtra,Thane,8,JAIN SURENDRAKUMAR,Naitik Party,1396,2,1398
Maharashtra,Thane,9,DILIP PRABHAKAR ALONI (JOSHI),Akhil Bharatiya Jan Sangh,849,1,850
Maharashtra,Thane,10,BRAMHADEV RAMBAKSHI PANDE,Sarvodaya Bharat Party,867,0,867
Maharashtra,Thane,11,MALLIKARJUN SAIBANNA PUJARI,Vanchit Bahujan Aaghadi,47260,172,47432
Maharashtra,Thane,12,MADHAVILATA DINESHKUMAR MAURYA,Jan Adhikar Party,905,1,906
Maharashtra,Thane,13,RAJESH SIDDHANNA KAMBLE,Bahujan Mukti Party,938,5,943
Maharashtra,Thane,14,SUDHAKAR NARAYAN SHINDE,Ambedkarite Party of India,1036,2,1038
Maharashtra,Thane,15,SUBHASHCHANDRA RATANDEO JHA,Sardar Vallabhbhai Patel Party,997,1,998
Maharashtra,Thane,16,HEMANT KISAN PATIL,Sanatan Sanskriti Raksha Dal,2619,1,2620
Maharashtra,Thane,17,Dr. AKSHAY ANANT ZODGE,Independent,1880,1,1881
Maharashtra,Thane,18,OM PRAKASH PAL,Independent,1854,0,1854
Maharashtra,Thane,19,DIGAMBAR YALAPPA BANSODE,Independent,801,1,802
Maharashtra,Thane,20,POKHARKAR VINOD LAXMAN,Independent,766,6,772
Maharashtra,Thane,21,RAMESH KUMAR THAKURPRASAD SHRIVASTAV,Independent,1704,1,1705
Maharashtra,Thane,22,VITTHAL NATHA CHAVAN,Independent,534,1,535
Maharashtra,Thane,23,SHUBHANGI VIDYASAGAR CHAVAN,Independent,1182,6,1188
Maharashtra,Thane,24,NOTA,None of the Above,20365,61,20426
Maharashtra,Wardha,1,Agrawal Shaileshkumar Premkishorji,Bahujan Samaj Party,36296,127,36423
Maharashtra,Wardha,2,Charulata Rao Tokas,Indian National Congress,389243,1930,391173
Maharashtra,Wardha,3,Ramdas Chandrabhanji Tadas,Bharatiya Janata Party,575488,2876,578364
Maharashtra,Wardha,4,Ganesh Kisanrao Lade,Ambedkarite Party of India,6115,9,6124
Maharashtra,Wardha,5,Gadhave Pravin Rameshwarrao,Ambedkarist Republican Party,3178,10,3188
Maharashtra,Wardha,6,Jagdish Uddhavrao Wankhade,Bahujan Mukti Party,1708,12,1720
Maharashtra,Wardha,7,Dhanraj Kothiramji Wanjari,Vanchit Bahujan Aaghadi,36149,303,36452
Maharashtra,Wardha,8,Pro. Dnyanesh Wakudkar,Lokjagar Party,1122,13,1135
Maharashtra,Wardha,9,Arvind Shamrao Lillore,Independent,752,2,754
Maharashtra,Wardha,10,Umesh Sadashivrao Neware,Independent,3006,11,3017
Maharashtra,Wardha,11,Zitruji Chandruji Borutkar,Independent,1316,2,1318
Maharashtra,Wardha,12,Nandkishor Ramaji Sagar(More),Independent,1640,3,1643
Maharashtra,Wardha,13,Balpande Rajesh Marotrao,Independent,2129,1,2130
Maharashtra,Wardha,14,Adv. Bhaskar Marotrao Neware,Independent,2614,5,2619
Maharashtra,Wardha,15,NOTA,None of the Above,6402,108,6510
Maharashtra,Yavatmal-Washim,1,Arun Sakharam Kinwatkar,Bahujan Samaj Party,9545,42,9587
Maharashtra,Yavatmal-Washim,2,Thakre Manikrao Govindrao,Indian National Congress,422497,1662,424159
Maharashtra,Yavatmal-Washim,3,Bhavana Pundlikrao Gawali,Shivsena,540104,1994,542098
Maharashtra,Yavatmal-Washim,4,Uttam Bhagaji,Prabuddha Republican Party,6019,2,6021
Maharashtra,Yavatmal-Washim,5,Purushottam Domaji Bhajghaware,Rashtriya Bahujan Congress Party,1570,4,1574
Maharashtra,Yavatmal-Washim,6,Pundlik Baliram Rathod,Sanman Rajkiya Paksha,1957,4,1961
Maharashtra,Yavatmal-Washim,7,Pravin Govind Pawar,Vanchit Bahujan Aaghadi,93918,310,94228
Maharashtra,Yavatmal-Washim,8,Ravi Sampatrao Jadhao,Bahujan Mukti Party,2985,21,3006
Maharashtra,Yavatmal-Washim,9,Rajesh Bhauraoji Raut,Gondvana Gantantra Party,2704,3,2707
Maharashtra,Yavatmal-Washim,10,Vaishali Sudhakar Yede,Prahar Janshakti Party,20563,57,20620
Maharashtra,Yavatmal-Washim,11,Anil Jayram Rathod,Independent,14661,25,14686
Maharashtra,Yavatmal-Washim,12,Ankit Mohan Chandak,Independent,1496,0,1496
Maharashtra,Yavatmal-Washim,13,Naresh Mahadev Ghughane,Independent,1733,0,1733
Maharashtra,Yavatmal-Washim,14,Noor Ali Meheboob Ali Shah,Independent,2426,0,2426
Maharashtra,Yavatmal-Washim,15,Parashram Bhaosing Ade,Independent,24447,52,24499
Maharashtra,Yavatmal-Washim,16,Pawar Ramesh Gorsing,Independent,3636,1,3637
Maharashtra,Yavatmal-Washim,17,Premasai Maharaj,Independent,2660,2,2662
Maharashtra,Yavatmal-Washim,18,Dr. Rajiv Agrawal,Independent,2451,0,2451
Maharashtra,Yavatmal-Washim,19,Ramrao Sawai Pawar,Independent,3179,3,3182
Maharashtra,Yavatmal-Washim,20,Adv. Shahejad Samiullah Khan,Independent,1110,0,1110
Maharashtra,Yavatmal-Washim,21,Shaikh Javed Shaikh Mushtaq,Independent,2729,1,2730
Maharashtra,Yavatmal-Washim,22,Sameer Arunrao Deshpande,Independent,692,1,693
Maharashtra,Yavatmal-Washim,23,Salim Shah Suleman Shah,Independent,1284,1,1285
Maharashtra,Yavatmal-Washim,24,Simpal Rajkumar Rathod,Independent,1701,2,1703
Maharashtra,Yavatmal-Washim,25,NOTA,None of the Above,3910,56,3966
Manipur,Inner manipur,1,OINAM NABAKISHORE SINGH,Indian National Congress,244972,905,245877
Manipur,Inner manipur,2,MOIRANGTHEM NARA SINGH,Communist Party of India,133093,720,133813
Manipur,Inner manipur,3,DR RAJKUMAR RANJAN SINGH,Bharatiya Janata Party,261802,1830,263632
Manipur,Inner manipur,4,R.K. ANAND,North East India Development Party,24938,72,25010
Manipur,Inner manipur,5,OINAM JUGINDRO SINGH,Manipur People’s Party,1755,28,1783
Manipur,Inner manipur,6,DR. G. TONSANA SHARMA,Manipur Democratic Peoples's Front,1245,11,1256
Manipur,Inner manipur,7,SENJAM NANDESHWORE SINGH,Rashtriya Janhit Sangharsh Party,739,8,747
Manipur,Inner manipur,8,MD. ILIYASH KHAN,Independent,468,24,492
Manipur,Inner manipur,9,M. TOTOMSHANA NONGSHABA,Independent,960,13,973
Manipur,Inner manipur,10,RAJKUMAR SOMENDRO SINGH (KAIKU),Independent,80566,1068,81634
Manipur,Inner manipur,11,WAHENGBAM PABITRA SINGH,Independent,1465,5,1470
Manipur,Inner manipur,12,NOTA,None of the Above,2570,44,2614
Manipur,Outer manipur,1,Angam Karung Kom,Nationalist Congress Party,2145,407,2552
Manipur,Outer manipur,2,K. James,Indian National Congress,151103,1407,152510
Manipur,Outer manipur,3,Thangminlien Kipgen,National People's Party,30261,465,30726
Manipur,Outer manipur,4,Lorho S. Pfoze,Naga Peoples Front,362707,820,363527
Manipur,Outer manipur,5,Houlim Shokhopao Mate,Bharatiya Janata Party,287058,2687,289745
Manipur,Outer manipur,6,Ashang Kasar,North East India Development Party,12081,130,12211
Manipur,Outer manipur,7,Hangkhanpau Taithul,Janata Dal (United),2879,108,2987
Manipur,Outer manipur,8,Leikhan Kaipu,Independent,933,63,996
Manipur,Outer manipur,9,NOTA,None of the Above,2668,107,2775
Meghalaya,Shillong,1,JEMINO MAWTHOH,United Democratic Party,267080,176,267256
Meghalaya,Shillong,2,SANBOR SHULLAI,Bharatiya Janata Party,75786,897,76683
Meghalaya,Shillong,3,VINCENT H. PALA,Indian National Congress,419212,477,419689
Meghalaya,Shillong,4,ROMEO PHIRA RANI,Independent,4946,15,4961
Meghalaya,Shillong,5,SAMUEL HASHAH,Independent,4582,19,4601
Meghalaya,Shillong,6,T.H.S. BONNEY,Independent,6569,11,6580
Meghalaya,Shillong,7,NOTA,None of the Above,4398,22,4420
Meghalaya,Tura,1,AGATHA K. SANGMA,National People's Party,304185,270,304455
Meghalaya,Tura,2,DR. MUKUL SANGMA,Indian National Congress,240240,185,240425
Meghalaya,Tura,3,RIKMAN GARREY MOMIN,Bharatiya Janata Party,31394,313,31707
Meghalaya,Tura,4,NOTA,None of the Above,6451,3,6454
Mizoram,MIZORAM,1,C LALROSANGA,Mizo National Front,223509,777,224286
Mizoram,MIZORAM,2,NIRUPAM CHAKMA,Bharatiya Janata Party,27989,718,28707
Mizoram,MIZORAM,3,TBC LALVENCHHUNGA,Peoples Representation for Identity and Status of Mizoram (PRISM) Party,13211,112,13323
Mizoram,MIZORAM,4,LAL HRIATRENGA CHHANGTE,Independent,12467,208,12675
Mizoram,MIZORAM,5,LALNGHINGLOVA HMAR,Independent,215202,944,216146
Mizoram,MIZORAM,6,LALTHLAMUANI,Independent,1909,66,1975
Mizoram,MIZORAM,7,NOTA,None of the Above,2493,16,2509
Nagaland,Nagaland,1,K L Chishi,Indian National Congress,481915,2251,484166
Nagaland,Nagaland,2,Hayithung Tungoe,National People's Party,14219,778,14997
Nagaland,Nagaland,3,Tokheho Yepthomi,Nationalist Democratic Progressive Party,499683,827,500510
Nagaland,Nagaland,4,Dr. M M Thromwa Konyak,Independent,4316,304,4620
Nagaland,Nagaland,5,NOTA,None of the Above,2009,55,2064
NCT OF Delhi,CHANDNI CHOWK,1,JAI PRAKASH AGARWAL,Indian National Congress,290689,221,290910
NCT OF Delhi,CHANDNI CHOWK,2,PANKAJ KUMAR GUPTA,Aam Aadmi Party,144447,104,144551
NCT OF Delhi,CHANDNI CHOWK,3,SHAHID ALI,Bahujan Samaj Party,9013,13,9026
NCT OF Delhi,CHANDNI CHOWK,4,HARSH VARDHAN,Bharatiya Janata Party,517939,1116,519055
NCT OF Delhi,CHANDNI CHOWK,5,ANIL KUMAR,Rashtriya Rashtrawadi Party,1436,0,1436
NCT OF Delhi,CHANDNI CHOWK,6,ASHOK KUMAR,Republican Party of India (A),273,0,273
NCT OF Delhi,CHANDNI CHOWK,7,INDER SEN,Rashtriya Samrasta Party,216,0,216
NCT OF Delhi,CHANDNI CHOWK,8,MOHD. IRFAN JAVED QURESHI,Ekta Samaj Party,1270,0,1270
NCT OF Delhi,CHANDNI CHOWK,9,KAMAL KISHOR,Peoples Party of India (Democratic),331,1,332
NCT OF Delhi,CHANDNI CHOWK,10,DEEPTI CHOPRA,Prism,233,0,233
NCT OF Delhi,CHANDNI CHOWK,11,DHEER SINGH,Rashtriya Jansambhavna Party,249,0,249
NCT OF Delhi,CHANDNI CHOWK,12,RAVINDRA,Kanshiram Bahujan Dal,369,0,369
NCT OF Delhi,CHANDNI CHOWK,13,RICHA KATIYAR KANAUJIA,Right to Recall Party,474,1,475
NCT OF Delhi,CHANDNI CHOWK,14,VISHAL KHANNA,Sanatan Sanskriti Raksha Dal,485,0,485
NCT OF Delhi,CHANDNI CHOWK,15,VIRENDER PRATAP SINGH,Aapki Apni Party (Peoples),741,3,744
NCT OF Delhi,CHANDNI CHOWK,16,SHARESTHA ARORA,Mazdoor Kirayedar Vikas Party,1143,0,1143
NCT OF Delhi,CHANDNI CHOWK,17,SATDEV JAIN,"Proutist Bloc, India",1215,0,1215
NCT OF Delhi,CHANDNI CHOWK,18,SAMEER MIRZA,Bharat Prabhat Party,423,1,424
NCT OF Delhi,CHANDNI CHOWK,19,SUMAN DEVI,Bharat Lok Sewak Party,236,0,236
NCT OF Delhi,CHANDNI CHOWK,20,SOHAN LAL SHARMA,Rashtra Nirman Party,501,0,501
NCT OF Delhi,CHANDNI CHOWK,21,SAURABH RANJAN,Pyramid Party of India,243,0,243
NCT OF Delhi,CHANDNI CHOWK,22,JUGAL KISHOR,Independent,268,0,268
NCT OF Delhi,CHANDNI CHOWK,23,PANKAJ GUPTA,Independent,670,0,670
NCT OF Delhi,CHANDNI CHOWK,24,FARHA DEEBA,Independent,241,0,241
NCT OF Delhi,CHANDNI CHOWK,25,MUNNA LAL,Independent,393,0,393
NCT OF Delhi,CHANDNI CHOWK,26,RAVI KUMAR,Independent,299,0,299
NCT OF Delhi,CHANDNI CHOWK,27,NOTA,None of the Above,5124,9,5133
NCT OF Delhi,EAST DELHI,1,ARVINDER SINGH LOVELY,Indian National Congress,304718,216,304934
NCT OF Delhi,EAST DELHI,2,ATISHI,Aam Aadmi Party,219156,172,219328
NCT OF Delhi,EAST DELHI,3,GAUTAM GAMBHIR,Bharatiya Janata Party,695109,1047,696156
NCT OF Delhi,EAST DELHI,4,SANJAY KUMAR,Bahujan Samaj Party,19033,57,19090
NCT OF Delhi,EAST DELHI,5,AJAY CHAUDHARY,Aapki Apni Party (Peoples),1282,0,1282
NCT OF Delhi,EAST DELHI,6,ANUPAM TRIPATHI,Bhartiya Kisan Party,288,1,289
NCT OF Delhi,EAST DELHI,7,AMANULLAH AHMED,Bhartiya Insan Party,512,0,512
NCT OF Delhi,EAST DELHI,8,DR. KRISHAN SINGH CHAUHAN,Peoples Party of India (Democratic),643,0,643
NCT OF Delhi,EAST DELHI,9,DEEPTI NADELLA,Pyramid Party of India,323,0,323
NCT OF Delhi,EAST DELHI,10,D. DURGA PRASAD,Challengers Party,274,0,274
NCT OF Delhi,EAST DELHI,11,NEERU MONGIA,Prism,255,0,255
NCT OF Delhi,EAST DELHI,12,MUKESH JADLY,Uttarakhand Pragatisheel Party,943,0,943
NCT OF Delhi,EAST DELHI,13,MOHAN LAL SHARMA,Satya Bahumat Party,352,0,352
NCT OF Delhi,EAST DELHI,14,MANJEET SINGH,Rashtra Nirman Party,634,0,634
NCT OF Delhi,EAST DELHI,15,MANJU CHHIBBER,Republican Party of India (A),503,0,503
NCT OF Delhi,EAST DELHI,16,SATISH KUMAR PRAJAPATI,Mazdoor Kirayedar Vikas Party,1239,0,1239
NCT OF Delhi,EAST DELHI,17,SURENDER GUPTA,National Apni Party,1044,0,1044
NCT OF Delhi,EAST DELHI,18,HAFIZ BURHANUDDIN,The National Road Map Party of India,699,0,699
NCT OF Delhi,EAST DELHI,19,HITESH KUMAR,Jai Prakash Janata Dal,937,0,937
NCT OF Delhi,EAST DELHI,20,ASHOK SURANA,Independent,650,0,650
NCT OF Delhi,EAST DELHI,21,MANOJ KUMAR GUPTA,Independent,496,0,496
NCT OF Delhi,EAST DELHI,22,RAVI KUMAR,Independent,328,0,328
NCT OF Delhi,EAST DELHI,23,RAHIMUDDIN SHAH,Independent,318,0,318
NCT OF Delhi,EAST DELHI,24,RAJ KUMAR DHINGIYA,Independent,586,0,586
NCT OF Delhi,EAST DELHI,25,SHIV KUMAR,Independent,408,0,408
NCT OF Delhi,EAST DELHI,26,HARBALWINDER SINGH,Independent,677,1,678
NCT OF Delhi,EAST DELHI,27,NOTA,None of the Above,4907,13,4920
NCT OF Delhi,NEW DELHI,1,AJAY MAKAN,Indian National Congress,247429,273,247702
NCT OF Delhi,NEW DELHI,2,BRIJESH GOYAL,Aam Aadmi Party,150203,139,150342
NCT OF Delhi,NEW DELHI,3,MEENAKASHI LEKHI,Bharatiya Janata Party,503157,1049,504206
NCT OF Delhi,NEW DELHI,4,UPENDRA,Anjaan Aadmi Party,1280,1,1281
NCT OF Delhi,NEW DELHI,5,UMESH CHANDRA GAUR,Republican Party of India (A),284,1,285
NCT OF Delhi,NEW DELHI,6,JITENDRA RAUT,Akhil Bharatiya Manavata Paksha,404,1,405
NCT OF Delhi,NEW DELHI,7,NAVEEN KUMAR,Rashtriya Samrasta Party,257,0,257
NCT OF Delhi,NEW DELHI,8,NILANJAN BANERJEE,Bharat Lok Sewak Party,193,1,194
NCT OF Delhi,NEW DELHI,9,RAVINDER PAUL SEHGAL,Pyramid Party of India,323,0,323
NCT OF Delhi,NEW DELHI,10,RAJ KARAN,Corruption Abolition Party,275,0,275
NCT OF Delhi,NEW DELHI,11,RAJ SHEKHAR GUNTI,Prism,174,0,174
NCT OF Delhi,NEW DELHI,12,RAJESH SATIYA,Sanatan Sanskriti Raksha Dal,332,1,333
NCT OF Delhi,NEW DELHI,13,LAL JI,Akhand Rashtrawadi Party,307,0,307
NCT OF Delhi,NEW DELHI,14,VIRENDRA SINGH BHARAT,Rashtriya Rashtrawadi Party,530,0,530
NCT OF Delhi,NEW DELHI,15,K SREEKRISHNA,Jammu & Kashmir National Panthers Party,919,1,920
NCT OF Delhi,NEW DELHI,16,SUNIL,Aapki Apni Party (Peoples),1159,0,1159
NCT OF Delhi,NEW DELHI,17,SUNIL KUMAR,Peoples Party of India (Democratic),1272,0,1272
NCT OF Delhi,NEW DELHI,18,SWADESH KUMAR OHRI,Atulya Bharat Party,641,0,641
NCT OF Delhi,NEW DELHI,19,AJAY KUMAR LAL,Independent,639,0,639
NCT OF Delhi,NEW DELHI,20,AASHISH S SAXENA,Independent,198,0,198
NCT OF Delhi,NEW DELHI,21,KRIPASHANKAR C PANDEY,Independent,184,0,184
NCT OF Delhi,NEW DELHI,22,DILIP SINGH KOTHARI,Independent,255,0,255
NCT OF Delhi,NEW DELHI,23,PRIYANKA,Independent,289,0,289
NCT OF Delhi,NEW DELHI,24,RAMESH,Independent,200,0,200
NCT OF Delhi,NEW DELHI,25,SREE NIVASAN RAMAMOORTHY,Independent,237,1,238
NCT OF Delhi,NEW DELHI,26,SURESH KUMAR,Independent,721,0,721
NCT OF Delhi,NEW DELHI,27,HARKRISHAN DAS NIJHAWAN,Independent,609,1,610
NCT OF Delhi,NEW DELHI,28,NOTA,None of the Above,6585,16,6601
NCT OF Delhi,NORTH EAST DELHI,1,DILIP PANDEY,Aam Aadmi Party,190586,270,190856
NCT OF Delhi,NORTH EAST DELHI,2,MANOJ TIWARI,Bharatiya Janata Party,785262,2537,787799
NCT OF Delhi,NORTH EAST DELHI,3,RAJVEER SINGH,Bahujan Samaj Party,37630,201,37831
NCT OF Delhi,NORTH EAST DELHI,4,SHEILA DIKSHIT,Indian National Congress,421293,404,421697
NCT OF Delhi,NORTH EAST DELHI,5,AJAY BHAI,Right to Recall Party,1822,0,1822
NCT OF Delhi,NORTH EAST DELHI,6,ANURUDDH KUMAR DUBE,Bharat Lok Sewak Party,419,0,419
NCT OF Delhi,NORTH EAST DELHI,7,ABHINAV KUMAR,Sanyukt Vikas Party,309,0,309
NCT OF Delhi,NORTH EAST DELHI,8,AMIT KUMAR SHARMA,Sanjhi Virasat Party,419,0,419
NCT OF Delhi,NORTH EAST DELHI,9,J. K. JAIN,Jai Prakash Janata Dal,456,0,456
NCT OF Delhi,NORTH EAST DELHI,10,DAN BAHADUR YADAV,Bhartiya Janta Dal (Integrated),434,1,435
NCT OF Delhi,NORTH EAST DELHI,11,D. Durga Prasad,Challengers Party,684,0,684
NCT OF Delhi,NORTH EAST DELHI,12,PRADESH KUMAR,Sarvodaya Prabhat Party,740,0,740
NCT OF Delhi,NORTH EAST DELHI,13,MAHENDER PASWAN,Mazdoor Kirayedar Vikas Party,792,0,792
NCT OF Delhi,NORTH EAST DELHI,14,MUKESH,Aapki Apni Party (Peoples),1472,3,1475
NCT OF Delhi,NORTH EAST DELHI,15,MANAGER CHAURASIYA,SOCIALIST UNITY CENTRE OF INDIA (COMMUNIST),1749,0,1749
NCT OF Delhi,NORTH EAST DELHI,16,MOHD. IRFAN,Bharat Prabhat Party,1746,0,1746
NCT OF Delhi,NORTH EAST DELHI,17,SUNIL VISHVAKARMA,Ambedkar National Congress,2147,1,2148
NCT OF Delhi,NORTH EAST DELHI,18,MOHD. HASAN,Republican Party of India (A),1342,1,1343
NCT OF Delhi,NORTH EAST DELHI,19,MD. AKRAM,Independent,805,0,805
NCT OF Delhi,NORTH EAST DELHI,20,ANIL KUMAR YADAV,Independent,1242,0,1242
NCT OF Delhi,NORTH EAST DELHI,21,AMRENDER KUMAR,Independent,531,0,531
NCT OF Delhi,NORTH EAST DELHI,22,MAHFOOZ KHAN,Independent,302,0,302
NCT OF Delhi,NORTH EAST DELHI,23,YOGESH SWAMY,Independent,544,0,544
NCT OF Delhi,NORTH EAST DELHI,24,S N SINGH,Independent,742,0,742
NCT OF Delhi,NORTH EAST DELHI,25,NOTA,None of the Above,4578,11,4589
NCT OF Delhi,NORTH WEST DELHI,1,GUGAN SINGH,Aam Aadmi Party,294662,104,294766
NCT OF Delhi,NORTH WEST DELHI,2,RAJESH LILOTHIA,Indian National Congress,236803,79,236882
NCT OF Delhi,NORTH WEST DELHI,3,HANS RAJ HANS,Bharatiya Janata Party,847737,926,848663
NCT OF Delhi,NORTH WEST DELHI,4,ISHWAR MANSUKH ISHU,Satya Bahumat Party,2348,0,2348
NCT OF Delhi,NORTH WEST DELHI,5,GAURAV BHATIA,Mazdoor Kirayedar Vikas Party,874,0,874
NCT OF Delhi,NORTH WEST DELHI,6,MADAN LAL BALMIKI,Rashtriya Samrasta Party,1175,0,1175
NCT OF Delhi,NORTH WEST DELHI,7,RAM KUMAR,Bhartiya Pragatisheel Congress,724,0,724
NCT OF Delhi,NORTH WEST DELHI,8,SURESH KUMAR,Socialist Janata Party,805,0,805
NCT OF Delhi,NORTH WEST DELHI,9,ADITI,Independent,1464,0,1464
NCT OF Delhi,NORTH WEST DELHI,10,"CHARAN SINGH ""BABRIK""",Independent,2915,0,2915
NCT OF Delhi,NORTH WEST DELHI,11,NAVEEN,Independent,2136,0,2136
NCT OF Delhi,NORTH WEST DELHI,12,NOTA,None of the Above,10199,11,10210
NCT OF Delhi,SOUTH DELHI,1,RAMESH BIDHURI,Bharatiya Janata Party,685789,1225,687014
NCT OF Delhi,SOUTH DELHI,2,RAGHAV CHADHA,Aam Aadmi Party,319770,201,319971
NCT OF Delhi,SOUTH DELHI,3,VIJENDER,Indian National Congress,164394,219,164613
NCT OF Delhi,SOUTH DELHI,4,SIDDHANT GAUTAM,Bahujan Samaj Party,14721,40,14761
NCT OF Delhi,SOUTH DELHI,5,Aditya Kumar Naveen,Hum Bhartiya Party,3892,0,3892
NCT OF Delhi,SOUTH DELHI,6,D. K. CHOPRA,All India Forward Bloc,366,1,367
NCT OF Delhi,SOUTH DELHI,7,JITENDRA SHARMA,Prism,200,0,200
NCT OF Delhi,SOUTH DELHI,8,DALBIR SINGH MALIK,Voters Party International,314,0,314
NCT OF Delhi,SOUTH DELHI,9,DILIP KUMAR,Sanatan Sanskriti Raksha Dal,472,1,473
NCT OF Delhi,SOUTH DELHI,10,DEEPAK KUMAR,Aapki Apni Party (Peoples),929,0,929
NCT OF Delhi,SOUTH DELHI,11,DESH KUMAR,Akhil Bharatiya Jan Sangh,403,0,403
NCT OF Delhi,SOUTH DELHI,12,NAVANIT,National Youth Party,334,0,334
NCT OF Delhi,SOUTH DELHI,13,MAHENDER SINGH CHURIYANA,Peoples Party of India (Democratic),1019,0,1019
NCT OF Delhi,SOUTH DELHI,14,MATHEWS,Bhartiya Insan Party,1139,0,1139
NCT OF Delhi,SOUTH DELHI,15,MOHAN KUMAR GUPTA,Mazdoor Kirayedar Vikas Party,969,0,969
NCT OF Delhi,SOUTH DELHI,16,RAJENDRA PRASAD GUPTA,Parivartan Samaj Party,1897,0,1897
NCT OF Delhi,SOUTH DELHI,17,RAM KHILAWAN,"Proutist Bloc, India",2541,0,2541
NCT OF Delhi,SOUTH DELHI,18,K. ROSHAN KUMAR,Pyramid Party of India,1399,0,1399
NCT OF Delhi,SOUTH DELHI,19,SUMAN YADAV,Jai Maha Bharath Party,1531,6,1537
NCT OF Delhi,SOUTH DELHI,20,SUMEDHA BODH,Jan Samman party,1708,0,1708
NCT OF Delhi,SOUTH DELHI,21,SOBRAN SINGH CHAUHAN,Rashtriya Rashtrawadi Party,278,0,278
NCT OF Delhi,SOUTH DELHI,22,SANDEEP GUPTA,Rashtriya Jan Adhikar Party,370,0,370
NCT OF Delhi,SOUTH DELHI,23,NAUSHA KHAN,Independent,214,1,215
NCT OF Delhi,SOUTH DELHI,24,BIRJU NAYAK,Independent,390,0,390
NCT OF Delhi,SOUTH DELHI,25,ROSHAN KUMAR CHOUDHARY,Independent,731,0,731
NCT OF Delhi,SOUTH DELHI,26,SUNIL KUMAR,Independent,390,0,390
NCT OF Delhi,SOUTH DELHI,27,HARSH NATH VERMA,Independent,1104,0,1104
NCT OF Delhi,SOUTH DELHI,28,NOTA,None of the Above,5247,17,5264
NCT OF Delhi,WEST DELHI,1,PARVESH SAHIB SINGH VERMA,Bharatiya Janata Party,862058,3590,865648
NCT OF Delhi,WEST DELHI,2,BALBIR SINGH JAKHAR,Aam Aadmi Party,251504,369,251873
NCT OF Delhi,WEST DELHI,3,MAHABAL MISHRA,Indian National Congress,286745,417,287162
NCT OF Delhi,WEST DELHI,4,SITA SARAN SEN,Bahujan Samaj Party,13202,67,13269
NCT OF Delhi,WEST DELHI,5,KULWINDER SINGH MEHTA,Pyramid Party of India,542,0,542
NCT OF Delhi,WEST DELHI,6,JANAK RAJ RANA,Akhand Rashtrawadi Party,329,0,329
NCT OF Delhi,WEST DELHI,7,DAYA NAND VATS,Republican Party of India (A),379,0,379
NCT OF Delhi,WEST DELHI,8,DHARAMBIR SINGH,Rashtriya Janshakti Party (Secular),551,0,551
NCT OF Delhi,WEST DELHI,9,POONAM UJJAINWAL,Peoples Party of India (Democratic),928,7,935
NCT OF Delhi,WEST DELHI,10,PROBIR DUTTA,Satya Bahumat Party,328,1,329
NCT OF Delhi,WEST DELHI,11,BAIDYANATH SAH,"Proutist Bloc, India",467,0,467
NCT OF Delhi,WEST DELHI,12,MANMOHAN SINGH,Rashtra Nirman Party,444,0,444
NCT OF Delhi,WEST DELHI,13,VIKASH KUMAR MOHAL,Aapki Apni Party (Peoples),894,1,895
NCT OF Delhi,WEST DELHI,14,SHASHI JEET,National Youth Party,718,1,719
NCT OF Delhi,WEST DELHI,15,SHISH PAL SINGH,Prism,538,0,538
NCT OF Delhi,WEST DELHI,16,IQBAL SINGH (SONU),Independent,2181,5,2186
NCT OF Delhi,WEST DELHI,17,NAVIN CHANDRA DAS,Independent,1706,0,1706
NCT OF Delhi,WEST DELHI,18,PRAVESH SHARMA,Independent,1755,2,1757
NCT OF Delhi,WEST DELHI,19,BALBIR SINGH,Independent,1024,0,1024
NCT OF Delhi,WEST DELHI,20,M. MISHRA,Independent,652,0,652
NCT OF Delhi,WEST DELHI,21,RAMESH CHAND VERMA,Independent,312,0,312
NCT OF Delhi,WEST DELHI,22,RAJIV KUMAR,Independent,365,0,365
NCT OF Delhi,WEST DELHI,23,HARSH VARDHAN SHUKLA,Independent,582,0,582
NCT OF Delhi,WEST DELHI,24,NOTA,None of the Above,8883,54,8937
Odisha,Aska,1,Anita Subhadarshini,Bharatiya Janata Party,346249,1793,348042
Odisha,Aska,2,Purna Chandra Nayak,Bahujan Samaj Party,8527,22,8549
Odisha,Aska,3,Pramila Bisoyi,Biju Janata Dal,552364,385,552749
Odisha,Aska,4,Rama Krushna Panda,Communist Party of India,59889,89,59978
Odisha,Aska,5,Rajeeb Chandra Khadanga,All India Forward Bloc,5984,3,5987
Odisha,Aska,6,Sankar Sahu,Communist Party of India (Marxist-Leninist) Red Star,5995,4,5999
Odisha,Aska,7,Chakradhar Sahu,Independent,7733,5,7738
Odisha,Aska,8,K. Shyambabu Subudhi,Independent,7470,6,7476
Odisha,Aska,9,NOTA,None of the Above,17330,14,17344
Odisha,Balasore,1,NAVAJYOTI PATNAIK,Indian National Congress,179070,333,179403
Odisha,Balasore,2,PRATAP CHANDRA SARANGI,Bharatiya Janata Party,481438,2420,483858
Odisha,Balasore,3,RABINDRA KUMAR JENA,Biju Janata Dal,470242,660,470902
Odisha,Balasore,4,HAJI SK ABDUL ISTAR,All India Trinamool Congress,3898,2,3900
Odisha,Balasore,5,MOHAMMED ALLI,Ambedkar National Congress,1349,7,1356
Odisha,Balasore,6,RAMAKANTA PANDA,Purvanchal Janta Party (Secular),1241,0,1241
Odisha,Balasore,7,SUBHASH,Pragatishil Samajwadi Party (Lohia),823,2,825
Odisha,Balasore,8,JAGANNATH DAS,Independent,813,3,816
Odisha,Balasore,9,BASANTALATA PATTANAYAK,Independent,1419,3,1422
Odisha,Balasore,10,JADUNATH SETHI,Independent,1675,1,1676
Odisha,Balasore,11,RAMANATH BARIK,Independent,2451,3,2454
Odisha,Balasore,12,SAROJ KUMAR PANDA,Independent,2580,2,2582
Odisha,Balasore,13,NOTA,None of the Above,7422,14,7436
Odisha,Bargarh,1,Kousika Suna,Bahujan Samaj Party,10980,76,11056
Odisha,Bargarh,2,Pradeep Kumar Debta,Indian National Congress,108898,519,109417
Odisha,Bargarh,3,Prasanna Acharya,Biju Janata Dal,516229,1077,517306
Odisha,Bargarh,4,Suresh Pujari,Bharatiya Janata Party,577074,4171,581245
Odisha,Bargarh,5,Kulamani Urma,Independent,8342,4,8346
Odisha,Bargarh,6,M D Nizamuddin,Independent,6370,5,6375
Odisha,Bargarh,7,NOTA,None of the Above,14127,40,14167
Odisha,Berhampur,1,V.CHANDRASEKHAR NAIDU,Indian National Congress,142372,260,142632
Odisha,Berhampur,2,CHANDRA SEKHAR SAHU,Biju Janata Dal,443145,698,443843
Odisha,Berhampur,3,TIRUPATHI RAO KARANAM,Bahujan Samaj Party,8252,38,8290
Odisha,Berhampur,4,BHRUGU BAXIPATRA,Bharatiya Janata Party,347302,1697,348999
Odisha,Berhampur,5,SRIHARI PATNAIK,Odisha Pragati Dal,8293,11,8304
Odisha,Berhampur,6,SOMANATH BEHERA,SOCIALIST UNITY CENTRE OF INDIA (COMMUNIST),8283,13,8296
Odisha,Berhampur,7,CHAKRADHAR SAHU,Independent,7076,5,7081
Odisha,Berhampur,8,K. SHYAMBABU SUBUDHI,Independent,8077,7,8084
Odisha,Berhampur,9,NOTA,None of the Above,14363,18,14381
Odisha,Bhadrak,1,AVIMANYU SETHI,Bharatiya Janata Party,480122,3380,483502
Odisha,Bhadrak,2,TILOTTAMA JENA,All India Trinamool Congress,3312,15,3327
Odisha,Bhadrak,3,MADHUMITA SETHI,Indian National Congress,207235,576,207811
Odisha,Bhadrak,4,MANJULATA MANDAL,Biju Janata Dal,511032,1273,512305
Odisha,Bhadrak,5,MURALIDHAR JENA,Bahujan Samaj Party,4694,14,4708
Odisha,Bhadrak,6,KIRTAN BIHARI MALIK,SOCIALIST UNITY CENTRE OF INDIA (COMMUNIST),1428,2,1430
Odisha,Bhadrak,7,LAXMIPRIYA JENA,Kalinga Sena,1551,5,1556
Odisha,Bhadrak,8,PITAMBAR SETHI,Independent,2574,5,2579
Odisha,Bhadrak,9,NOTA,None of the Above,6525,11,6536
Odisha,Bhubaneswar,1,APARAJITA SARANGI,Bharatiya Janata Party,485793,1198,486991
Odisha,Bhubaneswar,2,Arup Mohan Patnaik,Biju Janata Dal,462911,241,463152
Odisha,Bhubaneswar,3,JANARDAN PATI,Communist Party of India (Marxist),22993,33,23026
Odisha,Bhubaneswar,4,SUBHRANSHU SEKHAR PADHI,All India Trinamool Congress,2330,14,2344
Odisha,Bhubaneswar,5,LALITA KUMAR NAYAK,Bahujan Samaj Party,2774,6,2780
Odisha,Bhubaneswar,6,PRAMILA BEHERA,Communist Party of India (Marxist-Leninist) Red Star,1474,8,1482
Odisha,Bhubaneswar,7,BISWANATH ROUT,Krupaa Party,2814,2,2816
Odisha,Bhubaneswar,8,BISWANATH RAMACHANDRA,Freethought Party of India,1497,0,1497
Odisha,Bhubaneswar,9,BHAKTA SEKHAR RAY,Kalinga Sena,1381,1,1382
Odisha,Bhubaneswar,10,JAYANT KUMAR DAS,Independent,2360,0,2360
Odisha,Bhubaneswar,11,MADHU SUDAN YADAV,Independent,1200,0,1200
Odisha,Bhubaneswar,12,MAHESH CHANDRA SETHI,Independent,1491,0,1491
Odisha,Bhubaneswar,13,SANJAYA KUMAR SAHOO,Independent,5873,0,5873
Odisha,Bhubaneswar,14,Susil Kumar Jena,Independent,2665,0,2665
Odisha,Bhubaneswar,15,NOTA,None of the Above,6148,8,6156
Odisha,Bolangir,1,Kalikesh Narayan Singh Deo,Biju Janata Dal,478183,387,478570
Odisha,Bolangir,2,Rana Nag,Bahujan Samaj Party,12191,38,12229
Odisha,Bolangir,3,Samarendra Mishra,Indian National Congress,270712,344,271056
Odisha,Bolangir,4,Sangeeta Kumari Singh Deo,Bharatiya Janata Party,496237,1849,498086
Odisha,Bolangir,5,DINESH NAG,Ambedkarite Party of India,13902,17,13919
Odisha,Bolangir,6,Suresh Kumar Putel,Bahujan Mukti Party,5258,3,5261
Odisha,Bolangir,7,Hrudananda Karuan,SOCIALIST UNITY CENTRE OF INDIA (COMMUNIST),5505,3,5508
Odisha,Bolangir,8,Dr. Bipin Kusulia,Independent,6073,2,6075
Odisha,Bolangir,9,NOTA,None of the Above,15989,12,16001
Odisha,Cuttack,1,PANCHANAN KANUNGO,Indian National Congress,99742,105,99847
Odisha,Cuttack,2,PRAKASH MISHRA,Bharatiya Janata Party,401959,1432,403391
Odisha,Cuttack,3,PRAMOD KUMAR MALLICK,Bahujan Samaj Party,4395,13,4408
Odisha,Cuttack,4,BHARTRUHARI MAHTAB,Biju Janata Dal,524117,475,524592
Odisha,Cuttack,5,AKSHAYA KUMAR KAR,Krupaa Party,3822,1,3823
Odisha,Cuttack,6,BISWAJIT GOSWAMI,Kalinga Sena,1358,0,1358
Odisha,Cuttack,7,RAJAKISHORE MALLIK,SOCIALIST UNITY CENTRE OF INDIA (COMMUNIST),2754,2,2756
Odisha,Cuttack,8,SOMIYA RANJAN DAS,Bharat Prabhat Party,1404,5,1409
Odisha,Cuttack,9,ASHOK PRADHAN,Independent,1355,2,1357
Odisha,Cuttack,10,BRUNDABAN DAS AZAD,Independent,3414,0,3414
Odisha,Cuttack,11,SANJAYA KUMAR SAHOO,Independent,5897,2,5899
Odisha,Cuttack,12,NOTA,None of the Above,7227,9,7236
Odisha,Dhenkanal,1,RAJA KAMAKHYA PRASAD SINGH DEO,Indian National Congress,79987,362,80349
Odisha,Dhenkanal,2,PRADYUMNA KUMAR NAIK,Bahujan Samaj Party,7741,48,7789
Odisha,Dhenkanal,3,MAHESH SAHOO,Biju Janata Dal,521954,930,522884
Odisha,Dhenkanal,4,RUDRA NARAYAN PANY,Bharatiya Janata Party,483978,3494,487472
Odisha,Dhenkanal,5,PRIYABRATA GARNAIK,Hindusthan Nirman Dal,6940,6,6946
Odisha,Dhenkanal,6,BIJAYA KUMAR BEHERA,Ambedkarite Party of India,4736,6,4742
Odisha,Dhenkanal,7,MANASI SWAIN,SOCIALIST UNITY CENTRE OF INDIA (COMMUNIST),3285,10,3295
Odisha,Dhenkanal,8,RANJAN KUMAR SAHOO,Bhartiya Manavadhikaar Federal Party,2913,1,2914
Odisha,Dhenkanal,9,SAROJ KUMAR SATPATHY,Samata Kranti Dal,3874,3,3877
Odisha,Dhenkanal,10,NOTA,None of the Above,11242,12,11254
Odisha,Jagatsinghpur,1,PRATIMA MALLICK,Indian National Congress,239114,570,239684
Odisha,Jagatsinghpur,2,BIBHU PRASAD TARAI,Bharatiya Janata Party,346398,1932,348330
Odisha,Jagatsinghpur,3,BIBHUTI BHUSAN MAJHI,Bahujan Samaj Party,5226,18,5244
Odisha,Jagatsinghpur,4,RAJASHREE MALLICK,Biju Janata Dal,618955,1030,619985
Odisha,Jagatsinghpur,5,ANIL KUMAR BEHERA,Freethought Party of India,3585,1,3586
Odisha,Jagatsinghpur,6,JAGANNATH MEGH,Jai Prakash Janata Dal,1237,0,1237
Odisha,Jagatsinghpur,7,DIPAK KUMAR DAS,Akhil Bharat Hindu Mahasabha,1503,0,1503
Odisha,Jagatsinghpur,8,PEEYUUSH DAS,Ambedkarite Party of India,1751,0,1751
Odisha,Jagatsinghpur,9,SASMITA DAS,Independent,1804,9,1813
Odisha,Jagatsinghpur,10,NOTA,None of the Above,6042,15,6057
Odisha,Jajpur,1,AMIYA KANTA MALLICK,Bharatiya Janata Party,438171,4156,442327
Odisha,Jajpur,2,MANAS JENA,Indian National Congress,82834,487,83321
Odisha,Jajpur,3,SARMISTHA SETHI,Biju Janata Dal,542476,1544,544020
Odisha,Jajpur,4,TILOTTAMA SETHY,"Proutist Bloc, India",4467,3,4470
Odisha,Jajpur,5,BHIMA SEN BEHERA,Freethought Party of India,1794,7,1801
Odisha,Jajpur,6,RANJIT MALIK,Bahujan Mukti Party,2041,8,2049
Odisha,Jajpur,7,SUNAKAR BEHERA,Jai Prakash Janata Dal,1982,3,1985
Odisha,Jajpur,8,SUBASA CHANDRA MALIK,SOCIALIST UNITY CENTRE OF INDIA (COMMUNIST),4934,16,4950
Odisha,Jajpur,9,NOTA,None of the Above,7149,12,7161
Odisha,Kalahandi,1,PUSPENDRA SINGH DEO,Biju Janata Dal,405641,619,406260
Odisha,Kalahandi,2,PREMANANDA BAG,Bahujan Samaj Party,10416,32,10448
Odisha,Kalahandi,3,BASANTA KUMAR PANDA,Bharatiya Janata Party,429710,3364,433074
Odisha,Kalahandi,4,BHAKTA CHARAN DAS,Indian National Congress,317915,1287,319202
Odisha,Kalahandi,5,KAMALINI YADAV,Bahujan Mukti Party,15833,31,15864
Odisha,Kalahandi,6,CHHABILAL NIAL,Ambedkarite Party of India,12391,18,12409
Odisha,Kalahandi,7,HATIRAM DURGA,Independent,9828,8,9836
Odisha,Kalahandi,8,NOTA,None of the Above,21172,27,21199
Odisha,Kandhamal,1,ACHYUTANANDA SAMANTA,Biju Janata Dal,461154,525,461679
Odisha,Kandhamal,2,Amir Nayak,Bahujan Samaj Party,7289,25,7314
Odisha,Kandhamal,3,Manoj Kumar Acharya,Indian National Congress,138647,346,138993
Odisha,Kandhamal,4,Mahameghabahan Aira Kharabela Swain,Bharatiya Janata Party,310883,1580,312463
Odisha,Kandhamal,5,TUNA MALLICK,Communist Party of India (Marxist-Leninist) Red Star,8278,5,8283
Odisha,Kandhamal,6,NOTA,None of the Above,13247,6,13253
Odisha,Kendrapara,1,Anubhav Mohanty,Biju Janata Dal,628109,830,628939
Odisha,Kendrapara,2,DHARANIDHAR NAYAK,Indian National Congress,113648,193,113841
Odisha,Kendrapara,3,BAIJAYANT PANDA,Bharatiya Janata Party,474051,2304,476355
Odisha,Kendrapara,4,Rabindra Nath Behera,Samajwadi Party,5133,5,5138
Odisha,Kendrapara,5,Srikanta Samal,Krupaa Party,1866,2,1868
Odisha,Kendrapara,6,Santosh Kumar Das,Independent,1455,1,1456
Odisha,Kendrapara,7,SANTOSH KUMAR PATRA,Independent,2279,2,2281
Odisha,Kendrapara,8,NOTA,None of the Above,6584,4,6588
Odisha,Keonjhar,1,Ananta Nayak,Bharatiya Janata Party,458064,2092,460156
Odisha,Keonjhar,2,Chandrani Murmu,Biju Janata Dal,525886,473,526359
Odisha,Keonjhar,3,Durga Chandra Pingua,Bahujan Samaj Party,9296,12,9308
Odisha,Keonjhar,4,Mohan Kumar Hembram,Indian National Congress,128542,174,128716
Odisha,Keonjhar,5,Prafulla Nayak,All India Forward Bloc,5864,2,5866
Odisha,Keonjhar,6,Ramesh Laguri,Bahujan Mukti Party,5723,5,5728
Odisha,Keonjhar,7,Dr. Sudarshan Lohar,Rashtriya Indepndent Morcha,10911,3,10914
Odisha,Keonjhar,8,Lalmohan Hansda,Akhil Bharat Hindu Mahasabha,10036,2,10038
Odisha,Keonjhar,9,NOTA,None of the Above,19204,3,19207
Odisha,Koraput,1,KAUSALYA HIKAKA,Biju Janata Dal,366812,704,367516
Odisha,Koraput,2,JAYARAM PANGI,Bharatiya Janata Party,206153,2245,208398
Odisha,Koraput,3,BHASKAR MUTUKA,Bahujan Samaj Party,35668,96,35764
Odisha,Koraput,4,SAPTAGIRI SANKAR ULAKA,Indian National Congress,370434,695,371129
Odisha,Koraput,5,DAMODARA SABAR,Communist Party of India (Marxist-Leninist) (Liberation),26112,5,26117
Odisha,Koraput,6,BANAMALI MAJHI,Ambedkarite Party of India,18842,7,18849
Odisha,Koraput,7,RAJENDRA KENDRUKA,Communist Party of India (Marxist-Leninist) Red Star,15826,1,15827
Odisha,Koraput,8,NOTA,None of the Above,36525,36,36561
Odisha,Mayurbhanj,1,DR DEBASHIS MARNDI,Biju Janata Dal,457676,880,458556
Odisha,Mayurbhanj,2,BISHWESWAR TUDU,Bharatiya Janata Party,480253,3559,483812
Odisha,Mayurbhanj,3,RAMCHANDRA SINGH,Bahujan Samaj Party,10223,17,10240
Odisha,Mayurbhanj,4,ANJANI SOREN,Jharkhand Mukti Morcha,135265,287,135552
Odisha,Mayurbhanj,5,BHARAT CHANDRA SINGH,Bahujan Mukti Party,9300,15,9315
Odisha,Mayurbhanj,6,NANDA KISHORE KISKU,Independent,6879,10,6889
Odisha,Mayurbhanj,7,PARBATI PURTY,Independent,13905,32,13937
Odisha,Mayurbhanj,8,RABINDRA NATH SINGH,Independent,10675,24,10699
Odisha,Mayurbhanj,9,NOTA,None of the Above,21336,21,21357
Odisha,Nabarangpur,1,CHANDRADHWAJ MAJHI,Bahujan Samaj Party,28189,716,28905
Odisha,Nabarangpur,2,PRADEEP KUMAR MAJHI,Indian National Congress,349437,1433,350870
Odisha,Nabarangpur,3,BALABHADRA MAJHI,Bharatiya Janata Party,342510,329,342839
Odisha,Nabarangpur,4,RAMESH CHANDRA MAJHI,Biju Janata Dal,392481,23,392504
Odisha,Nabarangpur,5,NOTA,None of the Above,44580,2,44582
Odisha,Puri,1,NRUSINGHA CHARAN DAS,Bahujan Samaj Party,6259,24,6283
Odisha,Puri,2,PINAKI MISRA,Biju Janata Dal,537782,539,538321
Odisha,Puri,3,SATYA PRAKASH NAYAK,Indian National Congress,44599,135,44734
Odisha,Puri,4,Dr Sambit Patra,Bharatiya Janata Party,524504,2103,526607
Odisha,Puri,5,JAYAPRAKASH SETHI,Akhil Bharat Hindu Mahasabha,5005,3,5008
Odisha,Puri,6,Mandakini Sethi,Communist Party of India (Marxist-Leninist) (Liberation),2648,3,2651
Odisha,Puri,7,RANJAN MISHRA,Communist Party of India (Marxist-Leninist) Red Star,2311,1,2312
Odisha,Puri,8,Sabyasachi Mohapatra,Kalinga Sena,2485,2,2487
Odisha,Puri,9,NOTA,None of the Above,7210,7,7217
Odisha,Sambalpur,1,NALINI KANTA PRADHAN,Biju Janata Dal,464063,545,464608
Odisha,Sambalpur,2,NITESH GANGA DEB,Bharatiya Janata Party,471382,2388,473770
Odisha,Sambalpur,3,MD. MUSTUKIM,Bahujan Samaj Party,8157,20,8177
Odisha,Sambalpur,4,SARAT PATTANAYAK,Indian National Congress,135672,297,135969
Odisha,Sambalpur,5,Atma Ram Supkar,Pragatishil Samajwadi Party (Lohia),3787,4,3791
Odisha,Sambalpur,6,ASHUTOSH KUMAR HANUMAN,Bharat Prabhat Party,2053,5,2058
Odisha,Sambalpur,7,NABAKISHORE PRADHAN,SOCIALIST UNITY CENTRE OF INDIA (COMMUNIST),2709,6,2715
Odisha,Sambalpur,8,PRABHAT KUMAR DHARUA,Gondvana Gantantra Party,2694,5,2699
Odisha,Sambalpur,9,BINAY OCEAN,Ambedkarite Party of India,6579,2,6581
Odisha,Sambalpur,10,SANTOSHINI KARNA,Ambedkar National Congress,5193,4,5197
Odisha,Sambalpur,11,KANHU CHARAN SANBAD,Independent,5432,2,5434
Odisha,Sambalpur,12,NOTA,None of the Above,13443,13,13456
Odisha,Sundargarh,1,George Tirkey,Indian National Congress,267672,546,268218
Odisha,Sundargarh,2,Jual Oram,Bharatiya Janata Party,498468,1588,500056
Odisha,Sundargarh,3,Sunita Biswal,Biju Janata Dal,276710,281,276991
Odisha,Sundargarh,4,Justin Lugun,SOCIALIST UNITY CENTRE OF INDIA (COMMUNIST),9516,8,9524
Odisha,Sundargarh,5,Dayananda Bhitria,Hindusthan Nirman Dal,4027,0,4027
Odisha,Sundargarh,6,Basil Ekka,Aam Aadmi Party,6605,9,6614
Odisha,Sundargarh,7,Udit Chandra Amat,Independent,6230,4,6234
Odisha,Sundargarh,8,Miss Juspin Lakra,Independent,14779,11,14790
Odisha,Sundargarh,9,NOTA,None of the Above,13665,10,13675
Puducherry,Puducherry,1,Dr. NARAYANASAMY KESAVAN,All India N.R. Congress,247844,112,247956
Puducherry,Puducherry,2,A.G.PATHIMARAJ,Bahujan Samaj Party,2685,4,2689
Puducherry,Puducherry,3,Ve. VAITHILINGAM,Indian National Congress,444646,335,444981
Puducherry,Puducherry,4,K.ARUNACHALAM,Agila India Makkal Kazhagam,2199,2,2201
Puducherry,Puducherry,5,Dr.M.A.S. SUBRAMANIAN,Makkal Needhi Maiam,38046,22,38068
Puducherry,Puducherry,6,S. THIRUGNANAM,Anti Corruption Dynamic Party,673,1,674
Puducherry,Puducherry,7,BASKARAN.S,Puducherry Development Party,1318,1,1319
Puducherry,Puducherry,8,MUTHU.U,SOCIALIST UNITY CENTRE OF INDIA (COMMUNIST),1285,0,1285
Puducherry,Puducherry,9,S.MOTHILAL,Communist Party of India (Marxist-Leninist) (Liberation),904,1,905
Puducherry,Puducherry,10,N.SHARMILA BEGUM,Naam Tamilar Katchi,22842,15,22857
Puducherry,Puducherry,11,K. RAMADOSS,Independent,542,1,543
Puducherry,Puducherry,12,KRISHNAMURTHY.M,Independent,3579,0,3579
Puducherry,Puducherry,13,THANGAVELU.S,Independent,1002,0,1002
Puducherry,Puducherry,14,N. TAMIZH MARANE,Independent,4785,6,4791
Puducherry,Puducherry,15,TIRAVITAMANKAI@LOURDHUMARY,Independent,870,0,870
Puducherry,Puducherry,16,IMS. BALAJI,Independent,2546,0,2546
Puducherry,Puducherry,17,RAMESH.D,Independent,1653,0,1653
Puducherry,Puducherry,18,V. RAMAMURTHI,Independent,641,1,642
Puducherry,Puducherry,19,NOTA,None of the Above,12192,7,12199
Punjab,Amritsar,1,HARDEEP SINGH PURI,Bharatiya Janata Party,344049,1357,345406
Punjab,Amritsar,2,KULDIP SINGH DHALIWAL,Aam Aadmi Party,19800,287,20087
Punjab,Amritsar,3,GURJEET SINGH AUJLA,Indian National Congress,444052,980,445032
Punjab,Amritsar,4,DASWINDER KAUR,Communist Party of India,16278,57,16335
Punjab,Amritsar,5,SATNAM SINGH,Democratic Party of India (Ambedkar),786,13,799
Punjab,Amritsar,6,KAWALJIT SINGH SAHOTA,Bahujan Samaj Party (Ambedkar),733,41,774
Punjab,Amritsar,7,KEWAL KRISHAN,Bahujan Mukti Party,668,10,678
Punjab,Amritsar,8,GAGANDEEP KUMAR,Shivsena,1186,7,1193
Punjab,Amritsar,9,LAKHWINDER SINGH SIDHU,Republican Party of India (A),1316,9,1325
Punjab,Amritsar,10,SARABJIT SINGH,Independent,549,12,561
Punjab,Amritsar,11,SHAMSHER SINGH,Independent,508,6,514
Punjab,Amritsar,12,SANJEEV KUMAR,Independent,487,2,489
Punjab,Amritsar,13,SANDEEP SINGH,Independent,1017,2,1019
Punjab,Amritsar,14,SHAM LAL GANDHIWADI,Independent,3250,1,3251
Punjab,Amritsar,15,SUNIL KUMAR BHATTI,Independent,702,1,703
Punjab,Amritsar,16,SUNIL KUMAR MATTU,Independent,3204,0,3204
Punjab,Amritsar,17,SHUBHAM KUMAR,Independent,2310,1,2311
Punjab,Amritsar,18,SUMAN SINGH,Independent,433,0,433
Punjab,Amritsar,19,SURJIT SINGH,Independent,1607,2,1609
Punjab,Amritsar,20,HARJINDER SINGH,Independent,539,2,541
Punjab,Amritsar,21,KASHMIR SINGH,Independent,467,2,469
Punjab,Amritsar,22,KABAL SINGH,Independent,258,2,260
Punjab,Amritsar,23,GAUTAM,Independent,380,1,381
Punjab,Amritsar,24,CHAND KUMAR,Independent,233,2,235
Punjab,Amritsar,25,CHAIN SINGH BAINKA,Independent,445,2,447
Punjab,Amritsar,26,JASPAL SINGH,Independent,271,0,271
Punjab,Amritsar,27,BALWINDER SINGH,Independent,334,1,335
Punjab,Amritsar,28,BAL KRISHAN,Independent,598,2,600
Punjab,Amritsar,29,MOHINDER SINGH,Independent,899,2,901
Punjab,Amritsar,30,MOHINDER SINGH NAMDHARI,Independent,586,1,587
Punjab,Amritsar,31,NOTA,None of the Above,8713,50,8763
Punjab,Anandpur Sahib,1,Sodhi Vikram Singh,Bahujan Samaj Party,146077,364,146441
Punjab,Anandpur Sahib,2,Narinder Singh Shergill,Aam Aadmi Party,52539,513,53052
Punjab,Anandpur Sahib,3,Professor Prem Singh Chandumajra,Shiromani Akali Dal,379552,1609,381161
Punjab,Anandpur Sahib,4,Manish Tewari,Indian National Congress,426904,1141,428045
Punjab,Anandpur Sahib,5,Raghunath Singh,Communist Party of India (Marxist),10638,27,10665
Punjab,Anandpur Sahib,6,Ashwani Kumar,Hindustan Shakti Sena,1707,25,1732
Punjab,Anandpur Sahib,7,Dr. Sukhdeep Kaur,Janral Samaj Party,942,86,1028
Punjab,Anandpur Sahib,8,Surinder Kaur Mangat,Rashtriya Janshakti Party (Secular),1097,9,1106
Punjab,Anandpur Sahib,9,Harmesh Sharma,Jai Jawan Jai Kisan Party,910,21,931
Punjab,Anandpur Sahib,10,Kawaljeet Singh,Hind Congress Party,866,36,902
Punjab,Anandpur Sahib,11,Kulwinder Kaur,Ambedkarite Party of India,1911,18,1929
Punjab,Anandpur Sahib,12,Gurbinder Singh Sonu,Peoples Party of India (Democratic),1516,6,1522
Punjab,Anandpur Sahib,13,Jodh Singh Thandi,Bhartiya Lok Seva Dal,2904,17,2921
Punjab,Anandpur Sahib,14,Faqir Chand,Shivsena,2397,68,2465
Punjab,Anandpur Sahib,15,Bir Devinder Singh,Shiromani Akali Dal (Taksali),10315,109,10424
Punjab,Anandpur Sahib,16,Bargava Reddy D,Pyramid Party of India,2820,4,2824
Punjab,Anandpur Sahib,17,Avtar Singh,Independent,3637,9,3646
Punjab,Anandpur Sahib,18,Ashish Garg,Independent,2782,2,2784
Punjab,Anandpur Sahib,19,Sunaina,Independent,1882,30,1912
Punjab,Anandpur Sahib,20,Kirpal Kaur,Independent,2141,30,2171
Punjab,Anandpur Sahib,21,Charan Dass,Independent,958,2,960
Punjab,Anandpur Sahib,22,Jagneet Singh Balsuan,Independent,1114,3,1117
Punjab,Anandpur Sahib,23,Dr. Paramjeet Singh Ranu,Independent,1313,3,1316
Punjab,Anandpur Sahib,24,Manmohan Singh,Independent,1381,1,1382
Punjab,Anandpur Sahib,25,Rakesh Kumar,Independent,1008,3,1011
Punjab,Anandpur Sahib,26,Vikram Singh John,Independent,1141,4,1145
Punjab,Anandpur Sahib,27,NOTA,None of the Above,17069,66,17135
Punjab,Bathinda,1,Amrinder Singh Raja Warring,Indian National Congress,469412,1640,471052
Punjab,Bathinda,2,Harsimrat Kaur Badal,Shiromani Akali Dal,490811,2013,492824
Punjab,Bathinda,3,Prof. Baljinder Kaur,Aam Aadmi Party,133728,670,134398
Punjab,Bathinda,4,Swarn Singh Dhaliwal,SOCIALIST UNITY CENTRE OF INDIA (COMMUNIST),5082,24,5106
Punjab,Bathinda,5,Sukhchain Singh Bhargav,Hindustan Shakti Sena,1777,17,1794
Punjab,Bathinda,6,Sukhpal Singh Khaira,Punjab Ekta Party,37854,345,38199
Punjab,Bathinda,7,Gursewak Singh,Shiromani Akali Dal (Amritsar)(Simranjit Singh Mann),3777,43,3820
Punjab,Bathinda,8,Gurmeet Singh Insa,Punjab Labour Party,678,14,692
Punjab,Bathinda,9,Dr. Jagsir Singh Mrar,Bahujan Mukti Party,1047,19,1066
Punjab,Bathinda,10,Rtd. Subedar Major Jagdev Singh Raipur,Bhartiya Lok Seva Dal,1737,28,1765
Punjab,Bathinda,11,Baljinder Kumar Sangila,Socialist Party (India),1394,12,1406
Punjab,Bathinda,12,Bhagwant Singh Samaon,Communist Party of India (Marxist-Leninist) (Liberation),5372,9,5381
Punjab,Bathinda,13,Bhupinder Singh Bhainda Waring,Samaj Adhikar Kalyan Party,1298,4,1302
Punjab,Bathinda,14,Amrik Singh,Independent,1664,12,1676
Punjab,Bathinda,15,Sandeep Kumar,Independent,2726,5,2731
Punjab,Bathinda,16,Surjeet Singh,Independent,5869,3,5872
Punjab,Bathinda,17,Harpal Singh,Independent,4626,1,4627
Punjab,Bathinda,18,Kartar Singh,Independent,2978,0,2978
Punjab,Bathinda,19,Gurcharan Singh,Independent,1484,1,1485
Punjab,Bathinda,20,Gurmail Singh,Independent,800,4,804
Punjab,Bathinda,21,Teja Singh,Independent,1446,2,1448
Punjab,Bathinda,22,Nahar Singh,Independent,956,4,960
Punjab,Bathinda,23,Bhola Singh Sahota,Independent,882,2,884
Punjab,Bathinda,24,Manjit Kaur,Independent,1067,5,1072
Punjab,Bathinda,25,Ranveer Singh Rana,Independent,911,2,913
Punjab,Bathinda,26,Prof. Lakhbir Singh,Independent,1145,9,1154
Punjab,Bathinda,27,Veerpal Kaur,Independent,2069,9,2078
Punjab,Bathinda,28,NOTA,None of the Above,13220,103,13323
Punjab,Faridkot,1,Prof. Sadhu Singh,Aam Aadmi Party,114610,709,115319
Punjab,Faridkot,2,Gulzar Singh Ranike,Shiromani Akali Dal,334674,1135,335809
Punjab,Faridkot,3,Dr. Daljit Singh Chauhan,Nationalist Congress Party,3407,178,3585
Punjab,Faridkot,4,Mohammad Sadique,Indian National Congress,417936,1129,419065
Punjab,Faridkot,5,Om Parkash,Bhartiya Janraj Party,2757,278,3035
Punjab,Faridkot,6,Ajay Kumar,Indian Democratic Republican Front,6094,12,6106
Punjab,Faridkot,7,Amandeep Kaur,Peoples Party of India (Democratic),1231,59,1290
Punjab,Faridkot,8,Dr. Swarn Singh,Apna Samaj Party,3663,15,3678
Punjab,Faridkot,9,Sukhdev Singh,Hindustan Shakti Sena,1780,5,1785
Punjab,Faridkot,10,Chanan Singh Wattu,Bahujan Mukti Party,1296,17,1313
Punjab,Faridkot,11,Parminder Singh,Bharat Prabhat Party,799,11,810
Punjab,Faridkot,12,Master Baldev Singh,Punjab Ekta Party,43794,138,43932
Punjab,Faridkot,13,Bhola Singh,Bhartiya Lok Seva Dal,3455,7,3462
Punjab,Faridkot,14,Rajinder Kaur Safri,Rashtriya Janshakti Party (Secular),2128,10,2138
Punjab,Faridkot,15,Veerpal Kaur,Samaj Adhikar Kalyan Party,1765,20,1785
Punjab,Faridkot,16,Jaswinder Singh,Independent,4909,3,4912
Punjab,Faridkot,17,Jagmeet Singh,Independent,2089,2,2091
Punjab,Faridkot,18,Darshan Singh,Independent,2052,2,2054
Punjab,Faridkot,19,Nanak Singh Chauhan,Independent,1404,11,1415
Punjab,Faridkot,20,Badal Singh,Independent,2113,4,2117
Punjab,Faridkot,21,NOTA,None of the Above,19053,193,19246
Punjab,Fatehgarh Sahib,1,AMAR SINGH,Indian National Congress,410723,928,411651
Punjab,Fatehgarh Sahib,2,DARBARA SINGH GURU,Shiromani Akali Dal,316999,754,317753
Punjab,Fatehgarh Sahib,3,BANDEEP SINGH,Aam Aadmi Party,62553,328,62881
Punjab,Fatehgarh Sahib,4,ASHOK KUMAR,Rashtriya Lokswaraj Party,3285,11,3296
Punjab,Fatehgarh Sahib,5,SURJIT SINGH KANG,Bhartiya Lok Seva Dal,3433,36,3469
Punjab,Fatehgarh Sahib,6,HARCHAND SINGH,Revolutionary Socialist Party,1730,3,1733
Punjab,Fatehgarh Sahib,7,KAMALJEET SINGH,Democratic Party of India (Ambedkar),2352,35,2387
Punjab,Fatehgarh Sahib,8,GURJIT SINGH,Sarvjan Sewa Party,935,7,942
Punjab,Fatehgarh Sahib,9,GURBACHAN SINGH,Samaj Adhikar Kalyan Party,1302,8,1310
Punjab,Fatehgarh Sahib,10,BALWINDER KAUR,Jai Jawan Jai Kisan Party,1262,27,1289
Punjab,Fatehgarh Sahib,11,MANWINDER SINGH GIASPURA,Lok Insaaf Party,142072,202,142274
Punjab,Fatehgarh Sahib,12,RAM SINGH RAISAL,Ambedkarite Party of India,1932,7,1939
Punjab,Fatehgarh Sahib,13,VINOD KUMAR,Bharat Prabhat Party,1102,20,1122
Punjab,Fatehgarh Sahib,14,KARANDEEP SINGH,Independent,1044,0,1044
Punjab,Fatehgarh Sahib,15,KULDEEP SINGH SAHOTA,Independent,4694,5,4699
Punjab,Fatehgarh Sahib,16,GURCHARAN SINGH MACHHIWARA,Independent,4972,14,4986
Punjab,Fatehgarh Sahib,17,ADVOCATE PRABHJOT SINGH,Independent,3939,3,3942
Punjab,Fatehgarh Sahib,18,PREM SINGH MOHANPUR,Independent,2554,5,2559
Punjab,Fatehgarh Sahib,19,BALKAR SINGH,Independent,1858,3,1861
Punjab,Fatehgarh Sahib,20,LACHHMAN SINGH,Independent,1760,6,1766
Punjab,Fatehgarh Sahib,21,NOTA,None of the Above,12985,60,13045
Punjab,Firozpur,1,SUKHBIR SINGH BADAL,Shiromani Akali Dal,631100,2327,633427
Punjab,Firozpur,2,SHER SINGH GHUBAYA,Indian National Congress,432964,1613,434577
Punjab,Firozpur,3,HANS RAJ GOLDEN,Communist Party of India,25967,161,26128
Punjab,Firozpur,4,HARJINDER SINGH KAKA SRAN,Aam Aadmi Party,31240,632,31872
Punjab,Firozpur,5,SUNNY BAWA,Akhil Bhartiya Apna Dal,1056,16,1072
Punjab,Firozpur,6,SUKHJIT SINGH,Bhartiya Lok Seva Dal,1580,46,1626
Punjab,Firozpur,7,HARMANDER SINGH,Samaj Adhikar Kalyan Party,518,5,523
Punjab,Firozpur,8,NARESH KUMAR,Hindustan Shakti Sena,1758,3,1761
Punjab,Firozpur,9,BALWANT SINGH KHALSA,Janral Samaj Party,1185,9,1194
Punjab,Firozpur,10,MADAN LAL,Republican Party of India (Reformist),947,5,952
Punjab,Firozpur,11,SATNAM SINGH SON OF GURDEEP SINGH,Independent,747,3,750
Punjab,Firozpur,12,SATNAM SINGH SON OF BALWANT SINGH,Independent,900,9,909
Punjab,Firozpur,13,SUSHIL KUMAR,Independent,817,7,824
Punjab,Firozpur,14,SURJIT SINGH,Independent,1032,2,1034
Punjab,Firozpur,15,KASHMIR SINGH,Independent,2386,1,2387
Punjab,Firozpur,16,KULDEEP SINGH,Independent,5088,4,5092
Punjab,Firozpur,17,JATINDER SINGH THIND,Independent,6791,13,6804
Punjab,Firozpur,18,PARWINDER SINGH,Independent,2404,0,2404
Punjab,Firozpur,19,PALA SINGH,Independent,963,1,964
Punjab,Firozpur,20,BALKAR SINGH,Independent,1411,0,1411
Punjab,Firozpur,21,BUTA RAM GULATI,Independent,697,3,700
Punjab,Firozpur,22,MANOJ KUMAR,Independent,730,1,731
Punjab,Firozpur,23,NOTA,None of the Above,14436,455,14891
Punjab,Gurdaspur,1,SUNNY DEOL,Bharatiya Janata Party,551177,7542,558719
Punjab,Gurdaspur,2,SUNIL JAKHAR,Indian National Congress,474168,2092,476260
Punjab,Gurdaspur,3,PETER MASIH,Aam Aadmi Party,27401,343,27744
Punjab,Gurdaspur,4,ASHWANI KUMAR HAPPY,Communist Party of India (Marxist-Leninist) (Liberation),2422,47,2469
Punjab,Gurdaspur,5,JASBIR SINGH,Bahujan Samaj Party (Ambedkar),714,87,801
Punjab,Gurdaspur,6,PRITAM SINGH BHATTI,Janral Samaj Party,1173,68,1241
Punjab,Gurdaspur,7,MANGAL SINGH,Democratic Party of India,463,36,499
Punjab,Gurdaspur,8,YASH PAUL,Bahujan Mukti Party,643,23,666
Punjab,Gurdaspur,9,LAL CHAND KATARU CHAK,Revolutionary Marxist Party of India,15210,64,15274
Punjab,Gurdaspur,10,AMANDEEP SINGH GHOTRA,Independent,880,8,888
Punjab,Gurdaspur,11,SUKRIT SHARDA,Independent,1795,6,1801
Punjab,Gurdaspur,12,HARPREET SINGH,Independent,772,28,800
Punjab,Gurdaspur,13,KARAM SINGH,Independent,1053,12,1065
Punjab,Gurdaspur,14,KASIM DEEN,Independent,3130,6,3136
Punjab,Gurdaspur,15,PARAMPREET SINGH,Independent,2953,11,2964
Punjab,Gurdaspur,16,NOTA,None of the Above,9474,86,9560
Punjab,Hoshiarpur,1,SOM PARKASH,Bharatiya Janata Party,416711,4609,421320
Punjab,Hoshiarpur,2,KHUSHI RAM,Bahujan Samaj Party,128215,349,128564
Punjab,Hoshiarpur,3,Dr. RAVJOT SINGH,Aam Aadmi Party,44207,707,44914
Punjab,Hoshiarpur,4,Dr. RAJ KUMAR CHABBEWAL,Indian National Congress,369719,3071,372790
Punjab,Hoshiarpur,5,DHARAM PAL,Nationalist Justice Party,2895,7,2902
Punjab,Hoshiarpur,6,PARAMJIT SINGH (FAUJI BOOTHGARH),Samaj Bhalai Morcha,2845,72,2917
Punjab,Hoshiarpur,7,TILAK RAJ (VAID),Independent,2256,8,2264
Punjab,Hoshiarpur,8,DAVINDER SINGH,Independent,2239,13,2252
Punjab,Hoshiarpur,9,NOTA,None of the Above,12755,113,12868
Punjab,Jalandhar,1,Santokh Singh Chaudhary,Indian National Congress,385449,263,385712
Punjab,Jalandhar,2,Charanjit Singh Atwal,Shiromani Akali Dal,365934,287,366221
Punjab,Jalandhar,3,Justice (Retd.) Jora Singh,Aam Aadmi Party,25382,85,25467
Punjab,Jalandhar,4,Balwinder Kumar,Bahujan Samaj Party,204712,71,204783
Punjab,Jalandhar,5,Urmilla,Ambedkar National Congress,1330,10,1340
Punjab,Jalandhar,6,Subhash Goria,Shivsena,2443,27,2470
Punjab,Jalandhar,7,Hari Mitter,Peoples Party of India (Democratic),1188,3,1191
Punjab,Jalandhar,8,Gurupal Singh,Bharat Prabhat Party,492,8,500
Punjab,Jalandhar,9,Jagan Nath Bajwa,Hum Bhartiya Party,1428,2,1430
Punjab,Jalandhar,10,Tara Singh Gill,Bahujan Samaj Party (Ambedkar),2458,5,2463
Punjab,Jalandhar,11,Parkash Chand Jassal,Republican Party of India (A),683,1,684
Punjab,Jalandhar,12,Baljinder Sodhi,Nationalist Justice Party,845,0,845
Punjab,Jalandhar,13,Ramesh Lal Kala,Bahujan Mukti Party,921,0,921
Punjab,Jalandhar,14,Opkar Singh Bakhshi,Independent,1087,1,1088
Punjab,Jalandhar,15,Amrish Kumar,Independent,1591,0,1591
Punjab,Jalandhar,16,Sukhdev Singh,Independent,3154,0,3154
Punjab,Jalandhar,17,Kashmir Singh Ghugshore,Independent,4099,1,4100
Punjab,Jalandhar,18,Valmikacharaya Nitya Anand,Independent,1856,2,1858
Punjab,Jalandhar,19,Neetu Shutteran Wala,Independent,856,0,856
Punjab,Jalandhar,20,NOTA,None of the Above,12301,23,12324
Punjab,Khadoor Sahib,1,JASBIR SINGH GILL (DIMPA),Indian National Congress,457990,1720,459710
Punjab,Khadoor Sahib,2,BIBI JAGIR KAUR,Shiromani Akali Dal,317690,1447,319137
Punjab,Khadoor Sahib,3,MANJINDER SINGH SIDHU,Aam Aadmi Party,13155,501,13656
Punjab,Khadoor Sahib,4,STEPHEN BHATTI,Shivsena,1891,348,2239
Punjab,Khadoor Sahib,5,SANTOKH SINGH (SUKH),Hindustan Shakti Sena,2495,46,2541
Punjab,Khadoor Sahib,6,SURJIT SINGH,Shiromani Lok Dal Party,941,43,984
Punjab,Khadoor Sahib,7,KHAJAN SINGH,Nationalist Justice Party,1438,18,1456
Punjab,Khadoor Sahib,8,PARAMJIT KAUR KHALRA,Punjab Ekta Party,213550,939,214489
Punjab,Khadoor Sahib,9,PARWINDER SINGH,Democratic Party of India (Ambedkar),1682,45,1727
Punjab,Khadoor Sahib,10,PURAN SINGH SHEIKH,Bahujan Samaj Party (Ambedkar),2366,86,2452
Punjab,Khadoor Sahib,11,ONKAR SINGH UPPAL,Independent,1145,16,1161
Punjab,Khadoor Sahib,12,SUKHWANT SINGH CHUSLEWARH,Independent,1030,22,1052
Punjab,Khadoor Sahib,13,SURJIT SINGH BHIKHIWIND,Independent,1201,14,1215
Punjab,Khadoor Sahib,14,HARJIT KAUR,Independent,1296,45,1341
Punjab,Khadoor Sahib,15,JAGIR KAUR,Independent,4295,16,4311
Punjab,Khadoor Sahib,16,PARAMJIT SINGH,Independent,5166,3,5169
Punjab,Khadoor Sahib,17,PARAMJIT KAUR KHAMBRA,Independent,4917,26,4943
Punjab,Khadoor Sahib,18,PARMINDER SINGH HEERA KHALRA,Independent,2177,4,2181
Punjab,Khadoor Sahib,19,MOHAN SINGH,Independent,1129,9,1138
Punjab,Khadoor Sahib,20,NOTA,None of the Above,5082,48,5130
Punjab,Ludhiana,1,BABA SUKHWINDER SINGH GILL,Nationalist Congress Party,1992,112,2104
Punjab,Ludhiana,2,PROF. TEJ PAL SINGH GILL,Aam Aadmi Party,15794,151,15945
Punjab,Ludhiana,3,MAHESHINDER SINGH GREWAL,Shiromani Akali Dal,298963,472,299435
Punjab,Ludhiana,4,RAVNEET SINGH BITTU,Indian National Congress,383284,511,383795
Punjab,Ludhiana,5,BABA AMARJIT SINGH KHALSA,Bhartiya Lok Seva Dal,3171,40,3211
Punjab,Ludhiana,6,SIMARJEET SINGH BAINS,Lok Insaaf Party,306786,637,307423
Punjab,Ludhiana,7,DARSHAN SINGH DABA,Jai Jawan Jai Kisan Party,1335,11,1346
Punjab,Ludhiana,8,DALJIT SINGH,People's Party of India(secular),1593,4,1597
Punjab,Ludhiana,9,DEVINDER BHAGRIA,Hindustan Shakti Sena,3593,1,3594
Punjab,Ludhiana,10,DILDAR SINGH,Ambedkarite Party of India,1244,10,1254
Punjab,Ludhiana,11,PARDEEP BAWA,Samaj Adhikar Kalyan Party,1158,0,1158
Punjab,Ludhiana,12,DR. BRIJESH KUMAR BANGAR,Peoples Party of India (Democratic),1169,6,1175
Punjab,Ludhiana,13,BALJIT SINGH,Bharat Prabhat Party,1633,7,1640
Punjab,Ludhiana,14,Er. BALDEV RAJ KATNA,Nationalist Justice Party,1326,2,1328
Punjab,Ludhiana,15,BINTU KUMAR TAANK ( B.K. TAANK),Ambedkar National Congress,1057,3,1060
Punjab,Ludhiana,16,MOHD. NASEEM ANSARI,Rashtriya Sahara Party,1867,4,1871
Punjab,Ludhiana,17,RAJINDER GHAI,Hindu Samaj Party,1010,4,1014
Punjab,Ludhiana,18,VAID RAM SINGH DEAPAK,Bahujan Mukti Party,948,4,952
Punjab,Ludhiana,19,JASDEEP SINGH SODHI,Independent,1533,2,1535
Punjab,Ludhiana,20,JAI PARKASH JAIN (TITU BANIYA),Independent,2723,3,2726
Punjab,Ludhiana,21,MOHINDER SINGH,Independent,894,1,895
Punjab,Ludhiana,22,RAVINDER PAL SINGH (BABA JI BURGER WALE),Independent,1357,2,1359
Punjab,Ludhiana,23,NOTA,None of the Above,10458,80,10538
Punjab,Patiala,1,Surjit Singh Rakhra,Shiromani Akali Dal,368498,811,369309
Punjab,Patiala,2,Neena Mittal,Aam Aadmi Party,56610,267,56877
Punjab,Patiala,3,Preneet Kaur,Indian National Congress,531178,849,532027
Punjab,Patiala,4,Ashwani Kumar,Shivsena,4840,77,4917
Punjab,Patiala,5,Ajaib Singh,Rashtriya Janshakti Party (Secular),1505,13,1518
Punjab,Patiala,6,Harpal Singh,Ambedkarite Party of India,2409,30,2439
Punjab,Patiala,7,Kshmakant Pandey,Hindustan Shakti Sena,4299,9,4308
Punjab,Patiala,8,Dharam Vira Gandhi,Nawan Punjab Party,161388,257,161645
Punjab,Patiala,9,Amarpreet Singh,Independent,1834,5,1839
Punjab,Patiala,10,Shankar Lal,Independent,799,4,803
Punjab,Patiala,11,Harbhajan Singh Virk,Independent,1608,5,1613
Punjab,Patiala,12,Gurnam Singh,Independent,759,3,762
Punjab,Patiala,13,Jasbir Singh,Independent,1123,3,1126
Punjab,Patiala,14,Jagmail Singh,Independent,2273,1,2274
Punjab,Patiala,15,Parminder Kumar,Independent,1345,0,1345
Punjab,Patiala,16,Parveen Kumar,Independent,4746,1,4747
Punjab,Patiala,17,Banwari Lal,Independent,8111,2,8113
Punjab,Patiala,18,Baldeep Singh,Independent,1497,2,1499
Punjab,Patiala,19,Makhan Singh,Independent,2808,0,2808
Punjab,Patiala,20,Manjeet Singh,Independent,1061,1,1062
Punjab,Patiala,21,Mohan Lal,Independent,985,1,986
Punjab,Patiala,22,Randhir Singh Khangura,Independent,1021,2,1023
Punjab,Patiala,23,Rajesh Kumar,Independent,1283,1,1284
Punjab,Patiala,24,Rishabh Sharma,Independent,1390,0,1390
Punjab,Patiala,25,Lal Chand,Independent,1077,2,1079
Punjab,Patiala,26,NOTA,None of the Above,11081,29,11110
Punjab,Sangrur,1,KEWAL SINGH DHILLON,Indian National Congress,302559,791,303350
Punjab,Sangrur,2,PARMINDER SINGH DHINDSA,Shiromani Akali Dal,262622,876,263498
Punjab,Sangrur,3,BHAGWANT MANN,Aam Aadmi Party,412201,1360,413561
Punjab,Sangrur,4,SIMRANJIT SINGH MANN,Shiromani Akali Dal (Amritsar)(Simranjit Singh Mann),48234,131,48365
Punjab,Sangrur,5,GURNAM SINGH BHIKHI,Communist Party of India (Marxist-Leninist) (Liberation),2748,18,2766
Punjab,Sangrur,6,JASRAJ SINGH LONGIA,Lok Insaaf Party,20016,71,20087
Punjab,Sangrur,7,JASWANT SINGH,Rashtriya Janshakti Party (Secular),1643,10,1653
Punjab,Sangrur,8,JAGMOHAN KRISHAN THAKUR,Janral Samaj Party,7354,21,7375
Punjab,Sangrur,9,NAJEERA BEGAM,Rashtriya Sahara Party,1269,20,1289
Punjab,Sangrur,10,BALWINDER SINGH SANDHU,Bharat Prabhat Party,857,22,879
Punjab,Sangrur,11,MOHINDERPAL SINGH DANGARH,Bhartiya Lok Seva Dal,3871,10,3881
Punjab,Sangrur,12,MANISH KUMAR,Bhartiya Janraj Party,1890,76,1966
Punjab,Sangrur,13,MALVINDER SINGH BENIPAL,Janata Dal (United),2718,8,2726
Punjab,Sangrur,14,Rajvir Kaur,Hindustan Shakti Sena,3873,18,3891
Punjab,Sangrur,15,VIJAY AGGARWAL,Bhartiya Shakti Chetna Party,2299,5,2304
Punjab,Sangrur,16,SUKHWINDER SINGH,Independent,5242,1,5243
Punjab,Sangrur,17,GURJEET SINGH,Independent,2837,2,2839
Punjab,Sangrur,18,TULSI SINGH,Independent,1502,3,1505
Punjab,Sangrur,19,DAYAL CHAND,Independent,2022,2,2024
Punjab,Sangrur,20,DESA SINGH,Independent,3794,3,3797
Punjab,Sangrur,21,PAPPU KUMAR,Independent,748,2,750
Punjab,Sangrur,22,BAGGA SINGH KAHNE-KE,Independent,1160,2,1162
Punjab,Sangrur,23,BALJIT KAUR,Independent,1546,17,1563
Punjab,Sangrur,24,BHANTBIR SINGH,Independent,1415,2,1417
Punjab,Sangrur,25,RAJ KUMAR,Independent,1507,0,1507
Punjab,Sangrur,26,NOTA,None of the Above,6426,64,6490
Rajasthan,Ajmer,1,Durga Lal Regar,Bahujan Samaj Party,13547,71,13618
Rajasthan,Ajmer,2,Bhagirath Chaudhary,Bharatiya Janata Party,811091,3985,815076
Rajasthan,Ajmer,3,Riju Jhunjhunwala,Indian National Congress,397420,1232,398652
Rajasthan,Ajmer,4,Vishram Babu,Ambedkarite Party of India,13036,5,13041
Rajasthan,Ajmer,5,Pramod Kumar,Independent,2772,1,2773
Rajasthan,Ajmer,6,Mukesh Gena,Independent,4649,3,4652
Rajasthan,Ajmer,7,Soniya Regar,Independent,4814,10,4824
Rajasthan,Ajmer,8,NOTA,None of the Above,9549,29,9578
Rajasthan,Alwar,1,Imran Khan,Bahujan Samaj Party,56399,250,56649
Rajasthan,Alwar,2,Bhanwar Jitendra Singh,Indian National Congress,426794,3436,430230
Rajasthan,Alwar,3,Balak Nath,Bharatiya Janata Party,750580,9621,760201
Rajasthan,Alwar,4,Anoop Kumar Meghwal,Pragatishil Samajwadi Party (Lohia),3426,18,3444
Rajasthan,Alwar,5,Amit Jangir,Ambedkarite Party of India,1591,10,1601
Rajasthan,Alwar,6,Gulab Singh,Poorvanchal Rashtriya Congress,624,2,626
Rajasthan,Alwar,7,Advocate Amit Kumar Gupta,Independent,795,13,808
Rajasthan,Alwar,8,Anand Kumar Sain,Independent,1298,5,1303
Rajasthan,Alwar,9,Tilak Raj Munjal,Independent,896,7,903
Rajasthan,Alwar,10,Pawan Kumar Jain,Independent,2533,0,2533
Rajasthan,Alwar,11,Madan Lal,Independent,1986,5,1991
Rajasthan,Alwar,12,NOTA,None of the Above,5331,54,5385
Rajasthan,Banswara,1,KANAKMAL KATARA,Bharatiya Janata Party,710684,1025,711709
Rajasthan,Banswara,2,TARACHAND BHAGORA,Indian National Congress,405874,371,406245
Rajasthan,Banswara,3,BAPULAL,Bahujan Samaj Party,26169,3,26172
Rajasthan,Banswara,4,KANTILAL ROAT,Bhartiya Tribal Party,249964,797,250761
Rajasthan,Banswara,5,NITESH DAMOR,Independent,14822,0,14822
Rajasthan,Banswara,6,NOTA,None of the Above,29957,5,29962
Rajasthan,Barmer,1,KAILASH CHOUDHARY,Bharatiya Janata Party,844104,2422,846526
Rajasthan,Barmer,2,MANVENDRA SINGH,Indian National Congress,520856,1862,522718
Rajasthan,Barmer,3,RAMESH KUMAR,Bahujan Mukti Party,16663,36,16699
Rajasthan,Barmer,4,POPATLAL,Independent,3359,1,3360
Rajasthan,Barmer,5,BHERARAM JAKHAR,Independent,2385,0,2385
Rajasthan,Barmer,6,MULA RAM,Independent,3516,1,3517
Rajasthan,Barmer,7,HANEEF,Independent,8069,1,8070
Rajasthan,Barmer,8,NOTA,None of the Above,18989,7,18996
Rajasthan,BHARATPUR,1,ABHIJEET KUMAR JATAV,Indian National Congress,387863,1730,389593
Rajasthan,BHARATPUR,2,RANJEETA KOLI,Bharatiya Janata Party,701293,6699,707992
Rajasthan,BHARATPUR,3,SURAJ PRADHAN JATAV,Bahujan Samaj Party,31497,118,31615
Rajasthan,BHARATPUR,4,MANGAL RAM GODRA,Ambedkarite Party of India,5712,3,5715
Rajasthan,BHARATPUR,5,GHANSHYAM SINGH YADAV,Independent,1004,9,1013
Rajasthan,BHARATPUR,6,TEJVEER SINGH,Independent,1093,5,1098
Rajasthan,BHARATPUR,7,PURUSHOTTAM BABA,Independent,1891,6,1897
Rajasthan,BHARATPUR,8,SUNIL,Independent,2232,4,2236
Rajasthan,BHARATPUR,9,NOTA,None of the Above,5583,55,5638
Rajasthan,Bhilwara,1,RAM PAL SHARMA,Indian National Congress,325145,1015,326160
Rajasthan,Bhilwara,2,SHIVLAL GURJAR,Bahujan Samaj Party,15599,28,15627
Rajasthan,Bhilwara,3,SUBHASH CHANDRA BAHERIA,Bharatiya Janata Party,936065,2095,938160
Rajasthan,Bhilwara,4,PAWAN KUMAR SHARMA,Right to Recall Party,13140,8,13148
Rajasthan,Bhilwara,5,NOTA,None of the Above,17388,30,17418
Rajasthan,Bikaner (SC),1,ARJUN RAM MEGHWAL,Bharatiya Janata Party,655427,2316,657743
Rajasthan,Bikaner (SC),2,BHAIRA RAM,Bahujan Samaj Party,11357,55,11412
Rajasthan,Bikaner (SC),3,MADAN GOPAL MEGHWAL,Indian National Congress,392268,1394,393662
Rajasthan,Bikaner (SC),4,SHYOPAT RAM,Communist Party of India (Marxist),8971,26,8997
Rajasthan,Bikaner (SC),5,GHANSHYAM MEGHWAL,Ambedkarite Party of India,3739,13,3752
Rajasthan,Bikaner (SC),6,TRILOKI NARAYAN HATILA,Jan Sangharsh Virat Party,1769,5,1774
Rajasthan,Bikaner (SC),7,PUNAM CHAND ALIAS PUNEET DHAL,Hindusthan Nirman Dal,1743,2,1745
Rajasthan,Bikaner (SC),8,ARJUN RAM,Independent,3445,2,3447
Rajasthan,Bikaner (SC),9,BABULAL,Independent,3553,3,3556
Rajasthan,Bikaner (SC),10,NOTA,None of the Above,13426,84,13510
Rajasthan,Chittorgarh,1,Gopal Singh Shekhawat,Indian National Congress,405681,1014,406695
Rajasthan,Chittorgarh,2,Chandra Prakash Joshi,Bharatiya Janata Party,979946,2996,982942
Rajasthan,Chittorgarh,3,Dr. Jagdish Chandra Sharma,Bahujan Samaj Party,13458,26,13484
Rajasthan,Chittorgarh,4,Radha Bhandari,Communist Party of India,9923,1,9924
Rajasthan,Chittorgarh,5,Gopal Dhakad,Right to Recall Party,2791,2,2793
Rajasthan,Chittorgarh,6,Jai Prakash Regar,Ambedkarite Party of India,4218,15,4233
Rajasthan,Chittorgarh,7,Prakash Chandra Meena,Bhartiya Tribal Party,5393,198,5591
Rajasthan,Chittorgarh,8,Mangilal Meena,Satya Bahumat Party,2314,2,2316
Rajasthan,Chittorgarh,9,Gulab Sehlot,Independent,4225,0,4225
Rajasthan,Chittorgarh,10,Shamshuddin,Independent,9027,2,9029
Rajasthan,Chittorgarh,11,NOTA,None of the Above,17513,15,17528
Rajasthan,Churu,1,BALWAN POONIA,Communist Party of India (Marxist),24892,198,25090
Rajasthan,Churu,2,RAFIQUE MANDELIA,Indian National Congress,457117,1480,458597
Rajasthan,Churu,3,RAHUL KASWAN,Bharatiya Janata Party,786573,6426,792999
Rajasthan,Churu,4,HARI SINGH,Bahujan Samaj Party,16059,57,16116
Rajasthan,Churu,5,GOMATI DHARAMPAL KATARIA,Bharat Rakshak Party (Democratic),1619,2,1621
Rajasthan,Churu,6,SATYAPAL BAUDDH,Ambedkarite Party of India,3077,3,3080
Rajasthan,Churu,7,ASLAM,Independent,1427,0,1427
Rajasthan,Churu,8,KUMBHA RAM MEENA,Independent,3503,4,3507
Rajasthan,Churu,9,DARARAM NAYAK,Independent,1570,3,1573
Rajasthan,Churu,10,BISHANARAM,Independent,3325,1,3326
Rajasthan,Churu,11,SHEELA SHEKHAWAT,Independent,6481,45,6526
Rajasthan,Churu,12,SUKHADEV MEGHWAL,Independent,4575,7,4582
Rajasthan,Churu,13,NOTA,None of the Above,9933,45,9978
Rajasthan,Dausa,1,Jaskaur Meena,Bharatiya Janata Party,545481,3252,548733
Rajasthan,Dausa,2,Dwarka Prasad Maheshwara,Bahujan Samaj Party,13363,51,13414
Rajasthan,Dausa,3,Savita Meena,Indian National Congress,467458,2831,470289
Rajasthan,Dausa,4,Chandra Prakash Meena,Nationalist People's Front,5796,2,5798
Rajasthan,Dausa,5,Ramphool Meena,Ambedkarite Party of India,4990,9,4999
Rajasthan,Dausa,6,Rinku Kumar Meena,Peoples Party of India (Democratic),930,1,931
Rajasthan,Dausa,7,Anju Dhanka,Independent,2413,13,2426
Rajasthan,Dausa,8,Bimla Devi Meena,Independent,1190,0,1190
Rajasthan,Dausa,9,Bharti Meena,Independent,2027,7,2034
Rajasthan,Dausa,10,Maliram Nayaka,Independent,3002,0,3002
Rajasthan,Dausa,11,Radhey Shyam Meena,Independent,2624,0,2624
Rajasthan,Dausa,12,NOTA,None of the Above,7373,21,7394
Rajasthan,Ganganagar,1,NIHAL CHAND,Bharatiya Janata Party,892744,4433,897177
Rajasthan,Ganganagar,2,BHARAT RAM MEGHWAL,Indian National Congress,487597,2602,490199
Rajasthan,Ganganagar,3,RAVTARAM,Communist Party of India,18293,16,18309
Rajasthan,Ganganagar,4,LUNARAMA,Bahujan Samaj Party,11497,82,11579
Rajasthan,Ganganagar,5,TITARA SINGH,Independent,2696,30,2726
Rajasthan,Ganganagar,6,NARESH KUMAR,Independent,1815,5,1820
Rajasthan,Ganganagar,7,DR. BALKRISHAN PANWAR,Independent,6823,55,6878
Rajasthan,Ganganagar,8,BHAJAN SINGH GHAROO,Independent,3398,16,3414
Rajasthan,Ganganagar,9,SATISH KUMAR,Independent,4111,9,4120
Rajasthan,Ganganagar,10,NOTA,None of the Above,15420,123,15543
Rajasthan,Jaipur,1,Umrao Salodia,Bahujan Samaj Party,7777,90,7867
Rajasthan,Jaipur,2,Jyoti Khandelwal,Indian National Congress,490741,2698,493439
Rajasthan,Jaipur,3,Ramcharan Bohra,Bharatiya Janata Party,918472,5593,924065
Rajasthan,Jaipur,4,Kuldeep Singh,SOCIALIST UNITY CENTRE OF INDIA (COMMUNIST),2621,2,2623
Rajasthan,Jaipur,5,Kailash Chand Jagarwal,Ambedkarite Party of India,881,3,884
Rajasthan,Jaipur,6,Bhanwar Lal Joshi,Rashtriya Jansambhavna Party,505,1,506
Rajasthan,Jaipur,7,Ram Sahay Meena Kalky,Peoples Party of India (Democratic),1818,2,1820
Rajasthan,Jaipur,8,Sanjay Garg,Swarna Bharat Party,507,1,508
Rajasthan,Jaipur,9,P. Trilok Tiwari,Rashtriya Samta Vikas Party,347,2,349
Rajasthan,Jaipur,10,Kamal Bhargav,Independent,358,0,358
Rajasthan,Jaipur,11,Pankaj Patel,Independent,327,0,327
Rajasthan,Jaipur,12,Prashant Saini,Independent,382,2,384
Rajasthan,Jaipur,13,Babita Wadhwani,Independent,672,0,672
Rajasthan,Jaipur,14,Manoj Kumar Joshi,Independent,1496,0,1496
Rajasthan,Jaipur,15,Yakub Khan,Independent,1630,0,1630
Rajasthan,Jaipur,16,Yogesh Sharma,Independent,3356,0,3356
Rajasthan,Jaipur,17,Ram Charan Joshi,Independent,2186,1,2187
Rajasthan,Jaipur,18,Ram Janki Swami,Independent,2049,9,2058
Rajasthan,Jaipur,19,Ramlal Dhanaka,Independent,1534,2,1536
Rajasthan,Jaipur,20,Vinay Kumar Varma,Independent,1522,0,1522
Rajasthan,Jaipur,21,Virad Singla,Independent,253,0,253
Rajasthan,Jaipur,22,Sharad Chand Jain,Independent,252,2,254
Rajasthan,Jaipur,23,Shobhal Singh,Independent,1345,3,1348
Rajasthan,Jaipur,24,Haripal Bairwa,Independent,438,2,440
Rajasthan,Jaipur,25,NOTA,None of the Above,6455,67,6522
Rajasthan,Jaipur Rural,1,KRISHNA POONIA,Indian National Congress,422223,4738,426961
Rajasthan,Jaipur Rural,2,COL. RAJYAVARDHAN RATHORE,Bharatiya Janata Party,811626,8506,820132
Rajasthan,Jaipur Rural,3,VIRENDER SINGH BIDHURI,Bahujan Samaj Party,7913,63,7976
Rajasthan,Jaipur Rural,4,RAJENDRA KUMAR,Ambedkarite Party of India,3788,12,3800
Rajasthan,Jaipur Rural,5,RAM NIWAS NENAWAT MEGHAWAL,Bharat Rakshak Party (Democratic),1243,16,1259
Rajasthan,Jaipur Rural,6,BANWARI LAL MEENA,Independent,1221,13,1234
Rajasthan,Jaipur Rural,7,RAMSINGH KASANA,Independent,1826,8,1834
Rajasthan,Jaipur Rural,8,VINOD SHARMA,Independent,4143,3,4146
Rajasthan,Jaipur Rural,9,NOTA,None of the Above,9313,38,9351
Rajasthan,Jalore,1,Devaji Patel,Bharatiya Janata Party,772383,450,772833
Rajasthan,Jalore,2,Ratan Devasi,Indian National Congress,511363,360,511723
Rajasthan,Jalore,3,Kaluram,Rashtriya Rashtrawadi Party,12283,1,12284
Rajasthan,Jalore,4,Bhanwerlal,Bahujan Mukti Party,3341,3,3344
Rajasthan,Jalore,5,Ramprasad Jatav,Ambedkarite Party of India,3879,0,3879
Rajasthan,Jalore,6,Vijay Shree,Shivsena,2907,1,2908
Rajasthan,Jalore,7,Kapoora Ram Meena,Independent,1312,2,1314
Rajasthan,Jalore,8,Kheta Ram,Independent,1224,0,1224
Rajasthan,Jalore,9,Dinesh Singh,Independent,3248,0,3248
Rajasthan,Jalore,10,Nimbaram,Independent,2016,0,2016
Rajasthan,Jalore,11,Bhavaram,Independent,2527,0,2527
Rajasthan,Jalore,12,Bheraram Barar (Meghwal),Independent,3321,0,3321
Rajasthan,Jalore,13,Mohanlal,Independent,3466,0,3466
Rajasthan,Jalore,14,Lakharam Choudhary,Independent,6333,0,6333
Rajasthan,Jalore,15,Lukaram,Independent,13485,0,13485
Rajasthan,Jalore,16,NOTA,None of the Above,17711,3,17714
Rajasthan,JHALAWAR-BARAN,1,DUSHYANT SINGH,Bharatiya Janata Party,887017,383,887400
Rajasthan,JHALAWAR-BARAN,2,PRAMOD SHARMA,Indian National Congress,433272,200,433472
Rajasthan,JHALAWAR-BARAN,3,BADREE LAL,Bahujan Samaj Party,13336,2,13338
Rajasthan,JHALAWAR-BARAN,4,ABDUL QAYYUM SIDDIQUI,Independent,3344,0,3344
Rajasthan,JHALAWAR-BARAN,5,PRINCE MEENA,Independent,2701,4,2705
Rajasthan,JHALAWAR-BARAN,6,MOHAMMAD NASIR,Independent,5107,0,5107
Rajasthan,JHALAWAR-BARAN,7,HARISH KUMAR DHAKAR,Independent,7421,1,7422
Rajasthan,JHALAWAR-BARAN,8,NOTA,None of the Above,17078,2,17080
Rajasthan,Jhunjhunu,1,NARENDRA KUMAR,Bharatiya Janata Party,722994,15169,738163
Rajasthan,Jhunjhunu,2,SHARWAN KUMAR S/O GOKAL RAM,Indian National Congress,431973,3643,435616
Rajasthan,Jhunjhunu,3,AJAY PAL,Bahujan Mukti Party,4195,72,4267
Rajasthan,Jhunjhunu,4,KRISHAN KUMAR JANGIR,Rashtriya Mangalam Party,788,10,798
Rajasthan,Jhunjhunu,5,Dr. TEJPAL KATEWA,Right to Recall Party,784,19,803
Rajasthan,Jhunjhunu,6,MAHANT AKASH GIRI,Independent,612,5,617
Rajasthan,Jhunjhunu,7,KAILASH KARWASARA,Independent,668,10,678
Rajasthan,Jhunjhunu,8,GURU GOKUL CHAND RASHTRAWADI,Independent,502,0,502
Rajasthan,Jhunjhunu,9,BALDEV PRASAD SAINI,Independent,714,14,728
Rajasthan,Jhunjhunu,10,BHIM SINGH,Independent,1236,2,1238
Rajasthan,Jhunjhunu,11,MOHD. YUNUS,Independent,1433,5,1438
Rajasthan,Jhunjhunu,12,SHARWAN KUMAR S/O HUKMA RAM,Independent,5573,9,5582
Rajasthan,Jhunjhunu,13,NOTA,None of the Above,8415,82,8497
Rajasthan,Jodhpur,1,Gajendra Singh Shekhawat,Bharatiya Janata Party,781166,7722,788888
Rajasthan,Jodhpur,2,Mukul Chaudhary,Bahujan Samaj Party,11646,57,11703
Rajasthan,Jodhpur,3,Vaibhav Gehlot,Indian National Congress,511052,3396,514448
Rajasthan,Jodhpur,4,Amar Singh Kalundha,Bhartiya Tribal Party,7235,28,7263
Rajasthan,Jodhpur,5,Anil Joya Meghwal,Independent,1322,5,1327
Rajasthan,Jodhpur,6,Chand Mohammad,Independent,900,1,901
Rajasthan,Jodhpur,7,Tasleem,Independent,929,4,933
Rajasthan,Jodhpur,8,Moda Ram Meghwal,Independent,1516,3,1519
Rajasthan,Jodhpur,9,Vishek Vishnoi,Independent,4514,7,4521
Rajasthan,Jodhpur,10,Shambhu Ram,Independent,3051,1,3052
Rajasthan,Jodhpur,11,NOTA,None of the Above,11654,34,11688
Rajasthan,KARAULI-DHOLPUR,1,MANOJ RAJORIA,Bharatiya Janata Party,523801,2642,526443
Rajasthan,KARAULI-DHOLPUR,2,RAMKUMAR,Bahujan Samaj Party,25674,44,25718
Rajasthan,KARAULI-DHOLPUR,3,SANJAY KUMAR,Indian National Congress,427847,914,428761
Rajasthan,KARAULI-DHOLPUR,4,JEET RAM BAIRWA,Ambedkarite Party of India,7011,9,7020
Rajasthan,KARAULI-DHOLPUR,5,VIJAY BABU,Prabuddha Republican Party,2782,1,2783
Rajasthan,KARAULI-DHOLPUR,6,NOTA,None of the Above,7306,13,7319
Rajasthan,Kota,1,OM BIRLA,Bharatiya Janata Party,796071,3980,800051
Rajasthan,Kota,2,RAMNARAIN MEENA,Indian National Congress,517559,2815,520374
Rajasthan,Kota,3,HARISH KUMAR LAHRI,Bahujan Samaj Party,9965,20,9985
Rajasthan,Kota,4,CHANDRA PRAKASH,Rashtriya Krantikari Samajwadi Party,1487,1,1488
Rajasthan,Kota,5,BHIM SINGH KUNTAL,Shivsena,1305,3,1308
Rajasthan,Kota,6,MAHESH KUMAR RANIWAL,AARAKSHAN VIRODHI PARTY,887,4,891
Rajasthan,Kota,7,RAJENDRA PRASAD SINGOR,Marxist Communist Party of India (United),1161,0,1161
Rajasthan,Kota,8,SHOBHA RAM NIRMAL,Proutist Sarva Samaj,996,0,996
Rajasthan,Kota,9,CAPTAIN SOMESH BHATNAGAR,Bhartiya Kisan Party,1148,6,1154
Rajasthan,Kota,10,ABDUL ASIPH,Independent,1243,8,1251
Rajasthan,Kota,11,KESHARI LAL,Independent,1675,3,1678
Rajasthan,Kota,12,ENGINEER PRAVEEN KHANDELWAL,Independent,4096,1,4097
Rajasthan,Kota,13,SATISH BHARDWAJ,Independent,2462,2,2464
Rajasthan,Kota,14,SUNIL MADAN,Independent,3035,1,3036
Rajasthan,Kota,15,HERGOVIND MEENA,Independent,4511,0,4511
Rajasthan,Kota,16,NOTA,None of the Above,12531,58,12589
Rajasthan,Nagaur,1,DR. JYOTI MIRDHA,Indian National Congress,476671,2120,478791
Rajasthan,Nagaur,2,HANUMAN BENIWAL,Rashtriya Loktantrik Party,655496,4555,660051
Rajasthan,Nagaur,3,HANUMANRAM,Rashtriya Power Party,7397,89,7486
Rajasthan,Nagaur,4,DHARMI CHAND,Independent,3141,27,3168
Rajasthan,Nagaur,5,DHARMENDRA,Independent,1249,23,1272
Rajasthan,Nagaur,6,PREM RAJ,Independent,1347,7,1354
Rajasthan,Nagaur,7,MADANLAL,Independent,1306,6,1312
Rajasthan,Nagaur,8,RAVINDRA SINGH SHEKHAWAT,Independent,6985,130,7115
Rajasthan,Nagaur,9,RAM CHANDRA,Independent,2578,7,2585
Rajasthan,Nagaur,10,C.A. RASTRA PUTRA HINDU,Independent,1529,14,1543
Rajasthan,Nagaur,11,SHIV NARAYAN,Independent,2402,1,2403
Rajasthan,Nagaur,12,SAROJ PRAJAPAT,Independent,12753,32,12785
Rajasthan,Nagaur,13,SOHANARAM RATHI,Independent,10203,7,10210
Rajasthan,Nagaur,14,NOTA,None of the Above,12979,70,13049
Rajasthan,Pali,1,P. P. CHAUDHARY,Bharatiya Janata Party,890817,9332,900149
Rajasthan,Pali,2,BADRIRAM JAKHAR,Indian National Congress,413439,5113,418552
Rajasthan,Pali,3,KANHAIYALAL VAISHNAV,Shivsena,7728,17,7745
Rajasthan,Pali,4,RAMPRASAD JATAV,Ambedkarite Party of India,6229,15,6244
Rajasthan,Pali,5,Dr. RAMLAL MOHBARSHA,Indian Indira Congress (R),2548,21,2569
Rajasthan,Pali,6,LAXMAN KUMAR,Proutist Sarva Samaj,1884,0,1884
Rajasthan,Pali,7,JAGDISH CHANDRA,Independent,2337,0,2337
Rajasthan,Pali,8,HEMANT KUMAR SINGHVI,Independent,5138,1,5139
Rajasthan,Pali,9,NOTA,None of the Above,15105,75,15180
Rajasthan,Rajsamand,1,Chenaram,Bahujan Samaj Party,15916,39,15955
Rajasthan,Rajsamand,2,Diya Kumari,Bharatiya Janata Party,858690,4349,863039
Rajasthan,Rajsamand,3,Devkinandan (Kaka),Indian National Congress,309748,1375,311123
Rajasthan,Rajsamand,4,Chandra Prakash Tanwar,Ambedkarite Party of India,12885,2,12887
Rajasthan,Rajsamand,5,Mishri Kathat,Indian Peoples Green Party,2354,17,2371
Rajasthan,Rajsamand,6,Jitendra Kumar Khatik,Independent,1548,1,1549
Rajasthan,Rajsamand,7,Neeru Ram Kapri,Independent,1547,3,1550
Rajasthan,Rajsamand,8,Bhanwar Lal Kumawat,Independent,2437,1,2438
Rajasthan,Rajsamand,9,Bhanwer Lal Mali,Independent,5920,3,5923
Rajasthan,Rajsamand,10,Rakesh Samdolav,Independent,10331,8,10339
Rajasthan,Rajsamand,11,NOTA,None of the Above,12641,30,12671
Rajasthan,Sikar,1,Amraram,Communist Party of India (Marxist),31219,243,31462
Rajasthan,Sikar,2,Sita Devi,Bahujan Samaj Party,6654,177,6831
Rajasthan,Sikar,3,Subhash Maharia,Indian National Congress,470673,4275,474948
Rajasthan,Sikar,4,Sumedhanand Saraswati,Bharatiya Janata Party,761332,10772,772104
Rajasthan,Sikar,5,Vijendra Kumar,Bhartiya Jan Satta Party,12366,50,12416
Rajasthan,Sikar,6,Shivbhagwan Sardiwal,Dalit Soshit Pichhara Varg Adhikar Dal,1859,3,1862
Rajasthan,Sikar,7,Ajaypal,Independent,3344,11,3355
Rajasthan,Sikar,8,Ankur Sharma,Independent,804,1,805
Rajasthan,Sikar,9,Bansilal Kataria,Independent,1458,4,1462
Rajasthan,Sikar,10,Bhagwan Sahay,Independent,3550,5,3555
Rajasthan,Sikar,11,Bhagirath Singh Kharrte Bhadhadar,Independent,8027,7,8034
Rajasthan,Sikar,12,Vikas Kumar,Independent,2309,10,2319
Rajasthan,Sikar,13,NOTA,None of the Above,7754,62,7816
Rajasthan,TONK-SAWAI MADHOPUR,1,Namonarayan,Indian National Congress,530968,2060,533028
Rajasthan,TONK-SAWAI MADHOPUR,2,Laxmi Kant Bairwa,Bahujan Samaj Party,23247,54,23301
Rajasthan,TONK-SAWAI MADHOPUR,3,Sukhbir Singh Jaunapuria,Bharatiya Janata Party,641561,2758,644319
Rajasthan,TONK-SAWAI MADHOPUR,4,Ganesh Meena,Indian Peoples Green Party,7166,1,7167
Rajasthan,TONK-SAWAI MADHOPUR,5,Naresh Kumar Atal,Ambedkarite Party of India,5377,5,5382
Rajasthan,TONK-SAWAI MADHOPUR,6,Bajrang Lal Meena,Rashtriya Kranti Party,1891,1,1892
Rajasthan,TONK-SAWAI MADHOPUR,7,Mukesh Kumar,Shivsena,4597,3,4600
Rajasthan,TONK-SAWAI MADHOPUR,8,Prem Lata Banshiwal,Independent,4794,1,4795
Rajasthan,TONK-SAWAI MADHOPUR,9,NOTA,None of the Above,8954,20,8974
Rajasthan,Udaipur,1,ARJUNLAL MEENA,Bharatiya Janata Party,867694,3854,871548
Rajasthan,Udaipur,2,KESULAL MEENA,Bahujan Samaj Party,16303,15,16318
Rajasthan,Udaipur,3,GHANSHYAM SINGH TAWAR,Communist Party of India,18378,8,18386
Rajasthan,Udaipur,4,RAGHUVIR SINGH MEENA,Indian National Congress,431960,1674,433634
Rajasthan,Udaipur,5,KIKA MINA,Communist Party of India (Marxist-Leninist) Red Star,13097,2,13099
Rajasthan,Udaipur,6,PARBHULAL MEENA,Bahujan Mukti Party,4132,34,4166
Rajasthan,Udaipur,7,BIRDHI LAL CHHANWAL,Bhartiya Tribal Party,50953,690,51643
Rajasthan,Udaipur,8,SHANKERLAL,Satya Bahumat Party,5689,1,5690
Rajasthan,Udaipur,9,HARJI LAL MEENA,Ambedkarite Party of India,11853,2,11855
Rajasthan,Udaipur,10,NOTA,None of the Above,28144,35,28179
Sikkim,Sikkim,1,BHARAT BASNETT,Indian National Congress,3922,68,3990
Sikkim,Sikkim,2,DEK BAHADUR KATWAL,Sikkim Democratic Front,149158,5331,154489
Sikkim,Sikkim,3,INDRA HANG SUBBA,Sikkim Krantikari Morcha,161143,5779,166922
Sikkim,Sikkim,4,LATEN TSHERING SHERPA,Bharatiya Janata Party,16062,510,16572
Sikkim,Sikkim,5,BIRAJ ADHIKARI,Hamro Sikkim Party,1943,55,1998
Sikkim,Sikkim,6,DHIRAJ KUMAR RAI,Sikkim Republican Party,1479,24,1503
Sikkim,Sikkim,7,NARENDRA ADHIKARI,Sikkim United Front,607,7,614
Sikkim,Sikkim,8,RABIN RAI,All Indians Party,392,4,396
Sikkim,Sikkim,9,SUNMAYA GURUNG,Jai Maha Bharath Party,377,6,383
Sikkim,Sikkim,10,MAHENDRA THAPA,Independent,593,4,597
Sikkim,Sikkim,11,PASSANG GYALI SHERPA,Independent,1947,56,2003
Sikkim,Sikkim,12,NOTA,None of the Above,2257,22,2279
Tamil Nadu,Arakkonam,1,D. DOSS,Bahujan Samaj Party,8208,99,8307
Tamil Nadu,Arakkonam,2,S. JAGATHRAKSHAKAN,Dravida Munnetra Kazhagam,666688,5502,672190
Tamil Nadu,Arakkonam,3,M. SAVITHA,Ambedkarite Party of India,4362,136,4498
Tamil Nadu,Arakkonam,4,Y.R. PAVENDHAN,Naam Tamilar Katchi,29065,282,29347
Tamil Nadu,Arakkonam,5,A.K. MOORTHY,Pattali Makkal Katchi,341527,1707,343234
Tamil Nadu,Arakkonam,6,"RAJENDRAN, N.",Makkal Needhi Maiam,23598,173,23771
Tamil Nadu,Arakkonam,7,R. ELAMVAZHUDHI,Independent,851,11,862
Tamil Nadu,Arakkonam,8,PANCHU.UDAYAKUMAR,Independent,827,12,839
Tamil Nadu,Arakkonam,9,B. GANESAN,Independent,908,17,925
Tamil Nadu,Arakkonam,10,M.S. KRISHNAN,Independent,1316,6,1322
Tamil Nadu,Arakkonam,11,Dr.T.M.S.SADHU MUTHU KRISHNAN ERAJENDRAN,Independent,1174,12,1186
Tamil Nadu,Arakkonam,12,P.S. SURESH,Independent,1056,6,1062
Tamil Nadu,Arakkonam,13,S. SHETTU,Independent,1061,6,1067
Tamil Nadu,Arakkonam,14,M. NATARAJAN,Independent,1210,4,1214
Tamil Nadu,Arakkonam,15,N.G. PARTHIBAN,Independent,66595,231,66826
Tamil Nadu,Arakkonam,16,M. PARTHIBAN,Independent,3305,8,3313
Tamil Nadu,Arakkonam,17,G. MOORTHY,Independent,1614,2,1616
Tamil Nadu,Arakkonam,18,C. MOORTHY,Independent,3498,1,3499
Tamil Nadu,Arakkonam,19,R. RAMESH,Independent,799,4,803
Tamil Nadu,Arakkonam,20,NOTA,None of the Above,12015,164,12179
Tamil Nadu,Arani,1,ELUMALAI V,All India Anna Dravida Munnetra Kazhagam,385294,1660,386954
Tamil Nadu,Arani,2,SIVAPRAKASH K,Bahujan Samaj Party,5623,55,5678
Tamil Nadu,Arani,3,VISHNU PRASAD M K,Indian National Congress,613390,4370,617760
Tamil Nadu,Arani,4,SAKTHIVEL K,Tamil Nadu Ilangyar Katchi,5291,26,5317
Tamil Nadu,Arani,5,SUNDAR K,Anti Corruption Dynamic Party,1956,16,1972
Tamil Nadu,Arani,6,TAMIZHARASI A,Naam Tamilar Katchi,32151,258,32409
Tamil Nadu,Arani,7,SHAJI V,Makkal Needhi Maiam,14680,96,14776
Tamil Nadu,Arani,8,ELUMALAI K,Independent,892,11,903
Tamil Nadu,Arani,9,ELUMALAI S,Independent,633,8,641
Tamil Nadu,Arani,10,KOTHANDAPANI B,Independent,964,3,967
Tamil Nadu,Arani,11,SENJERAJA K N K,Independent,2935,5,2940
Tamil Nadu,Arani,12,SENTHAMIZHAN G,Independent,46326,57,46383
Tamil Nadu,Arani,13,PERUMAL M,Independent,4907,5,4912
Tamil Nadu,Arani,14,RAMAMURTHY S,Independent,3608,6,3614
Tamil Nadu,Arani,15,RAMAMURTHY C,Independent,1756,4,1760
Tamil Nadu,Arani,16,NOTA,None of the Above,16819,102,16921
Tamil Nadu,Chennai central,1,DAYANIDHI MARAN,Dravida Munnetra Kazhagam,447150,1761,448911
Tamil Nadu,Chennai central,2,PARTHASARATHY.M.,Bahujan Samaj Party,2684,12,2696
Tamil Nadu,Chennai central,3,KAMEELA NASSER,Makkal Needhi Maiam,92047,202,92249
Tamil Nadu,Chennai central,4,KARNAN.C.S.,Anti Corruption Dynamic Party,5763,5,5768
Tamil Nadu,Chennai central,5,Dr.KARTHIKEYAN. R,Naam Tamilar Katchi,30809,77,30886
Tamil Nadu,Chennai central,6,GEETHALAKSHMI.V.R.,Pyramid Party of India,1028,2,1030
Tamil Nadu,Chennai central,7,SASIKUMAR.S.,Tamil Nadu Ilangyar Katchi,1555,1,1556
Tamil Nadu,Chennai central,8,SAM PAUL. S.R.,Pattali Makkal Katchi,146813,578,147391
Tamil Nadu,Chennai central,9,SURESH BABU. D.,Desiya Makkal Sakthi Katchi,690,0,690
Tamil Nadu,Chennai central,10,NAJIMUNNISSA,Anaithu Makkal Katchi,643,2,645
Tamil Nadu,Chennai central,11,VALARMATHI. K.,Akila India Vallalar Peravai,641,2,643
Tamil Nadu,Chennai central,12,JITENDRA KUMAR JAIN.,Republican Party of India (A),3397,1,3398
Tamil Nadu,Chennai central,13,SHEIK MOHAMED @ DHEHLAN BAQAVI,SOCIAL DEMOCRATIC PARTY OF INDIA,23690,51,23741
Tamil Nadu,Chennai central,14,RAGHAVAN. M.,Independent,321,1,322
Tamil Nadu,Chennai central,15,RADHAKRISHNAN. V.,Independent,503,1,504
Tamil Nadu,Chennai central,16,Dr. GUNASEKAR. N,Independent,1227,2,1229
Tamil Nadu,Chennai central,17,KUPPUSAMY. K.,Independent,1769,1,1770
Tamil Nadu,Chennai central,18,GOVINDARAJ. L.,Independent,1184,0,1184
Tamil Nadu,Chennai central,19,CHANDRANATHAN. S.,Independent,929,0,929
Tamil Nadu,Chennai central,20,SAMUEL PAUL,Independent,1232,2,1234
Tamil Nadu,Chennai central,21,SAM PAUL,Independent,1440,4,1444
Tamil Nadu,Chennai central,22,TAMILARASAN. V.V.,Independent,510,1,511
Tamil Nadu,Chennai central,23,DINAKARAN. G.,Independent,324,1,325
Tamil Nadu,Chennai central,24,NASAR. K.,Independent,360,0,360
Tamil Nadu,Chennai central,25,PRABAKARAN. K.M.,Independent,334,0,334
Tamil Nadu,Chennai central,26,PRABHAKARAN. N.,Independent,377,0,377
Tamil Nadu,Chennai central,27,PUSHPARAJ. J. L.,Independent,216,0,216
Tamil Nadu,Chennai central,28,MADHANAGOPAL. T,Independent,235,0,235
Tamil Nadu,Chennai central,29,RAVICHANDRAN. M,Independent,196,1,197
Tamil Nadu,Chennai central,30,RAJ RAMCHAND,Independent,496,1,497
Tamil Nadu,Chennai central,31,VAITHIYANATHAN. R,Independent,355,1,356
Tamil Nadu,Chennai central,32,NOTA,None of the Above,13768,54,13822
Tamil Nadu,Chennai North,1,ALAGAAPURAM R. MOHANRAJ,Desiya Murpokku Dravida Kazhagam,129076,392,129468
Tamil Nadu,Chennai North,2,Dr. KALANIDHI VEERASWAMY,Dravida Munnetra Kazhagam,589034,1952,590986
Tamil Nadu,Chennai North,3,S.ROBERT GNANA SEKAR,Bahujan Samaj Party,4413,7,4420
Tamil Nadu,Chennai North,4,M.L.RAVI,Desiya Makkal Sakthi Katchi,943,2,945
Tamil Nadu,Chennai North,5,KAMESH,Tamil Nadu Ilangyar Katchi,2665,4,2669
Tamil Nadu,Chennai North,6,KALIYAMMAL.P,Naam Tamilar Katchi,60411,104,60515
Tamil Nadu,Chennai North,7,J. SEBASTIN,SOCIALIST UNITY CENTRE OF INDIA (COMMUNIST),900,0,900
Tamil Nadu,Chennai North,8,K.PRABHAKARAN,Makkalatchi Katchi,678,1,679
Tamil Nadu,Chennai North,9,L.PRAVEEN KUMAR,People's Party of India(secular),768,0,768
Tamil Nadu,Chennai North,10,A. G. MOURYA,Makkal Needhi Maiam,102980,187,103167
Tamil Nadu,Chennai North,11,R.ARULMURUGAN,Independent,614,1,615
Tamil Nadu,Chennai North,12,S.GANESH,Independent,1459,2,1461
Tamil Nadu,Chennai North,13,N.SATHEESH KANNAN,Independent,845,2,847
Tamil Nadu,Chennai North,14,P.SANTHANA KRISHNAN,Independent,33232,45,33277
Tamil Nadu,Chennai North,15,V.SARAVANAN,Independent,1068,2,1070
Tamil Nadu,Chennai North,16,G.SRINIVASAN,Independent,1677,0,1677
Tamil Nadu,Chennai North,17,S.SELVARAJ,Independent,2458,1,2459
Tamil Nadu,Chennai North,18,C.DHANRAJ,Independent,1115,1,1116
Tamil Nadu,Chennai North,19,J.DHARANIDHARAN,Independent,402,0,402
Tamil Nadu,Chennai North,20,A.G.DAMODHARAN,Independent,762,1,763
Tamil Nadu,Chennai North,21,S.PRITHVIRAJ,Independent,555,0,555
Tamil Nadu,Chennai North,22,P.MARIMUTHU,Independent,565,1,566
Tamil Nadu,Chennai North,23,L.RAJ,Independent,531,2,533
Tamil Nadu,Chennai North,24,NOTA,None of the Above,15619,68,15687
Tamil Nadu,Chennai South,1,KOTTUR R.KUMAR,Bahujan Samaj Party,2397,2,2399
Tamil Nadu,Chennai South,2,T.SUMATHY (A) THAMIZHACHI THANGAPANDIAN,Dravida Munnetra Kazhagam,563240,1632,564872
Tamil Nadu,Chennai South,3,Dr.J.JAYAVARDHAN,All India Anna Dravida Munnetra Kazhagam,302152,497,302649
Tamil Nadu,Chennai South,4,SAIKUMAR.S,SOCIALIST UNITY CENTRE OF INDIA (COMMUNIST),1489,2,1491
Tamil Nadu,Chennai South,5,S.SRINIVASAN (A) POWER STAR,Republican Party of India,665,5,670
Tamil Nadu,Chennai South,6,V.THIRUNAVUKARASU,Makkalatchi Katchi,435,1,436
Tamil Nadu,Chennai South,7,Dr.A.NARESH,Tamil Nadu Ilangyar Katchi,1379,2,1381
Tamil Nadu,Chennai South,8,K.MURALI KRISHNAN,Pyramid Party of India,860,0,860
Tamil Nadu,Chennai South,9,R.RANGARAJAN,Makkal Needhi Maiam,135334,131,135465
Tamil Nadu,Chennai South,10,R.JOHNSON,Indian Christian Front,512,0,512
Tamil Nadu,Chennai South,11,M.A.JAYAKUMAR,Desiya Makkal Sakthi Katchi,638,1,639
Tamil Nadu,Chennai South,12,A.J.SHERINE,Naam Tamilar Katchi,50156,66,50222
Tamil Nadu,Chennai South,13,AGNI SRIRAMACHANDRAN,Independent,1443,1,1444
Tamil Nadu,Chennai South,14,S.ASHOK,Independent,347,1,348
Tamil Nadu,Chennai South,15,P.AZHAGIRI,Independent,553,0,553
Tamil Nadu,Chennai South,16,S.ELANKUMARAN,Independent,958,1,959
Tamil Nadu,Chennai South,17,R.GANESAN,Independent,673,0,673
Tamil Nadu,Chennai South,18,K.KANNAN,Independent,635,0,635
Tamil Nadu,Chennai South,19,B.KARTHIKEYAN,Independent,533,0,533
Tamil Nadu,Chennai South,20,D.KARTHICK,Independent,1203,0,1203
Tamil Nadu,Chennai South,21,K.SARAVANA PERUMAL,Independent,1645,0,1645
Tamil Nadu,Chennai South,22,I.CHIDAMBARA ANANTHA RAJA (A) ICARR WEEOUI,Independent,743,0,743
Tamil Nadu,Chennai South,23,SIBI CHAKKARAVARTHY,Independent,647,0,647
Tamil Nadu,Chennai South,24,K.SUDHAGAR,Independent,224,0,224
Tamil Nadu,Chennai South,25,N.SUBRAMANI,Independent,431,1,432
Tamil Nadu,Chennai South,26,Dr.E.SUBAYA (A) ESAKKI SUBAYA,Independent,29482,40,29522
Tamil Nadu,Chennai South,27,E.DHANASEKARAN,Independent,350,0,350
Tamil Nadu,Chennai South,28,G.DHANASEKARAN,Independent,437,0,437
Tamil Nadu,Chennai South,29,G.DEVASAHAYAM,Independent,462,0,462
Tamil Nadu,Chennai South,30,KUPPAL.G.DEVADOSS,Independent,313,0,313
Tamil Nadu,Chennai South,31,S.MANOVA,Independent,292,1,293
Tamil Nadu,Chennai South,32,MURTHY.M,Independent,1429,0,1429
Tamil Nadu,Chennai South,33,A.RAVICHANDRAN,Independent,427,0,427
Tamil Nadu,Chennai South,34,M.RADHA,Independent,1040,2,1042
Tamil Nadu,Chennai South,35,B.RAJI,Independent,220,0,220
Tamil Nadu,Chennai South,36,M.RAJESWARI PRIYA,Independent,771,1,772
Tamil Nadu,Chennai South,37,C.ROSI,Independent,498,0,498
Tamil Nadu,Chennai South,38,J.JANCI RANI,Independent,379,0,379
Tamil Nadu,Chennai South,39,FARMER K.JAYARAMAN,Independent,963,5,968
Tamil Nadu,Chennai South,40,D.HARI HARAN,Independent,217,2,219
Tamil Nadu,Chennai South,41,NOTA,None of the Above,16838,53,16891
Tamil Nadu,Chidambaram,1,CHANDRASEKAR P,All India Anna Dravida Munnetra Kazhagam,495432,1578,497010
Tamil Nadu,Chidambaram,2,KRISHNARAJ M,Anaithu Makkal Puratchi Katchi,4665,10,4675
Tamil Nadu,Chidambaram,3,SIVAJOTHI M,Naam Tamilar Katchi,37329,142,37471
Tamil Nadu,Chidambaram,4,THIRUMAAVALAVAN THOL,Viduthalai Chiruthaigal Katchi,498401,1828,500229
Tamil Nadu,Chidambaram,5,PARVATHI S,Desiya Makkal Sakthi Katchi,4093,7,4100
Tamil Nadu,Chidambaram,6,RAVI T,Makkal Needhi Maiam,15260,74,15334
Tamil Nadu,Chidambaram,7,ELAVARASAN A,Independent,62219,89,62308
Tamil Nadu,Chidambaram,8,KALAIYARASAN R,Independent,2140,15,2155
Tamil Nadu,Chidambaram,9,KITTU T,Independent,1197,3,1200
Tamil Nadu,Chidambaram,10,KRISHNAKUMARI A,Independent,1704,2,1706
Tamil Nadu,Chidambaram,11,GURUSAMY P,Independent,7010,2,7012
Tamil Nadu,Chidambaram,12,PERIYASAMY T,Independent,1464,0,1464
Tamil Nadu,Chidambaram,13,JAGATHEESAN M,Independent,2992,1,2993
Tamil Nadu,Chidambaram,14,NOTA,None of the Above,15479,56,15535
Tamil Nadu,Coimbatore,1,RADHAKRISHNAN. C.P,Bharatiya Janata Party,390823,1184,392007
Tamil Nadu,Coimbatore,2,GOVINDAN. P,Bahujan Samaj Party,4296,18,4314
Tamil Nadu,Coimbatore,3,NATARAJAN. P.R,Communist Party of India (Marxist),567741,3409,571150
Tamil Nadu,Coimbatore,4,KALYANA SUNDARAM. S,Naam Tamilar Katchi,60391,128,60519
Tamil Nadu,Coimbatore,5,MAHENDRAN. R,Makkal Needhi Maiam,144808,296,145104
Tamil Nadu,Coimbatore,6,MANIKANDAN. P,Tamil Nadu Ilangyar Katchi,2302,5,2307
Tamil Nadu,Coimbatore,7,APPATHURAI. N.R.,Independent,37989,72,38061
Tamil Nadu,Coimbatore,8,KANAGASABAPATHY. G,Independent,2726,1,2727
Tamil Nadu,Coimbatore,9,KRISHNAN. V,Independent,2915,1,2916
Tamil Nadu,Coimbatore,10,DHANAPAL. M,Independent,1533,5,1538
Tamil Nadu,Coimbatore,11,NATARAJAN. A,Independent,1364,6,1370
Tamil Nadu,Coimbatore,12,PUSHPANANTHAM. V,Independent,1421,1,1422
Tamil Nadu,Coimbatore,13,RADHAKRISHNAN. U,Independent,2630,3,2633
Tamil Nadu,Coimbatore,14,RADHAKRISHNAN. P,Independent,1624,3,1627
Tamil Nadu,Coimbatore,15,NOTA,None of the Above,23081,109,23190
Tamil Nadu,Cuddalore,1,T. R. V .S. RAMESH,Dravida Munnetra Kazhagam,519594,2566,522160
Tamil Nadu,Cuddalore,2,C. JEYAPRAKASH,Bahujan Samaj Party,2813,14,2827
Tamil Nadu,Cuddalore,3,V. ANNAMALAI,Makkal Needhi Maiam,23612,101,23713
Tamil Nadu,Cuddalore,4,KUPPUSAMY,Anti Corruption Dynamic Party,7540,0,7540
Tamil Nadu,Cuddalore,5,Dr. R. GOVINDASAMY,Pattali Makkal Katchi,376628,1549,378177
Tamil Nadu,Cuddalore,6,R. CHITHRA,Naam Tamilar Katchi,34565,127,34692
Tamil Nadu,Cuddalore,7,CHELLADURAI,Tamil Nadu Ilangyar Katchi,2585,2,2587
Tamil Nadu,Cuddalore,8,M PAVADAI RAJA,Agila India Makkal Kazhagam,458,1,459
Tamil Nadu,Cuddalore,9,A. MANIKANDAN,Purvanchal Janta Party (Secular),636,2,638
Tamil Nadu,Cuddalore,10,M. RAGHUNATHAN,Ilantamilar Munnani Kazhagam,747,1,748
Tamil Nadu,Cuddalore,11,S. RAJAMOHAN,Independent,919,1,920
Tamil Nadu,Cuddalore,12,K. RAMAN,Independent,1941,2,1943
Tamil Nadu,Cuddalore,13,D. SANKAR,Independent,2860,0,2860
Tamil Nadu,Cuddalore,14,M. SATHIYASEELAN,Independent,1671,0,1671
Tamil Nadu,Cuddalore,15,D. SENTHAMARAI KANNAN,Independent,1275,2,1277
Tamil Nadu,Cuddalore,16,K. THANGAVEL,Independent,44865,27,44892
Tamil Nadu,Cuddalore,17,S. DHANASEKARAN,Independent,3296,0,3296
Tamil Nadu,Cuddalore,18,A. MARIMUTHU,Independent,634,1,635
Tamil Nadu,Cuddalore,19,MOOVANDHAN,Independent,1518,0,1518
Tamil Nadu,Cuddalore,20,A. JAYAMANI,Independent,574,0,574
Tamil Nadu,Cuddalore,21,K. HEMANTH KUMAR,Independent,1350,0,1350
Tamil Nadu,Cuddalore,22,NOTA,None of the Above,8660,65,8725
Tamil Nadu,Dharmapuri,1,SIVANANDHAM. C.,Bahujan Samaj Party,5968,44,6012
Tamil Nadu,Dharmapuri,2,DNV SENTHILKUMAR. S.,Dravida Munnetra Kazhagam,568310,6678,574988
Tamil Nadu,Dharmapuri,3,ANNADHURAI. K.,Ganasangam Party of India,8996,21,9017
Tamil Nadu,Dharmapuri,4,ANBUMANI RAMADOSS,Pattali Makkal Katchi,501013,3222,504235
Tamil Nadu,Dharmapuri,5,RAJASEKAR. D.,Makkal Needhi Maiam,15481,133,15614
Tamil Nadu,Dharmapuri,6,RUKMANIDEVI. R.,Naam Tamilar Katchi,19483,191,19674
Tamil Nadu,Dharmapuri,7,ARIVAZHAGAN. P.,Independent,1477,5,1482
Tamil Nadu,Dharmapuri,8,DR. ELANGO. S.,Independent,10822,8,10830
Tamil Nadu,Dharmapuri,9,SAKTHIVEL. V.,Independent,1500,3,1503
Tamil Nadu,Dharmapuri,10,SARAVANAN. S.,Independent,1061,1,1062
Tamil Nadu,Dharmapuri,11,DURAI. S.,Independent,1289,4,1293
Tamil Nadu,Dharmapuri,12,PADMARAJAN. K. DR.,Independent,2856,6,2862
Tamil Nadu,Dharmapuri,13,PALANIAPPAN. P.,Independent,53155,500,53655
Tamil Nadu,Dharmapuri,14,MANIVASAGAM. C.,Independent,4425,2,4427
Tamil Nadu,Dharmapuri,15,VENKATACHALAM. C.,Independent,3171,1,3172
Tamil Nadu,Dharmapuri,16,NOTA,None of the Above,13304,75,13379
Tamil Nadu,Dindigul,1,"ARASUR MANOHARAN (a) MNOHARAN, S",Bahujan Samaj Party,5704,39,5743
Tamil Nadu,Dindigul,2,"VELUSAMY, P.",Dravida Munnetra Kazhagam,743813,2710,746523
Tamil Nadu,Dindigul,3,"SUTHAKARAN, S. Dr.",Makkal Needhi Maiam,38586,198,38784
Tamil Nadu,Dindigul,4,"SURESH. K,",Ulzaipali Makkal Katchy,2198,10,2208
Tamil Nadu,Dindigul,5,"MANSOORALI KHAN, A.",Naam Tamilar Katchi,54574,383,54957
Tamil Nadu,Dindigul,6,"JOTHIMUTHU, K.",Pattali Makkal Katchi,206782,769,207551
Tamil Nadu,Dindigul,7,"ARUN KUMAR,A.",Independent,1797,7,1804
Tamil Nadu,Dindigul,8,"ANBUROSE. D,",Independent,1315,9,1324
Tamil Nadu,Dindigul,9,"ANANTHRAJ, T.",Independent,3022,0,3022
Tamil Nadu,Dindigul,10,"IRUDAYASAMY, G.",Independent,1059,5,1064
Tamil Nadu,Dindigul,11,"ESWARAN, R.",Independent,2759,5,2764
Tamil Nadu,Dindigul,12,"UDAYAKUMAR,A.",Independent,1175,6,1181
Tamil Nadu,Dindigul,13,"SHANMUGA PRABU,K.",Independent,849,4,853
Tamil Nadu,Dindigul,14,"DINESHKUMAR, M.",Independent,1415,3,1418
Tamil Nadu,Dindigul,15,"NAGARAJ , M",Independent,3289,2,3291
Tamil Nadu,Dindigul,16,"PANDI, M.",Independent,3109,2,3111
Tamil Nadu,Dindigul,17,"MURUGESAN, S .P,",Independent,1515,1,1516
Tamil Nadu,Dindigul,18,"VETRIVEL, N.",Independent,3903,0,3903
Tamil Nadu,Dindigul,19,"VEMBARASAN. V,",Independent,1124,2,1126
Tamil Nadu,Dindigul,20,"VELUSAMY, P.",Independent,849,2,851
Tamil Nadu,Dindigul,21,"JOTHI MURUGAN,P.",Independent,62719,156,62875
Tamil Nadu,Dindigul,22,NOTA,None of the Above,14051,126,14177
Tamil Nadu,Erode,1,GANESHAMURTHI A,Dravida Munnetra Kazhagam,558929,4662,563591
Tamil Nadu,Erode,2,GOPAL M,Bahujan Samaj Party,4128,10,4138
Tamil Nadu,Erode,3,MANIMARAN G,All India Anna Dravida Munnetra Kazhagam,352330,643,352973
Tamil Nadu,Erode,4,KUPPUSAMY P,Ulzaipali Makkal Katchy,3378,1,3379
Tamil Nadu,Erode,5,KUPPUSAMY R,Ganasangam Party of India,1603,0,1603
Tamil Nadu,Erode,6,SARAVANAKUMAR A,Makkal Needhi Maiam,47574,145,47719
Tamil Nadu,Erode,7,SEETHALAKSHMI M K,Naam Tamilar Katchi,38849,161,39010
Tamil Nadu,Erode,8,ARUNACHALAM A,Independent,2069,11,2080
Tamil Nadu,Erode,9,ANANTHI S,Independent,485,0,485
Tamil Nadu,Erode,10,GANESHAMURTHY A C,Independent,1537,2,1539
Tamil Nadu,Erode,11,GANESHAMOORTHY M,Independent,1002,4,1006
Tamil Nadu,Erode,12,KATHIRVEL A,Independent,727,1,728
Tamil Nadu,Erode,13,KARTHIKEYAN P,Independent,1502,6,1508
Tamil Nadu,Erode,14,CHITRA,Independent,1445,1,1446
Tamil Nadu,Erode,15,SUBRAMANIAN K,Independent,1276,2,1278
Tamil Nadu,Erode,16,SENTHILKUMAR K C,Independent,25818,40,25858
Tamil Nadu,Erode,17,DHARMALINGAM S,Independent,2455,0,2455
Tamil Nadu,Erode,18,NATARAJAN A,Independent,525,1,526
Tamil Nadu,Erode,19,PARAMASIVAM N,Independent,1167,0,1167
Tamil Nadu,Erode,20,MANI A,Independent,578,1,579
Tamil Nadu,Erode,21,NOTA,None of the Above,14696,99,14795
Tamil Nadu,Kallakurichi,1,Gautham Sigamani Pon,Dravida Munnetra Kazhagam,716961,4752,721713
Tamil Nadu,Kallakurichi,2,Sakthivel S,Bahujan Samaj Party,4828,10,4838
Tamil Nadu,Kallakurichi,3,Sudhish L K,Desiya Murpokku Dravida Kazhagam,321004,790,321794
Tamil Nadu,Kallakurichi,4,Ganesh H,Makkal Needhi Maiam,14514,73,14587
Tamil Nadu,Kallakurichi,5,Chandramohan M,Vivasayigal Makkal Munnetra Katchi,1101,7,1108
Tamil Nadu,Kallakurichi,6,Sharfudeen S,Naam Tamilar Katchi,30103,143,30246
Tamil Nadu,Kallakurichi,7,Kannan S,Independent,1149,3,1152
Tamil Nadu,Kallakurichi,8,Kumar K R,Independent,1408,3,1411
Tamil Nadu,Kallakurichi,9,Komugi Maniyan M,Independent,50097,82,50179
Tamil Nadu,Kallakurichi,10,Govindasamy A,Independent,938,0,938
Tamil Nadu,Kallakurichi,11,Sathishkumar A,Independent,1022,2,1024
Tamil Nadu,Kallakurichi,12,Sathish Kumar G,Independent,1413,2,1415
Tamil Nadu,Kallakurichi,13,Sathees Kumar R,Independent,3956,0,3956
Tamil Nadu,Kallakurichi,14,Chandrasekaran V,Independent,8064,2,8066
Tamil Nadu,Kallakurichi,15,Siva Kumar P,Independent,1824,0,1824
Tamil Nadu,Kallakurichi,16,Sumathi B,Independent,10038,7,10045
Tamil Nadu,Kallakurichi,17,Selvam D,Independent,4426,0,4426
Tamil Nadu,Kallakurichi,18,Nagarajan S,Independent,1082,0,1082
Tamil Nadu,Kallakurichi,19,Prabhu A,Independent,3181,1,3182
Tamil Nadu,Kallakurichi,20,Manikandan C,Independent,1298,1,1299
Tamil Nadu,Kallakurichi,21,Mannan M P,Independent,1130,0,1130
Tamil Nadu,Kallakurichi,22,Mayilamparai Mari A,Independent,1149,2,1151
Tamil Nadu,Kallakurichi,23,Ramachandran K,Independent,1305,1,1306
Tamil Nadu,Kallakurichi,24,Ramadoss R,Independent,4926,1,4927
Tamil Nadu,Kallakurichi,25,NOTA,None of the Above,11506,70,11576
Tamil Nadu,Kancheepuram,1,Selvam.G,Dravida Munnetra Kazhagam,680087,3917,684004
Tamil Nadu,Kancheepuram,2,Sekar.D,Bahujan Samaj Party,5002,16,5018
Tamil Nadu,Kancheepuram,3,Maragatham K,All India Anna Dravida Munnetra Kazhagam,396432,940,397372
Tamil Nadu,Kancheepuram,4,Sivaranjani.D,Naam Tamilar Katchi,62607,164,62771
Tamil Nadu,Kancheepuram,5,Elangovan M,Independent,2271,1,2272
Tamil Nadu,Kancheepuram,6,Devarajan C,Independent,1307,5,1312
Tamil Nadu,Kancheepuram,7,Pon Jeyaraman S P,Independent,2496,13,2509
Tamil Nadu,Kancheepuram,8,Maragadam M,Independent,1631,9,1640
Tamil Nadu,Kancheepuram,9,Munusamy A,Independent,55157,56,55213
Tamil Nadu,Kancheepuram,10,Ramesh S,Independent,2239,4,2243
Tamil Nadu,Kancheepuram,11,Vinothraj R,Independent,1597,0,1597
Tamil Nadu,Kancheepuram,12,NOTA,None of the Above,21591,70,21661
Tamil Nadu,Kanniyakumari,1,RADHAKRISHNAN. P,Bharatiya Janata Party,364598,2704,367302
Tamil Nadu,Kanniyakumari,2,BALASUBRAMANIAN. E,Bahujan Samaj Party,1970,19,1989
Tamil Nadu,Kanniyakumari,3,Vasanthakumar. H,Indian National Congress,624627,2608,627235
Tamil Nadu,Kanniyakumari,4,EBENEZER. J,Makkal Needhi Maiam,8530,60,8590
Tamil Nadu,Kanniyakumari,5,SUBI. T,The Future India Party,815,5,820
Tamil Nadu,Kanniyakumari,6,PAULRAJ. C.M.,Communist Party of India (Marxist-Leninist) Red Star,761,17,778
Tamil Nadu,Kanniyakumari,7,Jackson. M. S.,Democratic Corruption Liberation Front,593,3,596
Tamil Nadu,Kanniyakumari,8,JAINTEEN. V,Naam Tamilar Katchi,16810,259,17069
Tamil Nadu,Kanniyakumari,9,ESAKKIMUTHU. N,Independent,517,3,520
Tamil Nadu,Kanniyakumari,10,ENOSE. M,Independent,407,3,410
Tamil Nadu,Kanniyakumari,11,Santhakumar. N,Independent,859,5,864
Tamil Nadu,Kanniyakumari,12,NAGOOR MEERAN PEER MOHAMED. U,Independent,491,2,493
Tamil Nadu,Kanniyakumari,13,PEACHI MUTHU. E,Independent,814,0,814
Tamil Nadu,Kanniyakumari,14,RAVI KUMAR. T,Independent,2419,2,2421
Tamil Nadu,Kanniyakumari,15,LEKSHMANAN. E,Independent,12326,19,12345
Tamil Nadu,Kanniyakumari,16,NOTA,None of the Above,6088,43,6131
Tamil Nadu,Karur,1,AadhiKrishnan P,Bahujan Samaj Party,3047,12,3059
Tamil Nadu,Karur,2,Thambidurai M,All India Anna Dravida Munnetra Kazhagam,274455,696,275151
Tamil Nadu,Karur,3,Jothimani S,Indian National Congress,691518,4179,695697
Tamil Nadu,Karur,4,Karuppaiya R,Naam Tamilar Katchi,38399,144,38543
Tamil Nadu,Karur,5,Noyyal Ramasamy M,Tamil Nadu Ilangyar Katchi,1258,6,1264
Tamil Nadu,Karur,6,Manoharan M,Anaithu Makkal Puratchi Katchi,413,1,414
Tamil Nadu,Karur,7,Ramamoorthy R,Ulzaipali Makkal Katchy,715,2,717
Tamil Nadu,Karur,8,Joseph M A,Desiya Makkal Sakthi Katchi,398,0,398
Tamil Nadu,Karur,9,Jothikumar J,Desiya Uzhavar Uzhaipalar Kazhagam,969,0,969
Tamil Nadu,Karur,10,Hariharan Dr R,Makkal Needhi Maiam,15915,52,15967
Tamil Nadu,Karur,11,Anbazhagan T,Independent,665,1,666
Tamil Nadu,Karur,12,Anbukani S,Independent,1139,6,1145
Tamil Nadu,Karur,13,Ulaganathan T,Independent,823,1,824
Tamil Nadu,Karur,14,Ebeneezer S,Independent,1949,1,1950
Tamil Nadu,Karur,15,Kanagaraj R T,Independent,1299,1,1300
Tamil Nadu,Karur,16,Karthi P,Independent,2174,1,2175
Tamil Nadu,Karur,17,Karthikeyan B K,Independent,2296,0,2296
Tamil Nadu,Karur,18,Karthikeyan M,Independent,1583,2,1585
Tamil Nadu,Karur,19,Sathishkumar S,Independent,1525,1,1526
Tamil Nadu,Karur,20,Saraswathi K,Indian New Congress Party,860,0,860
Tamil Nadu,Karur,21,Sivakumar V,Independent,378,0,378
Tamil Nadu,Karur,22,Selvaraj K,Independent,697,0,697
Tamil Nadu,Karur,23,Thangavel P S N,Independent,31099,40,31139
Tamil Nadu,Karur,24,Dasaprakash K,Independent,813,0,813
Tamil Nadu,Karur,25,Nagajothi M,Independent,393,4,397
Tamil Nadu,Karur,26,Palanivel P,Independent,548,1,549
Tamil Nadu,Karur,27,Babu G,Independent,313,0,313
Tamil Nadu,Karur,28,Pitchaimuthu T,Independent,296,0,296
Tamil Nadu,Karur,29,Prakash N,Independent,506,0,506
Tamil Nadu,Karur,30,Prabakaran T,Independent,1127,2,1129
Tamil Nadu,Karur,31,Pushpahenryraj S,Independent,884,3,887
Tamil Nadu,Karur,32,Mahamuni A,Independent,2867,0,2867
Tamil Nadu,Karur,33,Magudeeswaran K,Independent,720,0,720
Tamil Nadu,Karur,34,Muthu K R P,Independent,920,0,920
Tamil Nadu,Karur,35,Muthukumar G,Independent,1045,0,1045
Tamil Nadu,Karur,36,Ravi S P,Independent,511,1,512
Tamil Nadu,Karur,37,Ramachandran M,Independent,1466,0,1466
Tamil Nadu,Karur,38,Rajalingam M,Independent,396,1,397
Tamil Nadu,Karur,39,Rajesh Kannan K,Independent,270,0,270
Tamil Nadu,Karur,40,Varadan M,Independent,639,0,639
Tamil Nadu,Karur,41,Vigneshwaran P,Independent,697,3,700
Tamil Nadu,Karur,42,Vinothkumar N,Independent,416,0,416
Tamil Nadu,Karur,43,NOTA,None of the Above,9546,57,9603
Tamil Nadu,Krishnagiri,1,Dr.A.CHELLAKUMAR,Indian National Congress,609396,1902,611298
Tamil Nadu,Krishnagiri,2,K.P.MUNUSAMY,All India Anna Dravida Munnetra Kazhagam,453388,1145,454533
Tamil Nadu,Krishnagiri,3,MADHUSOODHANAN.N,Naam Tamilar Katchi,27757,243,28000
Tamil Nadu,Krishnagiri,4,SRI KARUNYA SUBRAHMANYAM,Makkal Needhi Maiam,16895,100,16995
Tamil Nadu,Krishnagiri,5,N.ASLAM RAHMAN SHERIFF,Independent,805,17,822
Tamil Nadu,Krishnagiri,6,AJAZ.S,Independent,682,6,688
Tamil Nadu,Krishnagiri,7,S.GANESA KUMAR,Independent,8850,17,8867
Tamil Nadu,Krishnagiri,8,T.V.S.GANDHI,Independent,924,10,934
Tamil Nadu,Krishnagiri,9,K.KUPPAN,Independent,1064,14,1078
Tamil Nadu,Krishnagiri,10,M.KUMARESAN,Independent,1251,8,1259
Tamil Nadu,Krishnagiri,11,B.GOVINDAN,Independent,5387,3,5390
Tamil Nadu,Krishnagiri,12,DEVAPPA.Y,Independent,1521,1,1522
Tamil Nadu,Krishnagiri,13,NAGESH.L,Independent,1628,1,1629
Tamil Nadu,Krishnagiri,14,M.MEENA,Independent,2572,12,2584
Tamil Nadu,Krishnagiri,15,N.SRINIVASA,Independent,5942,3,5945
Tamil Nadu,Krishnagiri,16,NOTA,None of the Above,19731,94,19825
Tamil Nadu,Madurai,1,DHAVAMANI A,Bahujan Samaj Party,2640,19,2659
Tamil Nadu,Madurai,2,RAJ SATYEN V.V.R,All India Anna Dravida Munnetra Kazhagam,307033,647,307680
Tamil Nadu,Madurai,3,VENKATESAN S,Communist Party of India (Marxist),444152,2923,447075
Tamil Nadu,Madurai,4,ALAGAR P,Desiya Makkal Sakthi Katchi,2637,7,2644
Tamil Nadu,Madurai,5,ALAGAR M,Makkal Needhi Maiam,84842,206,85048
Tamil Nadu,Madurai,6,PANDIAMMAL J,Naam Tamilar Katchi,42721,180,42901
Tamil Nadu,Madurai,7,MAYALAGAN N,Tamil Nadu Ilangyar Katchi,952,3,955
Tamil Nadu,Madurai,8,ANNADURAI P,Independent,713,3,716
Tamil Nadu,Madurai,9,RAMASAMY T,Independent,915,3,918
Tamil Nadu,Madurai,10,GOPALAKRISHNAN S,Independent,549,2,551
Tamil Nadu,Madurai,11,GOPALAKRISHNAN M,Independent,1914,2,1916
Tamil Nadu,Madurai,12,SHANMUGHAM V,Independent,855,0,855
Tamil Nadu,Madurai,13,DAVID ANNADURAI K,Independent,85318,429,85747
Tamil Nadu,Madurai,14,DHARMAR P,Independent,1842,1,1843
Tamil Nadu,Madurai,15,NAGA JOTHI K,Independent,1000,0,1000
Tamil Nadu,Madurai,16,PASUMPON PANDIAN S,Independent,2271,1,2272
Tamil Nadu,Madurai,17,BALACHANDRAN T,Independent,937,0,937
Tamil Nadu,Madurai,18,PALPANDI M,Independent,2621,0,2621
Tamil Nadu,Madurai,19,BRITTO JAI SINGH M,Independent,1503,1,1504
Tamil Nadu,Madurai,20,BOOMINATHAN K,Independent,918,2,920
Tamil Nadu,Madurai,21,BOOMI RAJAN K,Independent,788,2,790
Tamil Nadu,Madurai,22,MUTHUKUMAR T,Independent,611,1,612
Tamil Nadu,Madurai,23,MOHAN N,Independent,1356,3,1359
Tamil Nadu,Madurai,24,RAMESH K.K,Independent,707,0,707
Tamil Nadu,Madurai,25,VENKATESAN M,Independent,1772,1,1773
Tamil Nadu,Madurai,26,VENKATESWARAN S,Independent,689,4,693
Tamil Nadu,Madurai,27,SHOBANA S,Independent,3133,10,3143
Tamil Nadu,Madurai,28,NOTA,None of the Above,16111,76,16187
Tamil Nadu,Mayiladuthurai,1,ASAIMANI. S,All India Anna Dravida Munnetra Kazhagam,337448,530,337978
Tamil Nadu,Mayiladuthurai,2,RAMALINGAM. S,Dravida Munnetra Kazhagam,595845,3447,599292
Tamil Nadu,Mayiladuthurai,3,KALYANA SUNDARAM. N,Bahujan Samaj Party,3173,10,3183
Tamil Nadu,Mayiladuthurai,4,SUBHASHINI. K,Naam Tamilar Katchi,40929,127,41056
Tamil Nadu,Mayiladuthurai,5,REFAYUDEEN. M,Makkal Needhi Maiam,16954,51,17005
Tamil Nadu,Mayiladuthurai,6,HABEEB MOHAMED. U,All Pensioner’s Party,892,0,892
Tamil Nadu,Mayiladuthurai,7,ANNADURAI. K,Independent,324,1,325
Tamil Nadu,Mayiladuthurai,8,ABDUL BASEETH,Independent,368,3,371
Tamil Nadu,Mayiladuthurai,9,ARAVAAZHI. K,Independent,609,2,611
Tamil Nadu,Mayiladuthurai,10,KANNAPIRAN. M,Independent,465,0,465
Tamil Nadu,Mayiladuthurai,11,KANNAN. R,Independent,431,2,433
Tamil Nadu,Mayiladuthurai,12,KRITHIVASAN. S,Independent,902,4,906
Tamil Nadu,Mayiladuthurai,13,SHANMUGAM. M,Independent,728,0,728
Tamil Nadu,Mayiladuthurai,14,SAMIDURAI. E,Independent,601,2,603
Tamil Nadu,Mayiladuthurai,15,SRINIVASAN. V,Independent,2158,0,2158
Tamil Nadu,Mayiladuthurai,16,SUGUMARAN. K,Independent,2473,0,2473
Tamil Nadu,Mayiladuthurai,17,SUBRAMANIAN. P,Independent,3192,0,3192
Tamil Nadu,Mayiladuthurai,18,SENTHAMIZHAN. S,Independent,68928,102,69030
Tamil Nadu,Mayiladuthurai,19,THIRUGNANASAMBANDAM. D,Independent,1100,1,1101
Tamil Nadu,Mayiladuthurai,20,THIRUNAVUKKARASU. R,Independent,476,2,478
Tamil Nadu,Mayiladuthurai,21,KAPPUR DHAKSHINAMOORTHY. M,Independent,1029,0,1029
Tamil Nadu,Mayiladuthurai,22,DEVADOS. P,Independent,1303,0,1303
Tamil Nadu,Mayiladuthurai,23,RAJASEKAR. A,Independent,1335,2,1337
Tamil Nadu,Mayiladuthurai,24,RAJA. N,Independent,263,0,263
Tamil Nadu,Mayiladuthurai,25,RAJESH. P,Independent,415,0,415
Tamil Nadu,Mayiladuthurai,26,VANIDHAS. M,Independent,777,0,777
Tamil Nadu,Mayiladuthurai,27,VILVANATHAN. M,Independent,1608,0,1608
Tamil Nadu,Mayiladuthurai,28,NOTA,None of the Above,8191,40,8231
Tamil Nadu,Nagapattinam,1,ANITHA V,Bahujan Samaj Party,5399,13,5412
Tamil Nadu,Nagapattinam,2,SARAVANAN M,All India Anna Dravida Munnetra Kazhagam,311014,525,311539
Tamil Nadu,Nagapattinam,3,SELVARAJ M,Communist Party of India,519596,3296,522892
Tamil Nadu,Nagapattinam,4,AMBIKAPATHI D,"Makkal Sananayaga Kudiyarasu Katchi,",2904,2,2906
Tamil Nadu,Nagapattinam,5,GURUVIAH K,Makkal Needhi Maiam,14410,93,14503
Tamil Nadu,Nagapattinam,6,MALATHI P,Naam Tamilar Katchi,51207,241,51448
Tamil Nadu,Nagapattinam,7,VEDARETHINAM G,Anti Corruption Dynamic Party,894,1,895
Tamil Nadu,Nagapattinam,8,JAYALAKSHMI,Tamil Nadu Ilangyar Katchi,1175,3,1178
Tamil Nadu,Nagapattinam,9,SAMPATH R,Independent,1684,2,1686
Tamil Nadu,Nagapattinam,10,SAMBATHKUMAR A,Independent,2099,2,2101
Tamil Nadu,Nagapattinam,11,SIVAKUMAR P,Independent,1268,0,1268
Tamil Nadu,Nagapattinam,12,SENGODI T,Independent,70177,130,70307
Tamil Nadu,Nagapattinam,13,SOUNDARARAJAN M,Independent,1090,0,1090
Tamil Nadu,Nagapattinam,14,PREM S,Independent,3117,1,3118
Tamil Nadu,Nagapattinam,15,JAGADEESH J,Independent,2396,6,2402
Tamil Nadu,Nagapattinam,16,NOTA,None of the Above,9413,50,9463
Tamil Nadu,Namakkal,1,KALIAPPAN P,All India Anna Dravida Munnetra Kazhagam,360541,601,361142
Tamil Nadu,Namakkal,2,CHINRAJ A.K.P,Dravida Munnetra Kazhagam,623370,2923,626293
Tamil Nadu,Namakkal,3,RAMAN V,Bahujan Samaj Party,3576,3,3579
Tamil Nadu,Namakkal,4,RAMESH T,Ahimsa Socialist Party,967,5,972
Tamil Nadu,Namakkal,5,SENTHILMURUGAN S,Desiya Makkal Sakthi Katchi,642,2,644
Tamil Nadu,Namakkal,6,THANGAVELU R,Makkal Needhi Maiam,30842,105,30947
Tamil Nadu,Namakkal,7,BASKAR B,Naam Tamilar Katchi,38394,137,38531
Tamil Nadu,Namakkal,8,MANICKAM S,Ulzaipali Makkal Katchy,777,0,777
Tamil Nadu,Namakkal,9,MUTHUSAMY M.P.,Ganasangam Party of India,1011,0,1011
Tamil Nadu,Namakkal,10,ARUMUGAM V,Independent,762,0,762
Tamil Nadu,Namakkal,11,RAMASAMY N,Independent,1866,2,1868
Tamil Nadu,Namakkal,12,RAMASAMY P,Independent,726,0,726
Tamil Nadu,Namakkal,13,KALIYAPPAN K,Independent,1818,3,1821
Tamil Nadu,Namakkal,14,KALIAPPAN S,Independent,1177,0,1177
Tamil Nadu,Namakkal,15,KALIAPPAN P,Independent,2632,0,2632
Tamil Nadu,Namakkal,16,SAKTHIYVEL N.K.S,Independent,4398,0,4398
Tamil Nadu,Namakkal,17,SAKTHIVEL S,Independent,2543,1,2544
Tamil Nadu,Namakkal,18,SARAVANAVEL R,Independent,2933,2,2935
Tamil Nadu,Namakkal,19,SAMINATHAN P.P,Independent,23319,28,23347
Tamil Nadu,Namakkal,20,SIVARAJEE S,Independent,341,0,341
Tamil Nadu,Namakkal,21,SELLADURAI S,Independent,288,0,288
Tamil Nadu,Namakkal,22,SELVARAJ K.R,Independent,448,0,448
Tamil Nadu,Namakkal,23,CHO V,Independent,459,0,459
Tamil Nadu,Namakkal,24,NATARAJAN M,Independent,2360,2,2362
Tamil Nadu,Namakkal,25,NALLATHAMBI P,Independent,526,0,526
Tamil Nadu,Namakkal,26,PRABHU K,Independent,587,0,587
Tamil Nadu,Namakkal,27,RAMESH T.R,Independent,683,0,683
Tamil Nadu,Namakkal,28,VINOTHKUMAR V,Independent,4853,4,4857
Tamil Nadu,Namakkal,29,VIJAYAKARTHIKEYAN B,Independent,2044,0,2044
Tamil Nadu,Namakkal,30,NOTA,None of the Above,15007,66,15073
Tamil Nadu,Nilgiris,1,"ASHOK KUMAR, R.",Bahujan Samaj Party,4082,6,4088
Tamil Nadu,Nilgiris,2,"RAJA, A.",Dravida Munnetra Kazhagam,545463,2369,547832
Tamil Nadu,Nilgiris,3,"THIYAGARAJAN, M.",All India Anna Dravida Munnetra Kazhagam,341649,360,342009
Tamil Nadu,Nilgiris,4,"RAJENTHIRAN, N.",Makkal Needhi Maiam,41055,114,41169
Tamil Nadu,Nilgiris,5,"ARUMUKAM, P.",Independent,1619,2,1621
Tamil Nadu,Nilgiris,6,"RAMASWAMY, M.",Independent,40392,27,40419
Tamil Nadu,Nilgiris,7,"SUBRAMANI, M.",Independent,5219,10,5229
Tamil Nadu,Nilgiris,8,"NAGARAJAN, A.",Independent,2199,0,2199
Tamil Nadu,Nilgiris,9,"RAJARATHINAM, M.",Independent,4746,1,4747
Tamil Nadu,Nilgiris,10,"RAJA, K.",Independent,3254,3,3257
Tamil Nadu,Nilgiris,11,NOTA,None of the Above,18096,53,18149
Tamil Nadu,Perambalur,1,"SIVAPATHY, N.R",All India Anna Dravida Munnetra Kazhagam,279439,740,280179
Tamil Nadu,Perambalur,2,"Dr.PAARIVENDHAR, T. R",Dravida Munnetra Kazhagam,677005,6692,683697
Tamil Nadu,Perambalur,3,"MUTHULAKSHMI, R.",Bahujan Samaj Party,4560,26,4586
Tamil Nadu,Perambalur,4,"SHANTHI, K.",Naam Tamilar Katchi,53229,316,53545
Tamil Nadu,Perambalur,5,"Senthilvel, A.",Ulzaipali Makkal Katchy,1142,5,1147
Tamil Nadu,Perambalur,6,"RAJASEKARAN, M.",Ezhuchi Tamilargal Munnetra Kazhagam,953,7,960
Tamil Nadu,Perambalur,7,"VINOTHKUMAR, S.",Tamil Nadu Ilangyar Katchi,1611,6,1617
Tamil Nadu,Perambalur,8,"ANNADURAI, V.",Independent,959,3,962
Tamil Nadu,Perambalur,9,"ANANDRAJ, B.",Independent,875,3,878
Tamil Nadu,Perambalur,10,"RAJASEKARAN, M.",Independent,45489,102,45591
Tamil Nadu,Perambalur,11,"UTHAMASELVAN, N.",Independent,983,0,983
Tamil Nadu,Perambalur,12,"KARUPPAIYA, M.",Independent,839,0,839
Tamil Nadu,Perambalur,13,"SABABATHI, S.",Independent,885,0,885
Tamil Nadu,Perambalur,14,"SURESH, K.",Independent,1381,4,1385
Tamil Nadu,Perambalur,15,"PACHAMUTHU, P.",Independent,3336,0,3336
Tamil Nadu,Perambalur,16,"MURUGAN, P.",Independent,4311,2,4313
Tamil Nadu,Perambalur,17,"RAJASEKARAN, T.",Independent,2455,0,2455
Tamil Nadu,Perambalur,18,"VINCENT MELBONE, J.",Independent,3170,1,3171
Tamil Nadu,Perambalur,19,"JAVEED HUSSAIN, T.",Independent,913,0,913
Tamil Nadu,Perambalur,20,NOTA,None of the Above,11219,106,11325
Tamil Nadu,Pollachi,1,GANESHA MOORTHY. A,Bahujan Samaj Party,3177,10,3187
Tamil Nadu,Pollachi,2,SHANMUGA SUNDARAM. K,Dravida Munnetra Kazhagam,550905,3325,554230
Tamil Nadu,Pollachi,3,MAHENDRAN. C,All India Anna Dravida Munnetra Kazhagam,377546,801,378347
Tamil Nadu,Pollachi,4,SANUJA. U,Naam Tamilar Katchi,31399,84,31483
Tamil Nadu,Pollachi,5,MOOKAMBIKA. R,Makkal Needhi Maiam,59545,148,59693
Tamil Nadu,Pollachi,6,ANSARI. S,Independent,908,0,908
Tamil Nadu,Pollachi,7,SHANMUGA SUNDARAM. K.N.,Independent,711,3,714
Tamil Nadu,Pollachi,8,SHANMUGA SUNDARAM. V,Independent,1271,2,1273
Tamil Nadu,Pollachi,9,BALAJI. G,Independent,804,2,806
Tamil Nadu,Pollachi,10,MANICKAVEL. C,Independent,533,1,534
Tamil Nadu,Pollachi,11,MUTHUKUMAR. C,Independent,943,0,943
Tamil Nadu,Pollachi,12,MUTHUKUMAR. S,Independent,26631,32,26663
Tamil Nadu,Pollachi,13,RAMASAMY. K,Independent,2734,3,2737
Tamil Nadu,Pollachi,14,RAJENDHIRAN. R.G.,Independent,5245,2,5247
Tamil Nadu,Pollachi,15,NOTA,None of the Above,15068,42,15110
Tamil Nadu,Ramanathapuram,1,NAINAR NAGENTHRAN,Bharatiya Janata Party,341304,1517,342821
Tamil Nadu,Ramanathapuram,2,K. PANCHATCHARAM,Bahujan Samaj Party,3659,22,3681
Tamil Nadu,Ramanathapuram,3,G. KESAV YADAV,Purvanchal Janta Party (Secular),2875,8,2883
Tamil Nadu,Ramanathapuram,4,K. NAVASKANI,Indian Union Muslim League,467585,2358,469943
Tamil Nadu,Ramanathapuram,5,T. BHUVANESWARI,Naam Tamilar Katchi,46125,260,46385
Tamil Nadu,Ramanathapuram,6,P. LOGANATHAN,Pragatishil Samajwadi Party (Lohia),1872,5,1877
Tamil Nadu,Ramanathapuram,7,VIJAYA BASKAR,Makkal Needhi Maiam,14802,123,14925
Tamil Nadu,Ramanathapuram,8,ASAN ALI. A,Independent,1440,3,1443
Tamil Nadu,Ramanathapuram,9,ALLA PICHAI,Independent,883,0,883
Tamil Nadu,Ramanathapuram,10,ANANDARAJ. M,Independent,1458,2,1460
Tamil Nadu,Ramanathapuram,11,C. ANANTH,Independent,4714,7,4721
Tamil Nadu,Ramanathapuram,12,"V.D.N. ANANDH. B.E.,",Independent,141195,611,141806
Tamil Nadu,Ramanathapuram,13,N. KATHIRAVAN,Independent,1789,0,1789
Tamil Nadu,Ramanathapuram,14,KARUPPASAMY. N,Independent,2277,6,2283
Tamil Nadu,Ramanathapuram,15,B. KRISHNARAJA,Independent,979,1,980
Tamil Nadu,Ramanathapuram,16,K. KURUNTHAPPAN,Independent,4595,1,4596
Tamil Nadu,Ramanathapuram,17,DEVA SITHAM. I,Independent,4178,21,4199
Tamil Nadu,Ramanathapuram,18,PRABHAKARAN. S,Independent,1798,0,1798
Tamil Nadu,Ramanathapuram,19,S. MOHAMED ALI JINNAH,Independent,1459,1,1460
Tamil Nadu,Ramanathapuram,20,RAJANIKANTH AGAMUDAIYAR,Independent,3536,14,3550
Tamil Nadu,Ramanathapuram,21,V. VINAYAGAMOORTHY,Independent,1367,0,1367
Tamil Nadu,Ramanathapuram,22,JAWAHIRALI. H,Independent,2295,1,2296
Tamil Nadu,Ramanathapuram,23,JEYAPANDIAN. R,Independent,1403,2,1405
Tamil Nadu,Ramanathapuram,24,NOTA,None of the Above,7536,59,7595
Tamil Nadu,Salem,1,SADAIYAN.M,Bahujan Samaj Party,3528,15,3543
Tamil Nadu,Salem,2,SARAVANAN.K.R.S,All India Anna Dravida Munnetra Kazhagam,458118,1258,459376
Tamil Nadu,Salem,3,PARTHIBAN.S.R,Dravida Munnetra Kazhagam,602453,3849,606302
Tamil Nadu,Salem,4,SILAMBARASAN.C,Tamil Nadu Ilangyar Katchi,4561,2,4563
Tamil Nadu,Salem,5,PRABHU MANIKANDAN.M,Makkal Needhi Maiam,58472,190,58662
Tamil Nadu,Salem,6,MOHAN.P,SOCIALIST UNITY CENTRE OF INDIA (COMMUNIST),776,1,777
Tamil Nadu,Salem,7,RASA.A,Naam Tamilar Katchi,33741,149,33890
Tamil Nadu,Salem,8,AHAMED SHAHJAHAN.M,Independent,1367,2,1369
Tamil Nadu,Salem,9,KALAIMANNAN.C,Independent,635,1,636
Tamil Nadu,Salem,10,SIVARAMAN.S,Independent,4268,5,4273
Tamil Nadu,Salem,11,SURULIVEL.N.K,Independent,1101,1,1102
Tamil Nadu,Salem,12,SELVAM.S.K,Independent,52252,80,52332
Tamil Nadu,Salem,13,TAMILARASAN.T,Independent,1144,4,1148
Tamil Nadu,Salem,14,NATARAJAN.C,Independent,1678,1,1679
Tamil Nadu,Salem,15,PRAVINA.G,Independent,1459,2,1461
Tamil Nadu,Salem,16,MANIMARAN.C,Independent,1989,2,1991
Tamil Nadu,Salem,17,MADESWARAN.S,Independent,773,0,773
Tamil Nadu,Salem,18,MURTHY KAMARAJAR.M,Independent,1464,1,1465
Tamil Nadu,Salem,19,RAVI.A,Independent,1554,2,1556
Tamil Nadu,Salem,20,RAMACHANDRAN.K.T,Independent,438,2,440
Tamil Nadu,Salem,21,RAJA.A,Independent,447,3,450
Tamil Nadu,Salem,22,HARIHARAN.K,Independent,539,2,541
Tamil Nadu,Salem,23,NOTA,None of the Above,16998,132,17130
Tamil Nadu,Sivaganga,1,KARTI P CHIDAMBARAM,Indian National Congress,564002,2102,566104
Tamil Nadu,Sivaganga,2,SARAVANAN.K,Bahujan Samaj Party,5068,11,5079
Tamil Nadu,Sivaganga,3,H.RAJA,Bharatiya Janata Party,233295,565,233860
Tamil Nadu,Sivaganga,4,V.SAKTHI PRIYA,Naam Tamilar Katchi,71991,249,72240
Tamil Nadu,Sivaganga,5,KAVINGNAR SNEKAN,Makkal Needhi Maiam,22846,85,22931
Tamil Nadu,Sivaganga,6,ARIMALAM THIAGI.SUBRAMANIAN MUTHURAJA,Agila India Makkal Kazhagam,1275,8,1283
Tamil Nadu,Sivaganga,7,M.PRABHAKARAN,Tamil Nadu Ilangyar Katchi,1226,5,1231
Tamil Nadu,Sivaganga,8,A.VELLADURAI,Ezhuchi Tamilargal Munnetra Kazhagam,2552,1,2553
Tamil Nadu,Sivaganga,9,A.ANTONY SESU RAJA,Independent,1187,4,1191
Tamil Nadu,Sivaganga,10,L.KASINATHAN,Independent,1786,3,1789
Tamil Nadu,Sivaganga,11,N.KARTHICK,Independent,1422,0,1422
Tamil Nadu,Sivaganga,12,C.SARAVANAN,Independent,2094,3,2097
Tamil Nadu,Sivaganga,13,SINGADURAI.R,Independent,3966,10,3976
Tamil Nadu,Sivaganga,14,C.CHIDAMBARAM,Independent,1261,0,1261
Tamil Nadu,Sivaganga,15,M.CHINNAIAH,Independent,1248,0,1248
Tamil Nadu,Sivaganga,16,SENTHAMILSELVI.R,Independent,3449,4,3453
Tamil Nadu,Sivaganga,17,SENTHIL KUMAR.C,Independent,4690,0,4690
Tamil Nadu,Sivaganga,18,K.CHELLAKKANNU,Independent,3951,1,3952
Tamil Nadu,Sivaganga,19,P.SELVARAJ,Independent,2483,2,2485
Tamil Nadu,Sivaganga,20,R.NATARAJAN,Independent,1284,0,1284
Tamil Nadu,Sivaganga,21,V.PANDI,Independent,122325,209,122534
Tamil Nadu,Sivaganga,22,M.MOHAMMED RABEEK,Independent,1441,0,1441
Tamil Nadu,Sivaganga,23,A.RADHA KRISHNAN,Independent,905,0,905
Tamil Nadu,Sivaganga,24,M.RAJASEKAR,Independent,2140,0,2140
Tamil Nadu,Sivaganga,25,M.RAJA,Independent,2866,3,2869
Tamil Nadu,Sivaganga,26,P.RAJENDHIRAN,Independent,11159,8,11167
Tamil Nadu,Sivaganga,27,NOTA,None of the Above,9255,28,9283
Tamil Nadu,Sriperumbudur,1,Antony.M,Bahujan Samaj Party,6793,15,6808
Tamil Nadu,Sriperumbudur,2,Baalu.T.R.,Dravida Munnetra Kazhagam,790750,2531,793281
Tamil Nadu,Sriperumbudur,3,Godwin Shadrach S R,Tamizhaga Murpokku Makkal Katchi,3598,1,3599
Tamil Nadu,Sriperumbudur,4,Palanivel.K,Communist Party of India (Marxist-Leninist) (Liberation),2611,7,2618
Tamil Nadu,Sriperumbudur,5,Mahendran.H,Naam Tamilar Katchi,84855,124,84979
Tamil Nadu,Sriperumbudur,6,Rajasekaran S,Anti Corruption Dynamic Party,13740,6,13746
Tamil Nadu,Sriperumbudur,7,Vaithilingam A,Pattali Makkal Katchi,284673,653,285326
Tamil Nadu,Sriperumbudur,8,Sridhar M,Makkal Needhi Maiam,135383,142,135525
Tamil Nadu,Sriperumbudur,9,Anantharaman R K,Independent,935,6,941
Tamil Nadu,Sriperumbudur,10,Ayodhi L,Independent,4046,4,4050
Tamil Nadu,Sriperumbudur,11,Indian.P.N.K.,Independent,1184,1,1185
Tamil Nadu,Sriperumbudur,12,Sasikumar A,Independent,803,1,804
Tamil Nadu,Sriperumbudur,13,Singarajan S P,Independent,738,0,738
Tamil Nadu,Sriperumbudur,14,Tambaram Narayanan G,Independent,41446,51,41497
Tamil Nadu,Sriperumbudur,15,Muthumaran K,Independent,1371,0,1371
Tamil Nadu,Sriperumbudur,16,Raja Marimuthu,Independent,2268,0,2268
Tamil Nadu,Sriperumbudur,17,Vasanthi S,Independent,2014,4,2018
Tamil Nadu,Sriperumbudur,18,Viruthagiri A,Independent,1799,1,1800
Tamil Nadu,Sriperumbudur,19,Vaithiyalingam R,Independent,883,2,885
Tamil Nadu,Sriperumbudur,20,NOTA,None of the Above,23288,55,23343
Tamil Nadu,Tenkasi,1,Dr.KRISHNASAMY.K,All India Anna Dravida Munnetra Kazhagam,354216,1654,355870
Tamil Nadu,Tenkasi,2,DHANUSH.M.KUMAR,Dravida Munnetra Kazhagam,470346,5810,476156
Tamil Nadu,Tenkasi,3,MATHIVANAN.S.S,Naam Tamilar Katchi,58855,590,59445
Tamil Nadu,Tenkasi,4,MUNESHWARAN. K,Makkal Needhi Maiam,23844,179,24023
Tamil Nadu,Tenkasi,5,RAVI. K,Anti Corruption Dynamic Party,1165,29,1194
Tamil Nadu,Tenkasi,6,SIVAJAYAPRAKASH.S,Independent,1939,8,1947
Tamil Nadu,Tenkasi,7,SUNDARAM.N,Independent,1486,4,1490
Tamil Nadu,Tenkasi,8,SUBBIAH. S,Independent,804,4,808
Tamil Nadu,Tenkasi,9,SURIYARAGUPATHI. T,Independent,3000,2,3002
Tamil Nadu,Tenkasi,10,SELVAKUMAR. M,Independent,2222,8,2230
Tamil Nadu,Tenkasi,11,THANGARAJ. C,Independent,723,4,727
Tamil Nadu,Tenkasi,12,DHANUSKODI.P,Independent,1241,4,1245
Tamil Nadu,Tenkasi,13,THAMARAI SELVAM. K,Independent,1471,2,1473
Tamil Nadu,Tenkasi,14,DEEPAN ARUN.A,Independent,1964,1,1965
Tamil Nadu,Tenkasi,15,PALANI SAMY.S,Independent,2946,4,2950
Tamil Nadu,Tenkasi,16,BHARATHARAJ. S,Independent,4226,0,4226
Tamil Nadu,Tenkasi,17,PERUMALSAMY. S,Independent,4327,7,4334
Tamil Nadu,Tenkasi,18,PONNUSAMY.R,Independent,3302,4,3306
Tamil Nadu,Tenkasi,19,PONNUTHAI.G,Independent,2424,3,2427
Tamil Nadu,Tenkasi,20,PONNUTHAI. S,Independent,91130,986,92116
Tamil Nadu,Tenkasi,21,PONNUTHAI. M,Independent,1118,11,1129
Tamil Nadu,Tenkasi,22,PONNUTHAI.M,Independent,4723,10,4733
Tamil Nadu,Tenkasi,23,MUTHUMURUGAN. M,Independent,1728,6,1734
Tamil Nadu,Tenkasi,24,MOORTHY. D,Independent,1980,5,1985
Tamil Nadu,Tenkasi,25,VAIRAVAN. P,Independent,996,2,998
Tamil Nadu,Tenkasi,26,NOTA,None of the Above,13900,156,14056
Tamil Nadu,Thanjavur,1,"PALANIMANICKAM,S.S.",Dravida Munnetra Kazhagam,583621,5357,588978
Tamil Nadu,Thanjavur,2,"STALIN,R.",Bahujan Samaj Party,5840,16,5856
Tamil Nadu,Thanjavur,3,"KRISHNAKUMAR,N.",Naam Tamilar Katchi,57740,184,57924
Tamil Nadu,Thanjavur,4,SAMPATH RAMADOSS,Makkal Needhi Maiam,23375,102,23477
Tamil Nadu,Thanjavur,5,"NATARAJAN,N.R .",Tamil Maanila Congress (Moopanar),220417,432,220849
Tamil Nadu,Thanjavur,6,"PANASAIARANGAN,K.N.",Desiya Makkal Sakthi Katchi,2038,3,2041
Tamil Nadu,Thanjavur,7,"ABDULBUHARI,K .",Independent,1242,2,1244
Tamil Nadu,Thanjavur,8,"SAMANTHA,K.S.",Independent,2638,5,2643
Tamil Nadu,Thanjavur,9,"SELVARAJ,R .",Independent,28234,40,28274
Tamil Nadu,Thanjavur,10,"MUTHUVEL,S .",Independent,4508,1,4509
Tamil Nadu,Thanjavur,11,"MURUGESAN, P.",Independent,102418,453,102871
Tamil Nadu,Thanjavur,12,"VIJAYAKUMAR,T.",Independent,5449,3,5452
Tamil Nadu,Thanjavur,13,NOTA,None of the Above,15050,55,15105
Tamil Nadu,Theni,1,"ARUMUGAM, S.",Bahujan Samaj Party,3676,94,3770
Tamil Nadu,Theni,2,"ELANGOVAN, E.V.K.S.",Indian National Congress,425785,2335,428120
Tamil Nadu,Theni,3,"RAVEENDRANATH KUMAR, P",All India Anna Dravida Munnetra Kazhagam,503459,1354,504813
Tamil Nadu,Theni,4,"ALLIKKODI, P.",Samajwadi Forward Bloc,4024,20,4044
Tamil Nadu,Theni,5,SHAGUL HAMEED,Naam Tamilar Katchi,27438,426,27864
Tamil Nadu,Theni,6,"CHINNASATHIYAMOORTHY, T.",SOCIALIST UNITY CENTRE OF INDIA (COMMUNIST),2590,7,2597
Tamil Nadu,Theni,7,"RADHAKRISHNAN, S.",Makkal Needhi Maiam,16708,171,16879
Tamil Nadu,Theni,8,"RAMARAJ, G.",Ulzaipali Makkal Katchy,754,25,779
Tamil Nadu,Theni,9,"ALEXPANDIAN, S.",Independent,3189,28,3217
Tamil Nadu,Theni,10,ANNAKILI,Independent,5226,32,5258
Tamil Nadu,Theni,11,"RAVICHANDRAN, K.",Independent,1037,6,1043
Tamil Nadu,Theni,12,ESWARAN,Independent,797,6,803
Tamil Nadu,Theni,13,GUNASINGH,Independent,719,5,724
Tamil Nadu,Theni,14,"KUMARAGURUBARAN, P.",Independent,1596,6,1602
Tamil Nadu,Theni,15,"KESAVARAJA, J.",Independent,1804,11,1815
Tamil Nadu,Theni,16,"SILAMBARASAN, P.",Independent,4191,7,4198
Tamil Nadu,Theni,17,"SIVAMUNIYANDI, A.",Independent,1902,6,1908
Tamil Nadu,Theni,18,"SENTHILKUMAR, J.",Independent,2172,0,2172
Tamil Nadu,Theni,19,THANGA TAMILSELVAN,Independent,143173,877,144050
Tamil Nadu,Theni,20,"PARTHIPAN, G.",Independent,1809,4,1813
Tamil Nadu,Theni,21,"PRAKASH, P.",Independent,832,7,839
Tamil Nadu,Theni,22,"MANIMURUGAN, C.",Independent,352,1,353
Tamil Nadu,Theni,23,"RAMACHANDRAN, K.",Independent,289,2,291
Tamil Nadu,Theni,24,"RAMAMURTHI, S.",Independent,273,0,273
Tamil Nadu,Theni,25,"RAJASEKARAN, V.",Independent,273,1,274
Tamil Nadu,Theni,26,"RAJARISHIGURUDEV, S.",Independent,613,1,614
Tamil Nadu,Theni,27,"RAJKUMAR, P.",Independent,288,2,290
Tamil Nadu,Theni,28,"VELMURUGAN, S.P.",Independent,926,0,926
Tamil Nadu,Theni,29,"VAIYATHURAI, A.",Independent,1022,0,1022
Tamil Nadu,Theni,30,"JEYAMANI, K.",Independent,449,3,452
Tamil Nadu,Theni,31,NOTA,None of the Above,10553,133,10686
Tamil Nadu,Thiruvallur,1,R.Anbuchezhian,Bahujan Samaj Party,15153,34,15187
Tamil Nadu,Thiruvallur,2,Dr.P.Venugopal,All India Anna Dravida Munnetra Kazhagam,409274,1063,410337
Tamil Nadu,Thiruvallur,3,Dr.K.Jayakumar,Indian National Congress,764093,3199,767292
Tamil Nadu,Thiruvallur,4,C.Kalanithi,Anti Corruption Dynamic Party,4153,9,4162
Tamil Nadu,Thiruvallur,5,D.Ravi Pariyanar,Republican Party of India (A),1754,6,1760
Tamil Nadu,Thiruvallur,6,Logarangan.M,Makkal Needhi Maiam,73555,176,73731
Tamil Nadu,Thiruvallur,7,M.VETRISELVI,Naam Tamilar Katchi,65254,162,65416
Tamil Nadu,Thiruvallur,8,G.Arulraj,Independent,871,1,872
Tamil Nadu,Thiruvallur,9,D.Anandaraj,Independent,788,1,789
Tamil Nadu,Thiruvallur,10,K.Kamalanathan,Independent,704,1,705
Tamil Nadu,Thiruvallur,11,V.Gunasekaran,Independent,907,1,908
Tamil Nadu,Thiruvallur,12,K.Chandrasekar,Independent,762,0,762
Tamil Nadu,Thiruvallur,13,S.Sargunam,Independent,722,1,723
Tamil Nadu,Thiruvallur,14,C.Bharath,Independent,1976,1,1977
Tamil Nadu,Thiruvallur,15,A.Manikandan,Independent,3123,3,3126
Tamil Nadu,Thiruvallur,16,Murugesan,Independent,3185,0,3185
Tamil Nadu,Thiruvallur,17,Pon.Raja,Independent,33869,75,33944
Tamil Nadu,Thiruvallur,18,N.Vikraman,Independent,1942,0,1942
Tamil Nadu,Thiruvallur,19,Vijaya .R.,Independent,2363,5,2368
Tamil Nadu,Thiruvallur,20,G.George,Independent,726,2,728
Tamil Nadu,Thiruvallur,21,NOTA,None of the Above,18175,100,18275
Tamil Nadu,Thoothukkudi,1,KANIMOZHI KARUNANIDHI,Dravida Munnetra Kazhagam,560345,2798,563143
Tamil Nadu,Thoothukkudi,2,"SIVA, V.",Bahujan Samaj Party,2909,18,2927
Tamil Nadu,Thoothukkudi,3,DR. TAMILISAI SOUNDARARAJAN,Bharatiya Janata Party,214497,1437,215934
Tamil Nadu,Thoothukkudi,4,GABRIEL JAMES FERNANDO,People's Party of India(secular),2546,3,2549
Tamil Nadu,Thoothukkudi,5,"CHRISTANTINE RAJASEKAR, S.",Naam Tamilar Katchi,48814,408,49222
Tamil Nadu,Thoothukkudi,6,"PON KUMARAN, T.P.S.",Makkal Needhi Maiam,25596,106,25702
Tamil Nadu,Thoothukkudi,7,"MAHARAJAN, M.",Pragatishil Samajwadi Party (Lohia),2911,11,2922
Tamil Nadu,Thoothukkudi,8,"RAJAKUMAR NAIDU, E.V.S.",Tamil Telugu National Party,2509,7,2516
Tamil Nadu,Thoothukkudi,9,RAJKUMAR POLIAH,Universal Brotherhood Movement,688,1,689
Tamil Nadu,Thoothukkudi,10,"JAYA GANESH, D.",Naam Indiar Party,903,5,908
Tamil Nadu,Thoothukkudi,11,"GERMANUS, S.",Christian Democratic Front,491,3,494
Tamil Nadu,Thoothukkudi,12,"ANTO HILLERY, M.",Independent,921,3,924
Tamil Nadu,Thoothukkudi,13,AMALAN RAJIV BONIFAS,Independent,2003,2,2005
Tamil Nadu,Thoothukkudi,14,"GANESAN, M.",Independent,1446,7,1453
Tamil Nadu,Thoothukkudi,15,"GURU, K.",Independent,2273,3,2276
Tamil Nadu,Thoothukkudi,16,"SANKARALINGAM, M.",Independent,3029,0,3029
Tamil Nadu,Thoothukkudi,17,"SARAVANAN, G.",Independent,2135,0,2135
Tamil Nadu,Thoothukkudi,18,"SUNMAN, V.",Independent,613,2,615
Tamil Nadu,Thoothukkudi,19,"SIVANESWARAN, J.",Independent,5201,51,5252
Tamil Nadu,Thoothukkudi,20,"SUBHASHINI MALLATHI, R.C.",Independent,7953,156,8109
Tamil Nadu,Thoothukkudi,21,"SELVIN, B.",Independent,927,2,929
Tamil Nadu,Thoothukkudi,22,"SENAI NATARAJAN, R.",Independent,473,1,474
Tamil Nadu,Thoothukkudi,23,"BALA MURUGAN, P.",Independent,1697,2,1699
Tamil Nadu,Thoothukkudi,24,"Er.PRADEEP GANESAN, M.P.",Independent,887,0,887
Tamil Nadu,Thoothukkudi,25,"Dr. BHUVANESWARAN, M.",Independent,76569,297,76866
Tamil Nadu,Thoothukkudi,26,"PONRAJ, S.",Independent,559,1,560
Tamil Nadu,Thoothukkudi,27,"PONNUSAMY, M.",Independent,435,1,436
Tamil Nadu,Thoothukkudi,28,"MARAKATHA RAGHAVA RAJ, T.",Independent,428,0,428
Tamil Nadu,Thoothukkudi,29,"RAMESH, A.",Independent,668,1,669
Tamil Nadu,Thoothukkudi,30,"RAVI SANKAR, J.",Independent,487,0,487
Tamil Nadu,Thoothukkudi,31,"RAMA KRISHNAN, M.",Independent,473,0,473
Tamil Nadu,Thoothukkudi,32,"RAMAKRISHNAN, P.",Independent,1668,3,1671
Tamil Nadu,Thoothukkudi,33,"RAJALINGAM, M.",Independent,1865,1,1866
Tamil Nadu,Thoothukkudi,34,"LOURDES, S.",Independent,459,1,460
Tamil Nadu,Thoothukkudi,35,"JEYARAJ, A.",Independent,477,0,477
Tamil Nadu,Thoothukkudi,36,"JAMES, G.",Independent,406,1,407
Tamil Nadu,Thoothukkudi,37,"JASPER GNANA MARTIN, G.",Independent,435,1,436
Tamil Nadu,Thoothukkudi,38,NOTA,None of the Above,9113,121,9234
Tamil Nadu,Tiruchirappalli,1,DR.Elangovan. V,Desiya Murpokku Dravida Kazhagam,161379,620,161999
Tamil Nadu,Tiruchirappalli,2,Thirunavukkarasar. SU,Indian National Congress,615667,5618,621285
Tamil Nadu,Tiruchirappalli,3,Balamurugan. S,Bahujan Samaj Party,3949,12,3961
Tamil Nadu,Tiruchirappalli,4,Asaithambi. P,Communist Party of India (Marxist-Leninist) (Liberation),2667,18,2685
Tamil Nadu,Tiruchirappalli,5,Anandharaja. V,Makkal Needhi Maiam,41970,164,42134
Tamil Nadu,Tiruchirappalli,6,Easudoss. S,Indian Christian Front,1299,4,1303
Tamil Nadu,Tiruchirappalli,7,Ganesan. P,Tamil Nadu Ilangyar Katchi,1318,6,1324
Tamil Nadu,Tiruchirappalli,8,Nachi. S,Desiya Uzhavar Uzhaipalar Kazhagam,2364,4,2368
Tamil Nadu,Tiruchirappalli,9,Vinoth. V,Naam Tamilar Katchi,64979,307,65286
Tamil Nadu,Tiruchirappalli,10,Arunachalam. A,Independent,4884,8,4892
Tamil Nadu,Tiruchirappalli,11,Ganesh. R,Independent,1220,3,1223
Tamil Nadu,Tiruchirappalli,12,Karuppaiah.C,Independent,1212,6,1218
Tamil Nadu,Tiruchirappalli,13,Kamaraj. K,Independent,731,0,731
Tamil Nadu,Tiruchirappalli,14,Karthik. K.M,Independent,2134,2,2136
Tamil Nadu,Tiruchirappalli,15,Gopalakrishnan. V,Independent,2529,3,2532
Tamil Nadu,Tiruchirappalli,16,Shadhik Batcha. A,Independent,3374,2,3376
Tamil Nadu,Tiruchirappalli,17,Sarubala. R. Thondaiman,Independent,100399,419,100818
Tamil Nadu,Tiruchirappalli,18,Sundrarajan.P,Independent,3450,1,3451
Tamil Nadu,Tiruchirappalli,19,Chellaperumal.,Independent,2241,0,2241
Tamil Nadu,Tiruchirappalli,20,Thirunavukarasu. S,Independent,3667,2,3669
Tamil Nadu,Tiruchirappalli,21,Durai Benjamin,Independent,873,3,876
Tamil Nadu,Tiruchirappalli,22,Pushparaj. K,Independent,1601,3,1604
Tamil Nadu,Tiruchirappalli,23,Vijayakumar. P,Independent,1350,4,1354
Tamil Nadu,Tiruchirappalli,24,Jayaram Metha. S,Independent,1158,1,1159
Tamil Nadu,Tiruchirappalli,25,NOTA,None of the Above,14296,141,14437
Tamil Nadu,Tirunelveli,1,ESSAKKIAMMAL E,Bahujan Samaj Party,3432,30,3462
Tamil Nadu,Tirunelveli,2,GNANATHIRAVIAM S,Dravida Munnetra Kazhagam,517219,5404,522623
Tamil Nadu,Tirunelveli,3,PAUL MANOJ PANDIAN,All India Anna Dravida Munnetra Kazhagam,335963,1203,337166
Tamil Nadu,Tirunelveli,4,SATHYA B,Naam Tamilar Katchi,49491,407,49898
Tamil Nadu,Tirunelveli,5,SIVASANKAR S,Jammu & Kashmir National Panthers Party,1248,3,1251
Tamil Nadu,Tirunelveli,6,SELVAGANESAN R,United States of India Party,1237,7,1244
Tamil Nadu,Tirunelveli,7,RAMAKRISHNAN N,Naam Indiar Party,1687,1,1688
Tamil Nadu,Tirunelveli,8,VENNIMALAI M,Makkal Needhi Maiam,22939,161,23100
Tamil Nadu,Tirunelveli,9,INDURANI S,Independent,885,11,896
Tamil Nadu,Tirunelveli,10,KAMALA KANNAN,Independent,477,2,479
Tamil Nadu,Tirunelveli,11,SELVA PRAKASH R,Independent,778,1,779
Tamil Nadu,Tirunelveli,12,BAGAVATHIKESAN T,Independent,879,0,879
Tamil Nadu,Tirunelveli,13,PAUL SOLOMON PANDIAN,Independent,1406,1,1407
Tamil Nadu,Tirunelveli,14,MAHARAJAN A,Independent,3938,2,3940
Tamil Nadu,Tirunelveli,15,MAHARAJAN V,Independent,5115,22,5137
Tamil Nadu,Tirunelveli,16,MANIKANDAN G,Independent,1957,1,1958
Tamil Nadu,Tirunelveli,17,MANIKANDAN P,Independent,1079,5,1084
Tamil Nadu,Tirunelveli,18,MANOHARAN P,Independent,2093,2,2095
Tamil Nadu,Tirunelveli,19,MURUGESAN S,Independent,3428,2,3430
Tamil Nadu,Tirunelveli,20,MICHAEL RAYAPPAN S,Independent,61760,449,62209
Tamil Nadu,Tirunelveli,21,MOHANRAJ A,Independent,630,0,630
Tamil Nadu,Tirunelveli,22,RAMASWAMY S,Independent,528,1,529
Tamil Nadu,Tirunelveli,23,RAMAMOORTHI B,Independent,585,1,586
Tamil Nadu,Tirunelveli,24,RAJIV VICTOR,Independent,627,1,628
Tamil Nadu,Tirunelveli,25,RAJKUMAR A,Independent,771,0,771
Tamil Nadu,Tirunelveli,26,RATHINASIGAMANI M,Independent,934,0,934
Tamil Nadu,Tirunelveli,27,NOTA,None of the Above,10855,103,10958
Tamil Nadu,Tiruppur,1,"AYYANAR, C.",Bahujan Samaj Party,7312,9,7321
Tamil Nadu,Tiruppur,2,"ANANDAN, M.S.M.",All India Anna Dravida Munnetra Kazhagam,414782,575,415357
Tamil Nadu,Tiruppur,3,"SUBBARAYAN, K.",Communist Party of India,505793,2932,508725
Tamil Nadu,Tiruppur,4,"CHANDIRAKUMAR, V.S.",Makkal Needhi Maiam,64538,119,64657
Tamil Nadu,Tiruppur,5,"JAGANATHAN, P.",Naam Tamilar Katchi,42079,110,42189
Tamil Nadu,Tiruppur,6,"KATHIRESAN, L.",Independent,3473,3,3476
Tamil Nadu,Tiruppur,7,"KANAGARAJ, P.",Independent,1519,1,1520
Tamil Nadu,Tiruppur,8,"KUMAR, D.",Independent,1597,2,1599
Tamil Nadu,Tiruppur,9,"SENTHILVEL, A.",Independent,1898,1,1899
Tamil Nadu,Tiruppur,10,"SELVAM, S.R.",Independent,43766,50,43816
Tamil Nadu,Tiruppur,11,"RAJKUMAR, S.",Independent,4479,2,4481
Tamil Nadu,Tiruppur,12,"JAGANATHAN, P.",Independent,2675,8,2683
Tamil Nadu,Tiruppur,13,NOTA,None of the Above,21782,79,21861
Tamil Nadu,Tiruvannamalai,1,ANNADURAI C N,Dravida Munnetra Kazhagam,661719,4553,666272
Tamil Nadu,Tiruvannamalai,2,AGRI KRISHNAMURTHY S S,All India Anna Dravida Munnetra Kazhagam,360256,1829,362085
Tamil Nadu,Tiruvannamalai,3,BABU B,Bahujan Samaj Party,4046,78,4124
Tamil Nadu,Tiruvannamalai,4,ARUL R,Makkal Needhi Maiam,14512,142,14654
Tamil Nadu,Tiruvannamalai,5,KALASTHRI S,All India Uzhavargal Uzhaippalargal Katchi,1967,32,1999
Tamil Nadu,Tiruvannamalai,6,RAMESHBABU R,Naam Tamilar Katchi,27258,245,27503
Tamil Nadu,Tiruvannamalai,7,ANNADURAI T S,Independent,923,14,937
Tamil Nadu,Tiruvannamalai,8,ANNADURAI S,Independent,1206,12,1218
Tamil Nadu,Tiruvannamalai,9,ANNADURAI B,Independent,842,6,848
Tamil Nadu,Tiruvannamalai,10,ANBALAGAN M,Independent,814,10,824
Tamil Nadu,Tiruvannamalai,11,INDIRAMOHAN P,Independent,727,1,728
Tamil Nadu,Tiruvannamalai,12,UDHAYAKUMAR P S,Independent,756,3,759
Tamil Nadu,Tiruvannamalai,13,AYYAPPAN M,Independent,846,5,851
Tamil Nadu,Tiruvannamalai,14,KARUNA S,Independent,1851,4,1855
Tamil Nadu,Tiruvannamalai,15,KALAIMANI S,Independent,1632,0,1632
Tamil Nadu,Tiruvannamalai,16,KRISHNAMOORTHY A,Independent,4175,0,4175
Tamil Nadu,Tiruvannamalai,17,KRISHNAMURTHI R,Independent,4001,0,4001
Tamil Nadu,Tiruvannamalai,18,SIVAGURURAJ T,Independent,1758,0,1758
Tamil Nadu,Tiruvannamalai,19,GNANASEKAR A,Independent,38503,136,38639
Tamil Nadu,Tiruvannamalai,20,PADAVETTAN M,Independent,604,2,606
Tamil Nadu,Tiruvannamalai,21,RAGHUNATHAN K,Independent,505,1,506
Tamil Nadu,Tiruvannamalai,22,RAJENDIRAN T,Independent,566,5,571
Tamil Nadu,Tiruvannamalai,23,VIGNESHWARAN A,Independent,606,0,606
Tamil Nadu,Tiruvannamalai,24,VIJAYAN A,Independent,622,1,623
Tamil Nadu,Tiruvannamalai,25,VELU R,Independent,1631,7,1638
Tamil Nadu,Tiruvannamalai,26,NOTA,None of the Above,12223,94,12317
Tamil Nadu,Viluppuram,1,KALIYAMOORTHY G,Bahujan Samaj Party,3917,26,3943
Tamil Nadu,Viluppuram,2,RAVIKUMAR D,Dravida Munnetra Kazhagam,556675,2910,559585
Tamil Nadu,Viluppuram,3,ABIRAMI P,Tamil Nadu Ilangyar Katchi,4719,20,4739
Tamil Nadu,Viluppuram,4,ANBIN POYYAMOZHI S,Makkal Needhi Maiam,17819,72,17891
Tamil Nadu,Viluppuram,5,PRAKALATHA D,Naam Tamilar Katchi,24480,129,24609
Tamil Nadu,Viluppuram,6,RAJA S,Agila India Makkal Kazhagam,2529,3,2532
Tamil Nadu,Viluppuram,7,VADIVEL RAVANAN S,Pattali Makkal Katchi,430091,1426,431517
Tamil Nadu,Viluppuram,8,ARASAN K,Independent,12778,3,12781
Tamil Nadu,Viluppuram,9,ANBALAGAN T,Independent,1312,2,1314
Tamil Nadu,Viluppuram,10,GANAPATHY N,Independent,57939,80,58019
Tamil Nadu,Viluppuram,11,KATHIRVEL M,Independent,994,1,995
Tamil Nadu,Viluppuram,12,DESINGU A,Independent,1348,2,1350
Tamil Nadu,Viluppuram,13,RAJASEKARAN M,Independent,4316,6,4322
Tamil Nadu,Viluppuram,14,NOTA,None of the Above,11882,61,11943
Tamil Nadu,Virudhunagar,1,"ALAGARSAMY, R.",Desiya Murpokku Dravida Kazhagam,315055,1274,316329
Tamil Nadu,Virudhunagar,2,"PERUMALSAMY, M.",Bahujan Samaj Party,3707,63,3770
Tamil Nadu,Virudhunagar,3,"MANICKAM TAGORE, B.",Indian National Congress,464667,6216,470883
Tamil Nadu,Virudhunagar,4,"ARULMOZHITHEVAN, K.",Naam Tamilar Katchi,52591,449,53040
Tamil Nadu,Virudhunagar,5,"KAVITHA, A.",Ahila India Dhayaga Makkal Munnetra Katchi,1632,133,1765
Tamil Nadu,Virudhunagar,6,"SAKKARAVARTHY, P.",All India Puratchi Thalaivar Makkal Munnettra Kazhagam,2731,33,2764
Tamil Nadu,Virudhunagar,7,"PACKIARAJ, E.",Tamil Nadu Ilangyar Katchi,1529,16,1545
Tamil Nadu,Virudhunagar,8,"MANIKANDAN, R.",Ezhuchi Tamilargal Munnetra Kazhagam,1964,5,1969
Tamil Nadu,Virudhunagar,9,"MUNIYASAMY, V.",Makkal Needhi Maiam,56815,314,57129
Tamil Nadu,Virudhunagar,10,"ALAGARSAMY, N.",Independent,3723,17,3740
Tamil Nadu,Virudhunagar,11,"ELANGO, S.",Independent,935,2,937
Tamil Nadu,Virudhunagar,12,"UMAYORUBAGAM, M.",Independent,788,1,789
Tamil Nadu,Virudhunagar,13,"GANESHKUMAR, S.",Independent,1622,2,1624
Tamil Nadu,Virudhunagar,14,"KALYANASUNDARAM, A.",Independent,2479,8,2487
Tamil Nadu,Virudhunagar,15,"GOVINDAN, A.",Independent,4194,5,4199
Tamil Nadu,Virudhunagar,16,"SANKARANARAYANAN, N.",Independent,3701,4,3705
Tamil Nadu,Virudhunagar,17,"SABARI PONRAJ, B.",Independent,5662,4,5666
Tamil Nadu,Virudhunagar,18,"SUGAN RAJEEV, M.",Independent,2435,1,2436
Tamil Nadu,Virudhunagar,19,"SENTHILKUMAR, S.",Independent,2714,3,2717
Tamil Nadu,Virudhunagar,20,"SELVAKUMAR, M.",Independent,842,4,846
Tamil Nadu,Virudhunagar,21,"ADVOCATE.THANGAPANDIAN, M.",Independent,1495,7,1502
Tamil Nadu,Virudhunagar,22,"Dr.DHANUSHKODI, M.",Independent,3108,10,3118
Tamil Nadu,Virudhunagar,23,"THIAGARAJAN, P.I.D.",Independent,850,3,853
Tamil Nadu,Virudhunagar,24,"PARAMASIVA IYYAPPAN, S.",Independent,107033,582,107615
Tamil Nadu,Virudhunagar,25,"PALANICHAMY KUDUMBAR, P.",Independent,1060,5,1065
Tamil Nadu,Virudhunagar,26,"BACKIYARAJ, K.",Independent,822,3,825
Tamil Nadu,Virudhunagar,27,"BALACHANDAR, N.",Independent,1812,2,1814
Tamil Nadu,Virudhunagar,28,"VALLINAYAGAM, N.",Independent,2289,22,2311
Tamil Nadu,Virudhunagar,29,NOTA,None of the Above,17087,205,17292
Telangana,Adilabad,1,Godam Nagesh,Telangana Rashtra Samithi,318665,149,318814
Telangana,Adilabad,2,RATHOD RAMESH,Indian National Congress,314057,181,314238
Telangana,Adilabad,3,SOYAM BAPU RAO,Bharatiya Janata Party,376892,482,377374
Telangana,Adilabad,4,KUMRAM VANDANA,Nava Praja Rajyam Party,8005,2,8007
Telangana,Adilabad,5,Dharavath Narendhar Naik,Janasena Party,5233,8,5241
Telangana,Adilabad,6,Pawar Krishna,Rashtriya Jankranti Party,2702,3,2705
Telangana,Adilabad,7,Bheemrao,Ambedkarite Party of India,6833,4,6837
Telangana,Adilabad,8,Aare Ellanna,Independent,3019,0,3019
Telangana,Adilabad,9,Kumra Raju,Independent,4388,0,4388
Telangana,Adilabad,10,Ganta Pentanna,Independent,4548,0,4548
Telangana,Adilabad,11,Nethavath Ramdas,Independent,5523,0,5523
Telangana,Adilabad,12,NOTA,None of the Above,13030,6,13036
Telangana,Bhongir,1,Komati Reddy Venkat Reddy,Indian National Congress,532031,764,532795
Telangana,Bhongir,2,Goda Sri Ramulu,Communist Party of India,28135,18,28153
Telangana,Bhongir,3,Dr. Boora Narsaiah Goud,Telangana Rashtra Samithi,527235,341,527576
Telangana,Bhongir,4,P.V. Shyam Sunder Rao,Bharatiya Janata Party,65222,235,65457
Telangana,Bhongir,5,Kotha Kistaiah,Ambedkar National Congress,1648,0,1648
Telangana,Bhongir,6,S.V. Ramana Rao,Samajwadi Forward Bloc,1157,1,1158
Telangana,Bhongir,7,Samrat Narender Boilla,Republican Party of India,1415,1,1416
Telangana,Bhongir,8,Devaram Nayak Sapavat,Independent,1562,2,1564
Telangana,Bhongir,9,Bhimanaboina Ramesh Yadav,Independent,4035,1,4036
Telangana,Bhongir,10,Morigadi Krishna,Independent,1960,0,1960
Telangana,Bhongir,11,Sri Ramulu Muthyala,Independent,3068,0,3068
Telangana,Bhongir,12,Singapaka Lingam,Independent,27973,0,27973
Telangana,Bhongir,13,Seeka Balraj Goud,Independent,3805,1,3806
Telangana,Bhongir,14,NOTA,None of the Above,12010,11,12021
Telangana,CHEVELLA,1,Konda Vishweshwar Reddy,Indian National Congress,513180,651,513831
Telangana,CHEVELLA,2,Dr. G. Ranjith Reddy,Telangana Rashtra Samithi,527878,270,528148
Telangana,CHEVELLA,3,B. Janardhan Reddy,Bharatiya Janata Party,201664,296,201960
Telangana,CHEVELLA,4,Vijay Aarya,Bahujan Samaj Party,4856,4,4860
Telangana,CHEVELLA,5,Giri Kummari,Pyramid Party of India,859,0,859
Telangana,CHEVELLA,6,Korra Pandu Naik,Bahujan Mukti Party,767,0,767
Telangana,CHEVELLA,7,Gurram Papi Reddy,Ambedkar National Congress,606,1,607
Telangana,CHEVELLA,8,Chepuri Raju,Dalita Bahujana Party,1103,0,1103
Telangana,CHEVELLA,9,Nalla Prem Kumar,Prem Janata Dal,1223,0,1223
Telangana,CHEVELLA,10,Palamakula Madhu,India Praja Bandhu Party,1114,0,1114
Telangana,CHEVELLA,11,Baswaiah Madiga,Prajaa Swaraaj Party,4179,0,4179
Telangana,CHEVELLA,12,Bennala Julee,National Women's Party,2148,7,2155
Telangana,CHEVELLA,13,Ragam Sathesh Yadav,All India Forward Bloc,1458,0,1458
Telangana,CHEVELLA,14,Ija Venkatesh Goud,Social Justice Party of India,1523,0,1523
Telangana,CHEVELLA,15,Vanam Sudhakar,Marxist Communist Party of India (United),6225,1,6226
Telangana,CHEVELLA,16,A.A. Sabri,Independent,4514,0,4514
Telangana,CHEVELLA,17,Anusha Keshavabhatla,Independent,3858,2,3860
Telangana,CHEVELLA,18,Yedla Suresh,Independent,6732,0,6732
Telangana,CHEVELLA,19,Jaidupally Yadaiah,Independent,1396,0,1396
Telangana,CHEVELLA,20,T. Durga Prasad,Independent,1078,0,1078
Telangana,CHEVELLA,21,P. Purushotham,Independent,1805,0,1805
Telangana,CHEVELLA,22,G. Ravi Kumar Yadav,Independent,781,0,781
Telangana,CHEVELLA,23,Sanem Raju Goud,Independent,771,0,771
Telangana,CHEVELLA,24,NOTA,None of the Above,9235,9,9244
Telangana,Hyderabad,1,ASADUDDIN OWAISI,All India Majlis-E-Ittehadul Muslimeen,517239,232,517471
Telangana,Hyderabad,2,PUSTHE SRIKANTH,Telangana Rashtra Samithi,63180,59,63239
Telangana,Hyderabad,3,Dr. BHAGAVANTH RAO,Bharatiya Janata Party,235056,229,235285
Telangana,Hyderabad,4,MOHAMMED FEROZ KHAN,Indian National Congress,49873,71,49944
Telangana,Hyderabad,5,DORNALA JAYA PRAKASH,New India Party,699,0,699
Telangana,Hyderabad,6,RANGACHARYA,Samajwadi Forward Bloc,408,0,408
Telangana,Hyderabad,7,L. ASHOK NATH,Independent,416,0,416
Telangana,Hyderabad,8,K. NAGARAJ,Independent,414,0,414
Telangana,Hyderabad,9,V. BAL KRISHNA,Independent,433,0,433
Telangana,Hyderabad,10,BEERAMGANTI VENKAT RAMESH NAIDU,Independent,399,0,399
Telangana,Hyderabad,11,MOHAMMED ABDUL AZEEM,Independent,329,0,329
Telangana,Hyderabad,12,MOHD AHMED,Independent,494,0,494
Telangana,Hyderabad,13,K. MAHESHWAR,Independent,419,1,420
Telangana,Hyderabad,14,SANJAY KUMAR SHUKLA,Independent,552,1,553
Telangana,Hyderabad,15,Dr. H. SUSHEEL RAJ,Independent,1715,0,1715
Telangana,Hyderabad,16,NOTA,None of the Above,5641,12,5653
Telangana,Karimnagar,1,Ponnam Prabhaker,Indian National Congress,179140,118,179258
Telangana,Karimnagar,2,BANDI SANJAY KUMAR,Bharatiya Janata Party,497462,814,498276
Telangana,Karimnagar,3,BOIANAPALLI VINOD KUMAR,Telangana Rashtra Samithi,408560,208,408768
Telangana,Karimnagar,4,VENKANNA ANAGANDULA,Bahujan Samaj Party,9753,11,9764
Telangana,Karimnagar,5,ANILKUMAR CHINTHA,Pyramid Party of India,1269,0,1269
Telangana,Karimnagar,6,AILA PRASANNA,Anti Corruption Dynamic Party,1458,1,1459
Telangana,Karimnagar,7,PALLE PRASHANTH,Jai Swaraj Party,1056,0,1056
Telangana,Karimnagar,8,REDDY VENUGOPAL,Samajwadi Forward Bloc,1431,0,1431
Telangana,Karimnagar,9,KOTA SHYAMKUMAR,Independent,1454,0,1454
Telangana,Karimnagar,10,GANGARAPU THIRUPATHI,Independent,1814,0,1814
Telangana,Karimnagar,11,CHILIVERU SRIKANTH,Independent,3470,0,3470
Telangana,Karimnagar,12,DURVASA REDDY PAKALA,Independent,11635,2,11637
Telangana,Karimnagar,13,PABBA BHANU LAXMAN,Independent,6384,1,6385
Telangana,Karimnagar,14,MUKKISA RATHNAKAR REDDY,Independent,5851,0,5851
Telangana,Karimnagar,15,RAMESHBABU SHANIGARAPU,Independent,7826,0,7826
Telangana,Karimnagar,16,NOTA,None of the Above,7975,4,7979
Telangana,Khammam,1,DEVAKI VASUDEVA RAO,Bharatiya Janata Party,20401,87,20488
Telangana,Khammam,2,NAMA NAGESWR RAO,Telangana Rashtra Samithi,566621,838,567459
Telangana,Khammam,3,Boda Venkat,Communist Party of India (Marxist),57065,37,57102
Telangana,Khammam,4,RENUKA CHOWDHURY,Indian National Congress,399008,389,399397
Telangana,Khammam,5,UMAMAHESWARA RAO CHERUKUPALLI,Telangana Yuva Shakti,3406,1,3407
Telangana,Khammam,6,KATTA SRINIVAS,Yekikrutha Sankshema Rashtriya Praja Party,1319,1,1320
Telangana,Khammam,7,GOPOJU RAMESH BABU,Telangana Communist Party of India,1660,0,1660
Telangana,Khammam,8,NARALA SATYANARAYANA,Janasena Party,19304,11,19315
Telangana,Khammam,9,NAGESWARA RAO LAKAVATH,Bahujan Mukti Party,1028,2,1030
Telangana,Khammam,10,VENKATESWAR RAO PULLAKHANDAM,Pyramid Party of India,969,0,969
Telangana,Khammam,11,ANIL KUMAR MADDINENI,Independent,871,1,872
Telangana,Khammam,12,AVUTAPALLI RAMBABU,Independent,1154,0,1154
Telangana,Khammam,13,KOPPULA SREENIVASARAO,Independent,1797,0,1797
Telangana,Khammam,14,GUGULOTHU RAMESH,Independent,2484,1,2485
Telangana,Khammam,15,GOKINAPALLI VENKATESWAR RAO,Independent,11517,3,11520
Telangana,Khammam,16,GOPAGANI SHANKARA RAO,Independent,9949,0,9949
Telangana,Khammam,17,DUNUKU VELADRI,Independent,1506,0,1506
Telangana,Khammam,18,PARSAGANI NAGESWARA RAO,Independent,10148,0,10148
Telangana,Khammam,19,PALVANCHA RAMARAO,Independent,2736,3,2739
Telangana,Khammam,20,BHANALA LAXMANA CHARY,Independent,4704,0,4704
Telangana,Khammam,21,MUTYAM ARJUNA RAJU,Independent,2220,0,2220
Telangana,Khammam,22,LAXMA NAIK BANOTH,Independent,732,2,734
Telangana,Khammam,23,SANJEEVA RAO NAKIRIKANTI,Independent,2024,0,2024
Telangana,Khammam,24,NOTA,None of the Above,15802,30,15832
Telangana,Mahabubabad,1,Kalluri. Venkateswara Rao.,Communist Party of India,45694,25,45719
Telangana,Mahabubabad,2,Kavitha Malothu,Telangana Rashtra Samithi,461824,285,462109
Telangana,Mahabubabad,3,Jatothu Hussain,Bharatiya Janata Party,25333,154,25487
Telangana,Mahabubabad,4,Balaram Naik Porika,Indian National Congress,315262,184,315446
Telangana,Mahabubabad,5,Arun Kumar Mypathi,Telangana Jana Samithi,56969,104,57073
Telangana,Mahabubabad,6,B. Parvathi,Pyramid Party of India,2300,2,2302
Telangana,Mahabubabad,7,Balsingh Daravath,Bhartiya Anarakshit Party,5908,0,5908
Telangana,Mahabubabad,8,"Bhaskar Naik Bhukya. Dr,,",Janasena Party,9788,23,9811
Telangana,Mahabubabad,9,Uke Kousalya.,Independent,11054,4,11058
Telangana,Mahabubabad,10,Kalthi Yarraiah,Independent,3846,5,3851
Telangana,Mahabubabad,11,Palvancha. Durga.,Independent,3210,3,3213
Telangana,Mahabubabad,12,Balu Nayak Bhukya,Independent,14865,1,14866
Telangana,Mahabubabad,13,Mokalla. Murali Krishna.,Independent,6666,0,6666
Telangana,Mahabubabad,14,Vaditya Shriram Naik,Independent,5942,2,5944
Telangana,Mahabubabad,15,NOTA,None of the Above,14073,9,14082
Telangana,Mahbubnagar,1,ARUNA D.K,Bharatiya Janata Party,333121,452,333573
Telangana,Mahbubnagar,2,CHALLA VAMSHI CHAND REDDY,Indian National Congress,193513,118,193631
Telangana,Mahbubnagar,3,MANNE SRINIVAS REDDY,Telangana Rashtra Samithi,411241,161,411402
Telangana,Mahbubnagar,4,IMRAN AHMED KHAN,Ambedkar National Congress,4459,3,4462
Telangana,Mahbubnagar,5,V. DASRAM NAYAK,Bahujan Mukti Party,2479,3,2482
Telangana,Mahbubnagar,6,E. Shivadurgavaraprasad Reddy,Indian Rakshaka Nayakudu Party,2010,2,2012
Telangana,Mahbubnagar,7,Azeez Khan M.A.,Independent,1499,0,1499
Telangana,Mahbubnagar,8,Imtiyaz Ahamad,Independent,8493,2,8495
Telangana,Mahbubnagar,9,JORIGHA VISHWESHWAR,Independent,2471,0,2471
Telangana,Mahbubnagar,10,D. Thimmappa,Independent,3488,1,3489
Telangana,Mahbubnagar,11,POLA PRASHANTH KUMAR,Independent,5783,0,5783
Telangana,Mahbubnagar,12,Munnurukapu Gopal Reddy,Independent,4735,0,4735
Telangana,Mahbubnagar,13,NOTA,None of the Above,10599,1,10600
Telangana,Malkajgiri,1,ANUMULA REVANTH REDDY,Indian National Congress,602907,841,603748
Telangana,Malkajgiri,2,RAJASHEKAR REDDY MARRI,Telangana Rashtra Samithi,592485,344,592829
Telangana,Malkajgiri,3,RAMCHANDER RAO NARAPARAJU,Bharatiya Janata Party,303851,431,304282
Telangana,Malkajgiri,4,CHAMAKURA RAJAIAH,Social Justice Party of India,1350,1,1351
Telangana,Malkajgiri,5,DHARMASANAM BHANUMURTHY,Praja Satta Party,719,1,720
Telangana,Malkajgiri,6,BALAMANI BURU,India Praja Bandhu Party,1233,3,1236
Telangana,Malkajgiri,7,MAHENDER REDDY BONGUNOORI,Janasena Party,28413,7,28420
Telangana,Malkajgiri,8,CHALIKA CHANDRA SEKHAR,Independent,1178,2,1180
Telangana,Malkajgiri,9,THIRUPATAIAH ENDURAM,Independent,3750,0,3750
Telangana,Malkajgiri,10,DONTHULA BIKSHAPATHI,Independent,3307,1,3308
Telangana,Malkajgiri,11,RAJENDER PONNALA,Independent,2680,0,2680
Telangana,Malkajgiri,12,SAI KIRAN GONE,Independent,1660,4,1664
Telangana,Malkajgiri,13,NOTA,None of the Above,17867,28,17895
Telangana,Medak,1,Anil Kumar Gali,Indian National Congress,279442,179,279621
Telangana,Medak,2,Kotha Prabhakar Reddy,Telangana Rashtra Samithi,595830,218,596048
Telangana,Medak,3,Madavaneni Raghunandan Rao,Bharatiya Janata Party,201243,324,201567
Telangana,Medak,4,Bharatesh,SOCIALIST UNITY CENTRE OF INDIA (COMMUNIST),2442,3,2445
Telangana,Medak,5,Madhava Reddy Gari Hanmantha Reddy,Shivsena,2624,0,2624
Telangana,Medak,6,Merige Santhosh Reddy,Pyramid Party of India,1482,1,1483
Telangana,Medak,7,Kallu Narsimlu Goud,Independent,3523,0,3523
Telangana,Medak,8,Gajabhinkar Bansilal,Independent,14711,0,14711
Telangana,Medak,9,Thummalapally Pruthviraj,Independent,18813,0,18813
Telangana,Medak,10,Bangaru Krishna,Independent,13997,1,13998
Telangana,Medak,11,NOTA,None of the Above,15383,7,15390
Telangana,Nagarkurnool,1,POTHUGANTI RAMULU,Telangana Rashtra Samithi,499428,244,499672
Telangana,Nagarkurnool,2,DR MALLU RAVI,Indian National Congress,309732,192,309924
Telangana,Nagarkurnool,3,B YOSEF,Bahujan Samaj Party,12457,17,12474
Telangana,Nagarkurnool,4,SHRUTHI BANGARU ALIAS BANGARU SHRUTHI,Bharatiya Janata Party,128686,335,129021
Telangana,Nagarkurnool,5,V AMARNATH,India Praja Bandhu Party,2012,3,2015
Telangana,Nagarkurnool,6,GADDAM VIJAY,Bahujan Mukti Party,1750,0,1750
Telangana,Nagarkurnool,7,KARVANGA SHARATH,Independent,1848,4,1852
Telangana,Nagarkurnool,8,CHARAGONDA KRISHNAMMA,Independent,2276,0,2276
Telangana,Nagarkurnool,9,PRABHUDAS BANDARU THUMU,Independent,3466,0,3466
Telangana,Nagarkurnool,10,BAAKI RENUKA,Independent,3960,0,3960
Telangana,Nagarkurnool,11,SRINIVAS BUDDULA,Independent,9912,0,9912
Telangana,Nagarkurnool,12,NOTA,None of the Above,13521,4,13525
Telangana,Nalgonda,1,UTTAM KUMAR REDDY NALAMADA,Indian National Congress,525508,520,526028
Telangana,Nalgonda,2,GARLAPATI JITHENDRA KUMAR,Bharatiya Janata Party,52559,150,52709
Telangana,Nalgonda,3,MALLU LAXMI,Communist Party of India (Marxist),25062,27,25089
Telangana,Nalgonda,4,VEMIREDDY NARASIMHA REDDY,Telangana Rashtra Samithi,500120,226,500346
Telangana,Nalgonda,5,AKULA PAUL,Pyramid Party of India,3225,0,3225
Telangana,Nalgonda,6,KATRAVATH VENKATESH,Bahujan Mukti Party,1679,0,1679
Telangana,Nalgonda,7,JANAIAH NANDIPATI,Telangana Sakalajanula Party,1047,1,1048
Telangana,Nalgonda,8,MEKALA SATHEESH REDDY,Janasena Party,11282,6,11288
Telangana,Nalgonda,9,LALU NAIK RAMAVATH,Bahujana Raajyam Party (Phule Ambedkar),1005,3,1008
Telangana,Nalgonda,10,LITHESH SUNKARI,Social Justice Party of India,1052,1,1053
Telangana,Nalgonda,11,SOLIPURAM VENUGOPAL REDDY,Ambedkar National Congress,1124,0,1124
Telangana,Nalgonda,12,KARAMTOTHU MANGTHA,Independent,1897,0,1897
Telangana,Nalgonda,13,KIRAN VANGAPALLI,Independent,3365,1,3366
Telangana,Nalgonda,14,JAKKULA NAVEEN YADAV,Independent,3098,0,3098
Telangana,Nalgonda,15,THAGULLA JANARDHAN,Independent,1830,0,1830
Telangana,Nalgonda,16,THANDU UPENDAR,Independent,4175,0,4175
Telangana,Nalgonda,17,NAKIRIKANTI. CHITTEMMA,Independent,4964,1,4965
Telangana,Nalgonda,18,POLISHETTY VENKATESHWARLU,Independent,824,0,824
Telangana,Nalgonda,19,BANDARU NAGARAJU,Independent,557,0,557
Telangana,Nalgonda,20,MADHU SAPAVATH,Independent,2516,1,2517
Telangana,Nalgonda,21,MARRI. NEHEMIAH,Independent,1046,0,1046
Telangana,Nalgonda,22,MARAM VENKAT REDDY,Independent,8585,0,8585
Telangana,Nalgonda,23,MEKALA VENKANNA,Independent,2009,1,2010
Telangana,Nalgonda,24,RAMESH SUNKARA,Independent,1235,0,1235
Telangana,Nalgonda,25,ROYYALA. SRINIVASULU,Independent,5376,0,5376
Telangana,Nalgonda,26,LINGIDI VENKATESWARLU,Independent,1422,0,1422
Telangana,Nalgonda,27,SREENU VADTHYA,Independent,2641,2,2643
Telangana,Nalgonda,28,NOTA,None of the Above,5547,13,5560
Telangana,Nizamabad,1,ARVIND DHARMAPURI,Bharatiya Janata Party,479748,836,480584
Telangana,Nizamabad,2,KALVAKUNTLA KAVITHA,Telangana Rashtra Samithi,409481,228,409709
Telangana,Nizamabad,3,MADHU GOUD YASKHI,Indian National Congress,69173,67,69240
Telangana,Nizamabad,4,ANJAIAH KONDANI,Pyramid Party of India,1229,0,1229
Telangana,Nizamabad,5,BATHNATHE SHANKAR,Janasena Party,2019,4,2023
Telangana,Nizamabad,6,ROTTE CHAKRADHAR SHARMA,Samajwadi Forward Bloc,495,0,495
Telangana,Nizamabad,7,S. SAGAR,Bahujan Mukti Party,754,3,757
Telangana,Nizamabad,8,ANJAIAH,Independent,325,0,325
Telangana,Nizamabad,9,AYILENI VIKRAM REDDY,Independent,734,0,734
Telangana,Nizamabad,10,ALLOORI ANIL KUMAR,Independent,416,0,416
Telangana,Nizamabad,11,ALLURI LIMBA REDDY,Independent,662,0,662
Telangana,Nizamabad,12,AKULA HANMANDLU,Independent,1610,0,1610
Telangana,Nizamabad,13,ARE SAYANNA,Independent,851,0,851
Telangana,Nizamabad,14,ARMOOR SAGAR,Independent,1092,0,1092
Telangana,Nizamabad,15,ASLI GANESH,Independent,2648,0,2648
Telangana,Nizamabad,16,IPPA LACHANNA,Independent,6096,0,6096
Telangana,Nizamabad,17,URUMALLA LAXMA REDDY,Independent,1673,0,1673
Telangana,Nizamabad,18,ADAMALA RAVINDHAR REDDY,Independent,1035,0,1035
Telangana,Nizamabad,19,ELETI MOHAN REDDY,Independent,366,0,366
Telangana,Nizamabad,20,ELETI MALLA REDDY,Independent,243,0,243
Telangana,Nizamabad,21,ALETI RAJAREDDY,Independent,1189,0,1189
Telangana,Nizamabad,22,ANUGU THIRUMAL,Independent,366,0,366
Telangana,Nizamabad,23,ENUGU MALLESH,Independent,233,0,233
Telangana,Nizamabad,24,ENUGU RAJESHWER,Independent,238,0,238
Telangana,Nizamabad,25,ENUGU SHANKER,Independent,1364,1,1365
Telangana,Nizamabad,26,ELETI LAXMA REDDY,Independent,337,0,337
Telangana,Nizamabad,27,ELETI SANJEEV REDDY,Independent,250,0,250
Telangana,Nizamabad,28,N. OMKAR REDDY,Independent,1142,0,1142
Telangana,Nizamabad,29,KANDUKALA SHIVA KUMAR GOUD,Independent,329,0,329
Telangana,Nizamabad,30,KANAKA PRAMOD,Independent,494,0,494
Telangana,Nizamabad,31,KATIPELLY KUMAR,Independent,1439,0,1439
Telangana,Nizamabad,32,KATIPELLY RAMESH,Independent,2535,0,2535
Telangana,Nizamabad,33,KAMAREDDY SANTOSH,Independent,625,0,625
Telangana,Nizamabad,34,A. KARTHIK,Independent,351,0,351
Telangana,Nizamabad,35,KUNTA NARAYANA REDDY,Independent,241,0,241
Telangana,Nizamabad,36,KUMBALA SANJEEVA REDDY,Independent,285,1,286
Telangana,Nizamabad,37,KONDHAPURAM NARSAIAH,Independent,2089,0,2089
Telangana,Nizamabad,38,KOMMULA BUCHI REDDY,Independent,183,0,183
Telangana,Nizamabad,39,KOLA VENKATESH,Independent,209,0,209
Telangana,Nizamabad,40,KONGARI SANJEEV,Independent,133,0,133
Telangana,Nizamabad,41,KOTTALA MAHENDHER,Independent,199,0,199
Telangana,Nizamabad,42,A. GANGADHAR,Independent,422,0,422
Telangana,Nizamabad,43,N. GANGARAM,Independent,281,0,281
Telangana,Nizamabad,44,GANGA REDDY M,Independent,318,0,318
Telangana,Nizamabad,45,R. GANGAREDDY,Independent,352,0,352
Telangana,Nizamabad,46,M. GANGAREDDY,Independent,353,0,353
Telangana,Nizamabad,47,K. GANGA REDDY,Independent,844,0,844
Telangana,Nizamabad,48,G. C. GANGAREDDY,Independent,936,0,936
Telangana,Nizamabad,49,P. GANGA REDDY,Independent,459,0,459
Telangana,Nizamabad,50,GANGASARAM RAJA REDDY,Independent,458,0,458
Telangana,Nizamabad,51,GAJJALA SAI PRASAD,Independent,203,0,203
Telangana,Nizamabad,52,GADKOLE RAMESH,Independent,878,0,878
Telangana,Nizamabad,53,GADDAM GANGAREDDY,Independent,173,0,173
Telangana,Nizamabad,54,GADDAM THIRUPATHI,Independent,257,0,257
Telangana,Nizamabad,55,GADDAM PURUSHOTHAM,Independent,125,0,125
Telangana,Nizamabad,56,GADDAM MOHAN,Independent,128,0,128
Telangana,Nizamabad,57,GADDAM RAJENDHARREDDY,Independent,115,0,115
Telangana,Nizamabad,58,GADDAM RAJESHWAR,Independent,536,0,536
Telangana,Nizamabad,59,GUNDETI SRINIVAS,Independent,175,0,175
Telangana,Nizamabad,60,GUJJULA RAMESH,Independent,150,0,150
Telangana,Nizamabad,61,GURADI SRINIVAS,Independent,167,0,167
Telangana,Nizamabad,62,GOSKULA MAHESH BABU,Independent,254,0,254
Telangana,Nizamabad,63,CHINTHALAPELLY GANGA REDDY,Independent,255,0,255
Telangana,Nizamabad,64,CHINTHALAPELLY MOHAN,Independent,797,0,797
Telangana,Nizamabad,65,CHINTHALAPELLY RAGHUPATHI REDDY,Independent,676,0,676
Telangana,Nizamabad,66,CHINNAIAH MUKKERA,Independent,560,0,560
Telangana,Nizamabad,67,J. CHINNA REDDY,Independent,512,0,512
Telangana,Nizamabad,68,CHILKURI GANGANNA,Independent,184,0,184
Telangana,Nizamabad,69,M. JEEVAN REDDY,Independent,212,0,212
Telangana,Nizamabad,70,JAIDI CHINNA GANGARAM,Independent,153,0,153
Telangana,Nizamabad,71,TANKASALA VINAY,Independent,170,0,170
Telangana,Nizamabad,72,DABBA RAJA REDDY,Independent,312,0,312
Telangana,Nizamabad,73,TALARI SUMAN,Independent,258,0,258
Telangana,Nizamabad,74,THIRUPATHI REDDY PANNALA,Independent,282,2,284
Telangana,Nizamabad,75,THEEGALA ASHOK REDDY,Independent,489,0,489
Telangana,Nizamabad,76,THEEGALA TIRUPATHI REDDY,Independent,399,0,399
Telangana,Nizamabad,77,THEEGALA RAJESHWAR,Independent,215,0,215
Telangana,Nizamabad,78,THEETLA ANIL,Independent,351,0,351
Telangana,Nizamabad,79,TUMMALA NAVEEN,Independent,710,0,710
Telangana,Nizamabad,80,TURAGA NARSAREDDY,Independent,920,0,920
Telangana,Nizamabad,81,TURPU PEDDA GANGARAM,Independent,2172,0,2172
Telangana,Nizamabad,82,THOTA SRINIVAS,Independent,2467,0,2467
Telangana,Nizamabad,83,THORTHI GANGA REDDY,Independent,548,0,548
Telangana,Nizamabad,84,K. DIVAKAR,Independent,338,0,338
Telangana,Nizamabad,85,DEVANNA PINDI,Independent,213,0,213
Telangana,Nizamabad,86,DODDI KINDI LINGAREDDY,Independent,211,0,211
Telangana,Nizamabad,87,NATTA BHAVANNA,Independent,266,0,266
Telangana,Nizamabad,88,NADISHARAM MALLAIAH,Independent,418,0,418
Telangana,Nizamabad,89,G. NARSAIAH,Independent,325,0,325
Telangana,Nizamabad,90,NARSAIAH AKKAGARI,Independent,1603,0,1603
Telangana,Nizamabad,91,NALIMELA MAHENDER,Independent,847,0,847
Telangana,Nizamabad,92,NALLA NADPI MUTHANNA,Independent,652,0,652
Telangana,Nizamabad,93,NALLA BALAKISHAN,Independent,431,0,431
Telangana,Nizamabad,94,NAGULAPALLY DEVENDAR,Independent,665,0,665
Telangana,Nizamabad,95,NEERADI PRAVEEN,Independent,1057,0,1057
Telangana,Nizamabad,96,NEMILLA LINGA REDDY,Independent,2563,0,2563
Telangana,Nizamabad,97,NOMULA GOPAL REDDY,Independent,2592,0,2592
Telangana,Nizamabad,98,NOMULA MOHAN REDDY,Independent,1364,0,1364
Telangana,Nizamabad,99,PADIGELA PRAVEEN,Independent,438,0,438
Telangana,Nizamabad,100,PANNALA NARSA REDDY,Independent,429,0,429
Telangana,Nizamabad,101,PUNDRA SRINIVAS REDDY,Independent,863,0,863
Telangana,Nizamabad,102,PUTTINTI SAI REDDY,Independent,249,0,249
Telangana,Nizamabad,103,PUPPALA HANMANDLU,Independent,291,0,291
Telangana,Nizamabad,104,PRUTHVIRAJ GADEPALLI,Independent,616,0,616
Telangana,Nizamabad,105,PENTA NARSAIAH,Independent,388,0,388
Telangana,Nizamabad,106,PEDDA GANGADHAR TALARI,Independent,228,0,228
Telangana,Nizamabad,107,POTHUGANTI VENKATESH,Independent,156,0,156
Telangana,Nizamabad,108,A. POSHETTY,Independent,235,1,236
Telangana,Nizamabad,109,M. PRAKASH,Independent,312,0,312
Telangana,Nizamabad,110,PRATHAP MACHARLA,Independent,335,0,335
Telangana,Nizamabad,111,PRASANTH,Independent,781,0,781
Telangana,Nizamabad,112,BANDI RAVINDHAR,Independent,1701,0,1701
Telangana,Nizamabad,113,BHANDELA VENKATA RAJAM,Independent,834,0,834
Telangana,Nizamabad,114,BAKKASETTY GANGADHAR,Independent,467,0,467
Telangana,Nizamabad,115,BADDAM ASHOK,Independent,296,0,296
Telangana,Nizamabad,116,BADDAM INDRASENA REDDY,Independent,891,0,891
Telangana,Nizamabad,117,BADDAM GANGADHAR,Independent,153,0,153
Telangana,Nizamabad,118,BADDAM DEVENDAR,Independent,189,0,189
Telangana,Nizamabad,119,BADDAM SRINIVASA REDDY,Independent,180,0,180
Telangana,Nizamabad,120,BADDAM SURESH,Independent,280,0,280
Telangana,Nizamabad,121,BALIJE LAXMI RAJAM,Independent,114,0,114
Telangana,Nizamabad,122,BAI SAYANNA,Independent,165,0,165
Telangana,Nizamabad,123,BARLA SANTHOSH,Independent,135,0,135
Telangana,Nizamabad,124,B. BALA RAJU,Independent,106,0,106
Telangana,Nizamabad,125,BEJJENKI LINGA REDDY,Independent,123,0,123
Telangana,Nizamabad,126,BODUGAM NARENDAR,Independent,138,0,138
Telangana,Nizamabad,127,G. BORRANNA,Independent,279,0,279
Telangana,Nizamabad,128,BYAGARI SHANTHAIAH,Independent,441,0,441
Telangana,Nizamabad,129,MAGGIDI KATIPELLY RAJESH,Independent,778,0,778
Telangana,Nizamabad,130,MAGGIDI NARSAIAH,Independent,314,0,314
Telangana,Nizamabad,131,MADHU BUTTI,Independent,149,0,149
Telangana,Nizamabad,132,M. MALLA REDDY,Independent,146,0,146
Telangana,Nizamabad,133,N. MALLAREDDY,Independent,166,0,166
Telangana,Nizamabad,134,A. MAHIPAL REDDY,Independent,497,0,497
Telangana,Nizamabad,135,MAHENDHAR MUSKU,Independent,110,0,110
Telangana,Nizamabad,136,MAMIDI CHINNA REDDY,Independent,149,0,149
Telangana,Nizamabad,137,MAMIDI THIRUPATHI REDDY,Independent,725,0,725
Telangana,Nizamabad,138,MAMIDI RAJASHEKAR REDDY,Independent,186,0,186
Telangana,Nizamabad,139,MARU JANARDHAN,Independent,201,0,201
Telangana,Nizamabad,140,MITTAPELLI MALLAIAH,Independent,126,0,126
Telangana,Nizamabad,141,D. MUTHA REDDY,Independent,109,0,109
Telangana,Nizamabad,142,MUTHENNA LAKKARA,Independent,159,0,159
Telangana,Nizamabad,143,MUSKU RAJESHWAR,Independent,242,0,242
Telangana,Nizamabad,144,MEKKONDA RAMREDDY,Independent,553,0,553
Telangana,Nizamabad,145,MOHD. JAMEEL,Independent,851,1,852
Telangana,Nizamabad,146,MEDIPELLY SHEKAR REDDY,Independent,703,0,703
Telangana,Nizamabad,147,Y. RAJITHA,Independent,426,0,426
Telangana,Nizamabad,148,G. RAMESH,Independent,718,0,718
Telangana,Nizamabad,149,S. RAMESH REDDY,Independent,192,0,192
Telangana,Nizamabad,150,RAVI SHANKER KUNTA,Independent,123,0,123
Telangana,Nizamabad,151,RAJANNA,Independent,107,0,107
Telangana,Nizamabad,152,RAJA VENKAT REDDY PASHAPU,Independent,186,0,186
Telangana,Nizamabad,153,S. RAJASHEKAR,Independent,265,0,265
Telangana,Nizamabad,154,RAJU SOMIREDDY,Independent,118,0,118
Telangana,Nizamabad,155,P. RAJENDHAR,Independent,109,0,109
Telangana,Nizamabad,156,RAPELLY SRINIVAS,Independent,468,0,468
Telangana,Nizamabad,157,K. RAM RAJ,Independent,161,0,161
Telangana,Nizamabad,158,RAYIDI MAHESH,Independent,246,0,246
Telangana,Nizamabad,159,RIKKALA RAJAREDDY,Independent,479,0,479
Telangana,Nizamabad,160,LAXMAN GANNA,Independent,627,0,627
Telangana,Nizamabad,161,LINGAPURAM BHUMESHWAR,Independent,698,0,698
Telangana,Nizamabad,162,P. LIMBAREDDY,Independent,361,0,361
Telangana,Nizamabad,163,LOKA SUBHASH,Independent,1246,0,1246
Telangana,Nizamabad,164,G. VIJAY,Independent,204,0,204
Telangana,Nizamabad,165,VENKAT REDDY JAIDI,Independent,199,0,199
Telangana,Nizamabad,166,VELMA MALLA REDDY,Independent,112,0,112
Telangana,Nizamabad,167,M. SHEKAR,Independent,108,0,108
Telangana,Nizamabad,168,B. SRINIVAS,Independent,142,0,142
Telangana,Nizamabad,169,SANJEEVA REDDY GADDAM,Independent,129,0,129
Telangana,Nizamabad,170,SANTHA LINGAREDDY,Independent,387,0,387
Telangana,Nizamabad,171,SANTOSH,Independent,176,0,176
Telangana,Nizamabad,172,SANDI REDDY GOPAL REDDY,Independent,183,0,183
Telangana,Nizamabad,173,SAMA THIRUPATHI,Independent,140,0,140
Telangana,Nizamabad,174,SAMA BHASKER REDDY,Independent,142,0,142
Telangana,Nizamabad,175,SAMA SWAMI REDDY,Independent,365,0,365
Telangana,Nizamabad,176,E. SAI REDDY,Independent,720,0,720
Telangana,Nizamabad,177,SUNKARI RAJKUMAR,Independent,1257,0,1257
Telangana,Nizamabad,178,SUNKETA RAVI,Independent,836,0,836
Telangana,Nizamabad,179,G. SUJITH,Independent,293,0,293
Telangana,Nizamabad,180,SUMAN,Independent,114,0,114
Telangana,Nizamabad,181,SUMAN MAGGIDI,Independent,196,0,196
Telangana,Nizamabad,182,SURAKANTA RAJA REDDY,Independent,84,0,84
Telangana,Nizamabad,183,SURESH BASA,Independent,126,0,126
Telangana,Nizamabad,184,SOMA SRINIVAS,Independent,206,0,206
Telangana,Nizamabad,185,SOMIDI LIMBAIAH,Independent,315,0,315
Telangana,Nizamabad,186,NOTA,None of the Above,2029,2,2031
Telangana,Peddapalle,1,Agam Chandrasekhar,Indian National Congress,345955,186,346141
Telangana,Peddapalle,2,S.Kumar,Bharatiya Janata Party,92305,301,92606
Telangana,Peddapalle,3,Bala Kalyan Panja,Bahujan Samaj Party,10194,9,10203
Telangana,Peddapalle,4,Venkatesh Netha Borlakunta,Telangana Rashtra Samithi,441007,314,441321
Telangana,Peddapalle,5,Erugurala Bhagyalaxmi,Pyramid Party of India,4044,11,4055
Telangana,Peddapalle,6,S. Krishna,Secular Democratic Congress,3501,0,3501
Telangana,Peddapalle,7,Thadem Raju,India Praja Bandhu Party,1965,0,1965
Telangana,Peddapalle,8,Velthuru Mallaiah,Republican Party of India (Khobragade),2597,1,2598
Telangana,Peddapalle,9,Sabbani Krishna,Marxist Communist Party of India (United),6814,4,6818
Telangana,Peddapalle,10,Sankenapalli Devadas,Anti Corruption Dynamic Party,2215,0,2215
Telangana,Peddapalle,11,Arsham Ashok,Independent,2459,0,2459
Telangana,Peddapalle,12,Ambala Mahendar,Independent,6902,3,6905
Telangana,Peddapalle,13,Kuntala Narsaiah,Independent,18217,2,18219
Telangana,Peddapalle,14,Gaddala Vinay Kumar,Independent,6537,0,6537
Telangana,Peddapalle,15,Godisella Nagamani,Independent,3885,1,3886
Telangana,Peddapalle,16,Durgam. Rajanna,Independent,7383,1,7384
Telangana,Peddapalle,17,Rajesh Erikilla,Independent,4267,0,4267
Telangana,Peddapalle,18,NOTA,None of the Above,8951,20,8971
Telangana,Secundrabad,1,ANJAN KUMAR YADAV. M,Indian National Congress,173027,202,173229
Telangana,Secundrabad,2,G . KISHAN REDDY,Bharatiya Janata Party,384248,532,384780
Telangana,Secundrabad,3,TALASANI SAI KIRAN YADAV,Telangana Rashtra Samithi,322482,184,322666
Telangana,Secundrabad,4,M . ASHOK KUMAR,Samajwadi Forward Bloc,1146,1,1147
Telangana,Secundrabad,5,ANDUKURI VIJAYA BHASKAR,India Praja Bandhu Party,420,0,420
Telangana,Secundrabad,6,CHALLA RAM KALYAN,Bhartiya Anarakshit Party,1297,0,1297
Telangana,Secundrabad,7,DORNALA JAYA PRAKASH,New India Party,359,1,360
Telangana,Secundrabad,8,M . D . NAZEERUDDIN QUADRI,Akhil Bharatiya Muslim League (Secular),555,0,555
Telangana,Secundrabad,9,J . MALLESH,SOCIALIST UNITY CENTRE OF INDIA (COMMUNIST),334,0,334
Telangana,Secundrabad,10,J . N . RAO,Dalita Bahujana Party,585,1,586
Telangana,Secundrabad,11,G . LAXMINARSIMHA RAO,Telangana Prajala Party,521,0,521
Telangana,Secundrabad,12,N . SHANKAR GOUD,Janasena Party,9677,6,9683
Telangana,Secundrabad,13,S . SATYAVATHI,Pyramid Party of India,433,0,433
Telangana,Secundrabad,14,AKHIL CHIRRAVURI,Independent,803,0,803
Telangana,Secundrabad,15,ABDUL AZEEM,Independent,490,1,491
Telangana,Secundrabad,16,ABDALLAH IBRAHIM,Independent,1080,0,1080
Telangana,Secundrabad,17,ANDRAPU SUDHARSHAN ( GANGAPUTRA ),Independent,1400,0,1400
Telangana,Secundrabad,18,JUNAID ANAM SIDDIQUI,Independent,648,0,648
Telangana,Secundrabad,19,NANDIPATI VINOD KUMAR,Independent,717,1,718
Telangana,Secundrabad,20,FARHA NAAZ KHAN,Independent,420,1,421
Telangana,Secundrabad,21,BATHULA RAVI,Independent,332,1,333
Telangana,Secundrabad,22,BODDU SATISH,Independent,217,0,217
Telangana,Secundrabad,23,MUNEER PASHA,Independent,629,1,630
Telangana,Secundrabad,24,RAVI KUMAR VODELA,Independent,217,0,217
Telangana,Secundrabad,25,R . LAXMAN RAO GANGAPUTRA,Independent,557,0,557
Telangana,Secundrabad,26,K . VENKATANARAYANA,Independent,1493,0,1493
Telangana,Secundrabad,27,SRIRAMA NAIK MUNAVATH,Independent,565,0,565
Telangana,Secundrabad,28,M. G. SAI BABA,Independent,483,1,484
Telangana,Secundrabad,29,NOTA,None of the Above,9019,19,9038
Telangana,Warangal,1,CHINTHA SAMBAMURTHY,Bharatiya Janata Party,83455,322,83777
Telangana,Warangal,2,DAYAKAR PASUNOORI,Telangana Rashtra Samithi,612027,471,612498
Telangana,Warangal,3,DOMMATI SAMBAIAH,Indian National Congress,261816,384,262200
Telangana,Warangal,4,BOLLAPALLY SARAIAH,Bahujan Samaj Party,8183,10,8193
Telangana,Warangal,5,KANNAM VENKANNA,Marxist Communist Party of India (United),5384,2,5386
Telangana,Warangal,6,PANIGANTI RAJITHAVANI,Pyramid Party of India,1983,3,1986
Telangana,Warangal,7,BUNGA JYOTHI RAMANA,Aihra National Party,29182,1,29183
Telangana,Warangal,8,BOCHU KRUPAKAR,Hum Bhartiya Party,1894,1,1895
Telangana,Warangal,9,SURESH KANAKAM,Samajwadi Forward Bloc,1324,0,1324
Telangana,Warangal,10,AITHA PRAVEEN KUMAR,Independent,2093,0,2093
Telangana,Warangal,11,UPENDAR JERIPOTHULA,Independent,14033,0,14033
Telangana,Warangal,12,CHILUVERU PRATHAP,Independent,6096,0,6096
Telangana,Warangal,13,JANNU NARSAIAH,Independent,6112,0,6112
Telangana,Warangal,14,PASULA RAMMURTHY,Independent,3810,2,3812
Telangana,Warangal,15,BARLA SRINIVAS,Independent,4256,0,4256
Telangana,Warangal,16,NOTA,None of the Above,18764,37,18801
Telangana,Zahirabad,1,B.B.PATIL,Telangana Rashtra Samithi,434066,178,434244
Telangana,Zahirabad,2,BANALA LAXMA REDDY,Bharatiya Janata Party,138731,216,138947
Telangana,Zahirabad,3,MADAN MOHAN RAO,Indian National Congress,427900,115,428015
Telangana,Zahirabad,4,ALIGE JEEVAN,Bahujan Mukti Party,6364,2,6366
Telangana,Zahirabad,5,KALESH,Bhartiya Anarakshit Party,6339,0,6339
Telangana,Zahirabad,6,MARK BABU,India Praja Bandhu Party,1572,1,1573
Telangana,Zahirabad,7,MOHAMMED NAWAZ,Ambedkar National Congress,1710,2,1712
Telangana,Zahirabad,8,SRINIVAS GOUD KASALA,Pyramid Party of India,1279,0,1279
Telangana,Zahirabad,9,NANGUNOORI LATHA,Independent,1866,3,1869
Telangana,Zahirabad,10,BENJAMIN RAJU,Independent,3279,2,3281
Telangana,Zahirabad,11,MUDIRAJ VENKATESHAM,Independent,5581,0,5581
Telangana,Zahirabad,12,RAMARAO PATIL,Independent,4018,1,4019
Telangana,Zahirabad,13,NOTA,None of the Above,11138,2,11140
Tripura,Tripura East,1,Jitendra Chaudhury,Communist Party of India (Marxist),200497,466,200963
Tripura,Tripura East,2,Narendra Chandra DebBarma,Indigenous People's Front of Tripura,45153,151,45304
Tripura,Tripura East,3,Maharaj kumari Pragya DebBurman,Indian National Congress,276517,1319,277836
Tripura,Tripura East,4,Rebati Tripura,Bharatiya Janata Party,479634,2492,482126
Tripura,Tripura East,5,Karnadhan Chakma,Amra Bangalee,6920,24,6944
Tripura,Tripura East,6,Amar Debbarma,Independent,3698,8,3706
Tripura,Tripura East,7,Chitta Ranjan Debbarma,Independent,3620,8,3628
Tripura,Tripura East,8,Dipti Halam,Independent,3833,6,3839
Tripura,Tripura East,9,Bijoy DebBarma,Independent,5273,3,5276
Tripura,Tripura East,10,Subir Kumar Jamatia,Independent,4571,10,4581
Tripura,Tripura East,11,NOTA,None of the Above,11197,17,11214
Tripura,Tripura West,1,Pratima Bhoumik,Bharatiya Janata Party,570021,3511,573532
Tripura,Tripura West,2,Brishaketu Debbarma,Indigenous People's Front of Tripura,43764,461,44225
Tripura,Tripura West,3,Maman Khan,All India Trinamool Congress,8552,61,8613
Tripura,Tripura West,4,Sankar Prasad Datta,Communist Party of India (Marxist),171175,651,171826
Tripura,Tripura West,5,Subal Bhowmik,Indian National Congress,266275,1568,267843
Tripura,Tripura West,6,Arun Kumar Bhaumik,SOCIALIST UNITY CENTRE OF INDIA (COMMUNIST),4517,8,4525
Tripura,Tripura West,7,Kabrabam Dhirendra Singha,Tripura Peoples Party,2060,16,2076
Tripura,Tripura West,8,Jayki Murasing,Ambedkarite Party of India,7121,12,7133
Tripura,Tripura West,9,Prabir Debnath,Amra Bangalee,2749,15,2764
Tripura,Tripura West,10,Narayan Chandra Dey,Independent,2019,10,2029
Tripura,Tripura West,11,Pradip Chakraborty,Independent,3526,10,3536
Tripura,Tripura West,12,Brajalal Debnath,Independent,3315,7,3322
Tripura,Tripura West,13,Subal Sarkar,Independent,4363,8,4371
Tripura,Tripura West,14,NOTA,None of the Above,11905,55,11960
Uttar Pradesh,Agra,1,Preeta Harit,Indian National Congress,44877,272,45149
Uttar Pradesh,Agra,2,Manoj Kumar Soni,Bahujan Samaj Party,434199,1130,435329
Uttar Pradesh,Agra,3,Satyapal Singh Baghel,Bharatiya Janata Party,644459,2416,646875
Uttar Pradesh,Agra,4,Chandra Pal,Adarsh Samaj Party,2798,4,2802
Uttar Pradesh,Agra,5,Raja,Rashtriya Vyapari Party,1323,3,1326
Uttar Pradesh,Agra,6,Ramji Lal Vidhyarthi,Peace Party,1462,6,1468
Uttar Pradesh,Agra,7,Himanshi,Lok Gathbandhan Party,1405,3,1408
Uttar Pradesh,Agra,8,Ambedkari Hasnuram Ambedkari,Independent,2767,1,2768
Uttar Pradesh,Agra,9,Babu Lal,Independent,2379,2,2381
Uttar Pradesh,Agra,10,NOTA,None of the Above,5786,31,5817
Uttar Pradesh,Akbarpur,1,Devendra Singh 'Bhole',Bharatiya Janata Party,577603,3679,581282
Uttar Pradesh,Akbarpur,2,Nisha Sachan,Bahujan Samaj Party,304553,1587,306140
Uttar Pradesh,Akbarpur,3,Rajaram Pal,Indian National Congress,107592,749,108341
Uttar Pradesh,Akbarpur,4,Amit Tripathi,Adhunik Bharat Party,1971,5,1976
Uttar Pradesh,Akbarpur,5,Ashok Paswan,Sabhi Jan Party,864,2,866
Uttar Pradesh,Akbarpur,6,Mahendra Singh Yadav,Pragatishil Samajwadi Party (Lohia),2005,42,2047
Uttar Pradesh,Akbarpur,7,Ravi Sachan,Janata Dal (United),1024,4,1028
Uttar Pradesh,Akbarpur,8,Prof. Ramgopal Sankhwar,Rashtriya Janutthan Party,770,6,776
Uttar Pradesh,Akbarpur,9,Saurabh Mishra,Bhartiya Shakti Chetna Party,2928,12,2940
Uttar Pradesh,Akbarpur,10,Arun Kumar,Independent,1573,5,1578
Uttar Pradesh,Akbarpur,11,Niraj Kumar Pasi Advocate,Independent,1626,1,1627
Uttar Pradesh,Akbarpur,12,Manoj Gupta,Independent,3269,1,3270
Uttar Pradesh,Akbarpur,13,Vikas Tripathi,Independent,2231,3,2234
Uttar Pradesh,Akbarpur,14,Sunil Kumar,Independent,3214,1,3215
Uttar Pradesh,Akbarpur,15,NOTA,None of the Above,7919,75,7994
Uttar Pradesh,Aligarh,1,DR. AJEET BALIYAN,Bahujan Samaj Party,424890,2064,426954
Uttar Pradesh,Aligarh,2,BIJENDRA SINGH CHAUDHARY,Indian National Congress,50346,534,50880
Uttar Pradesh,Aligarh,3,SATISH KUMAR GAUTAM,Bharatiya Janata Party,651805,4410,656215
Uttar Pradesh,Aligarh,4,AMAR SINGH MAHAUR,Swatantra Jantaraj Party,3678,3,3681
Uttar Pradesh,Aligarh,5,DILEEP SHARMA,Peace Party,1044,1,1045
Uttar Pradesh,Aligarh,6,DEEPAK CHAUDHARY,Pragatishil Samajwadi Party (Lohia),4931,22,4953
Uttar Pradesh,Aligarh,7,THAKUR MANOJ SINGH,Rashtravadi Party (Bharat),1222,3,1225
Uttar Pradesh,Aligarh,8,MOHD. SHAKEEL (ADV.),Lok Dal,836,5,841
Uttar Pradesh,Aligarh,9,SATISH CHANDRA SHARMA,Aam Aadmi Party,816,13,829
Uttar Pradesh,Aligarh,10,SANJAY BALMIKI,Bhartiya Bhaichara Party,824,12,836
Uttar Pradesh,Aligarh,11,ASHOK KUMAR PANDEY,Independent,796,1,797
Uttar Pradesh,Aligarh,12,CHARAN SINGH,Independent,1173,2,1175
Uttar Pradesh,Aligarh,13,LAXMI DHANGAR,Independent,5857,29,5886
Uttar Pradesh,Aligarh,14,SHAHEEN,Independent,1596,3,1599
Uttar Pradesh,Aligarh,15,NOTA,None of the Above,6216,52,6268
Uttar Pradesh,Allahabad,1,Girdhar Gopal Tripathi,Communist Party of India,10397,6,10403
Uttar Pradesh,Allahabad,2,Yogesh Shukla,Indian National Congress,31852,101,31953
Uttar Pradesh,Allahabad,3,Rajendra Singh Patel,Samajwadi Party,309328,851,310179
Uttar Pradesh,Allahabad,4,Rita Bahuguna Joshi,Bharatiya Janata Party,493204,1250,494454
Uttar Pradesh,Allahabad,5,Ajeet Kumar Patel,Pragatisheel Samaj Party,6261,6,6267
Uttar Pradesh,Allahabad,6,Abhimanyu Singh Patel,Pragatishil Samajwadi Party (Lohia),2214,3,2217
Uttar Pradesh,Allahabad,7,Om Guru Charandas,Sanatan Sanskriti Raksha Dal,2278,0,2278
Uttar Pradesh,Allahabad,8,Gayatri Prasad,Bhartiya Shakti Chetna Party,1516,1,1517
Uttar Pradesh,Allahabad,9,Bhawani Singh,Aam Aadmi Party,1840,5,1845
Uttar Pradesh,Allahabad,10,Ram Pal Gupta,Parivartan Samaj Party,3367,1,3368
Uttar Pradesh,Allahabad,11,Shiv Dutt Shukla,Annadata Party,5146,1,5147
Uttar Pradesh,Allahabad,12,Shiv Prasad,Lok Gathbandhan Party,4117,1,4118
Uttar Pradesh,Allahabad,13,Ajay Sharma,Independent,4731,0,4731
Uttar Pradesh,Allahabad,14,Rabindra Kumar Shrivastav,Independent,2954,0,2954
Uttar Pradesh,Allahabad,15,NOTA,None of the Above,7610,15,7625
Uttar Pradesh,Ambedkar Nagar,1,Mukut Bihari,Bharatiya Janata Party,467287,951,468238
Uttar Pradesh,Ambedkar Nagar,2,Ritesh Pandey,Bahujan Samaj Party,563445,673,564118
Uttar Pradesh,Ambedkar Nagar,3,Ayodhya,Bharat Prabhat Party,5449,23,5472
Uttar Pradesh,Ambedkar Nagar,4,Ashutosh,Moulik Adhikar Party,4162,1,4163
Uttar Pradesh,Ambedkar Nagar,5,Parshuram Patel,Hindusthan Nirman Dal,2440,3,2443
Uttar Pradesh,Ambedkar Nagar,6,Premnath Nishad,Pragatishil Samajwadi Party (Lohia),2385,5,2390
Uttar Pradesh,Ambedkar Nagar,7,Mastram Kori,Swatantra Jantaraj Party,1959,0,1959
Uttar Pradesh,Ambedkar Nagar,8,Rakesh,Suheldev Bharatiya Samaj Party,15164,3,15167
Uttar Pradesh,Ambedkar Nagar,9,Ram Singar,Voters Party International,2224,0,2224
Uttar Pradesh,Ambedkar Nagar,10,Sushila Dinkar,Bahujan Mukti Party,6054,11,6065
Uttar Pradesh,Ambedkar Nagar,11,Taigar Ramnihor Patel 'Ratnashah',Independent,6567,2,6569
Uttar Pradesh,Ambedkar Nagar,12,NOTA,None of the Above,11329,15,11344
Uttar Pradesh,Amethi,1,Rahul Gandhi,Indian National Congress,412867,527,413394
Uttar Pradesh,Amethi,2,Smriti Irani,Bharatiya Janata Party,467598,916,468514
Uttar Pradesh,Amethi,3,Afajal Varis,Bahujan Mukti Party,6177,6,6183
Uttar Pradesh,Amethi,4,Gopal Swaroop Gandhi,Kisan Majdoor Berojgar Sangh,1574,0,1574
Uttar Pradesh,Amethi,5,Durgesh Singh,Bharat Prabhat Party,956,2,958
Uttar Pradesh,Amethi,6,Nathu Ram,Janvadi Party(Socialist),846,1,847
Uttar Pradesh,Amethi,7,Prem Shankar,Moulik Adhikar Party,1728,1,1729
Uttar Pradesh,Amethi,8,Pankaj Ramkumar Sing,Akhand Rashtrawadi Party,1057,0,1057
Uttar Pradesh,Amethi,9,Bas Deo Maurya,Communist Party of India (Marxist-Leninist) Red Star,986,2,988
Uttar Pradesh,Amethi,10,Ram Milan,Rashtriya Apna Dal,1144,0,1144
Uttar Pradesh,Amethi,11,Ram Sidh Yadav,Manavtawadi Samaj Party,3052,3,3055
Uttar Pradesh,Amethi,12,Shatrunjai Pratap Singh,Lok Gathbandhan Party,1716,0,1716
Uttar Pradesh,Amethi,13,SHIV Nandan Singh,Bharatiya Sampuran Krantikari Party,1947,1,1948
Uttar Pradesh,Amethi,14,Gopal Prasad,Independent,3177,0,3177
Uttar Pradesh,Amethi,15,Dinesh Kumar,Independent,4301,0,4301
Uttar Pradesh,Amethi,16,Dhurv lal,Independent,7816,0,7816
Uttar Pradesh,Amethi,17,Bhagwandeen,Independent,3860,0,3860
Uttar Pradesh,Amethi,18,Ram Sajiwan,Independent,5616,0,5616
Uttar Pradesh,Amethi,19,Lal Babu,Independent,2318,0,2318
Uttar Pradesh,Amethi,20,Vipin Yadav,Independent,1039,0,1039
Uttar Pradesh,Amethi,21,Shiv Kumar,Independent,495,0,495
Uttar Pradesh,Amethi,22,Dr. U.P. Shivananda,Independent,546,1,547
Uttar Pradesh,Amethi,23,Saritha S. Nair,Independent,568,1,569
Uttar Pradesh,Amethi,24,Suresh Kumar Shukla,Independent,779,0,779
Uttar Pradesh,Amethi,25,Mo. Hasan Lahari,Independent,1224,0,1224
Uttar Pradesh,Amethi,26,Harun Rasheed,Independent,2083,2,2085
Uttar Pradesh,Amethi,27,Hemant Kumar,Independent,1580,0,1580
Uttar Pradesh,Amethi,28,NOTA,None of the Above,3931,9,3940
Uttar Pradesh,Amroha,1,KANWAR SINGH TANWAR,Bharatiya Janata Party,536380,1454,537834
Uttar Pradesh,Amroha,2,KUNWAR DANISH ALI,Bahujan Samaj Party,600744,338,601082
Uttar Pradesh,Amroha,3,SACHIN CHOUDHARY,Indian National Congress,12454,56,12510
Uttar Pradesh,Amroha,4,MATLOOB AHMAD,Pragatishil Samajwadi Party (Lohia),946,8,954
Uttar Pradesh,Amroha,5,RAJPAL SINGH SAINI,Jan Shakti Dal,1163,1,1164
Uttar Pradesh,Amroha,6,AKHTAR,Independent,978,1,979
Uttar Pradesh,Amroha,7,NARESH KUMAR,Independent,944,1,945
Uttar Pradesh,Amroha,8,RAJPAL SINGH,Independent,1390,2,1392
Uttar Pradesh,Amroha,9,(KUNWAR) ROBIN TYAGI,Independent,2055,1,2056
Uttar Pradesh,Amroha,10,VIKAR AHMAD,Independent,3649,0,3649
Uttar Pradesh,Amroha,11,NOTA,None of the Above,6605,12,6617
Uttar Pradesh,Aonla,1,DHARMENDRA KASHYAP,Bharatiya Janata Party,536377,1298,537675
Uttar Pradesh,Aonla,2,RUCHIVIRA,Bahujan Samaj Party,423100,832,423932
Uttar Pradesh,Aonla,3,KUNWAR SARVARAJ SINGH,Indian National Congress,62407,141,62548
Uttar Pradesh,Aonla,4,MO. ATEEQ,National Fifty Fifty Front,1308,0,1308
Uttar Pradesh,Aonla,5,IRSHAD ANSARI ADVOCATE,VANCHITSAMAJ INSAAF PARTY,909,3,912
Uttar Pradesh,Aonla,6,RISHIPAL,Jan Shakti Ekta Party,1555,2,1557
Uttar Pradesh,Aonla,7,DINESH KUMAR,Hindusthan Nirman Dal,1056,0,1056
Uttar Pradesh,Aonla,8,DHARMENDRA KUMAR,Shivsena,1376,2,1378
Uttar Pradesh,Aonla,9,PRAMOD KUMAR YADAV,Bhartiya Krishak Dal,941,2,943
Uttar Pradesh,Aonla,10,PRITI KASHYAP,Rashtriya Mazdoor Ekta Party,1736,3,1739
Uttar Pradesh,Aonla,11,RAMPHAL SHAKYA,Bahujan Mukti Party,1659,1,1660
Uttar Pradesh,Aonla,12,SUNIL KUMAR,Pragatishil Samajwadi Party (Lohia),2109,8,2117
Uttar Pradesh,Aonla,13,LAKSHMI,Independent,3097,0,3097
Uttar Pradesh,Aonla,14,HEMENDRA PAL SINGH,Independent,3675,0,3675
Uttar Pradesh,Aonla,15,NOTA,None of the Above,9188,10,9198
Uttar Pradesh,Azamgarh,1,Akhilesh Yadav,Samajwadi Party,619594,1984,621578
Uttar Pradesh,Azamgarh,2,Dinesh Lal Yadav Nirahua,Bharatiya Janata Party,360255,1449,361704
Uttar Pradesh,Azamgarh,3,Anil Singh,Rashtriya Ulama Council,6761,2,6763
Uttar Pradesh,Azamgarh,4,Abhimanyu Singh Sunny,Suheldev Bharatiya Samaj Party,10077,1,10078
Uttar Pradesh,Azamgarh,5,Arvind Kumar Pandey,Nagrik Ekta Party,947,2,949
Uttar Pradesh,Azamgarh,6,Ehsan Ahmed,Naitik Party,976,0,976
Uttar Pradesh,Azamgarh,7,Pawan Singh Samrat,Aam Janta Party (India),1106,0,1106
Uttar Pradesh,Azamgarh,8,Pramod Tiwari,Janhit Kisan Party,3148,0,3148
Uttar Pradesh,Azamgarh,9,Mohinder Kumar,Sarvshreshth Dal,2899,2,2901
Uttar Pradesh,Azamgarh,10,Gorakhram Nishad,Independent,1247,3,1250
Uttar Pradesh,Azamgarh,11,Gaurav Singh,Independent,1431,1,1432
Uttar Pradesh,Azamgarh,12,Budhi Ram,Independent,2098,0,2098
Uttar Pradesh,Azamgarh,13,Rajaram Gond,Independent,1930,1,1931
Uttar Pradesh,Azamgarh,14,Rajiv Talwar,Independent,2203,1,2204
Uttar Pradesh,Azamgarh,15,Dr. Rajeev Pandey,Independent,3737,2,3739
Uttar Pradesh,Azamgarh,16,NOTA,None of the Above,7239,16,7255
Uttar Pradesh,Badaun,1,Dharmendra Yadav,Samajwadi Party,491959,939,492898
Uttar Pradesh,Badaun,2,Saleem Iqbal Shervani,Indian National Congress,51896,51,51947
Uttar Pradesh,Badaun,3,Dr. Sanghmitra Maurya,Bharatiya Janata Party,510343,1009,511352
Uttar Pradesh,Badaun,4,Kailash Kumar Mishra,All India Forward Bloc,4346,1,4347
Uttar Pradesh,Badaun,5,Mahesh Shrivastav,Kalyankari Jantantrik Party,1333,3,1336
Uttar Pradesh,Badaun,6,Atul Kumar,Independent,1680,1,1681
Uttar Pradesh,Badaun,7,Kirpa Shankar Shakya,Independent,2218,1,2219
Uttar Pradesh,Badaun,8,Swami Paglanand,Independent,4085,0,4085
Uttar Pradesh,Badaun,9,Hari Singh,Independent,2636,1,2637
Uttar Pradesh,Badaun,10,NOTA,None of the Above,8602,4,8606
Uttar Pradesh,Baghpat,1,JAYANT CHAUDHARY,Rashtriya Lok Dal,500794,1493,502287
Uttar Pradesh,Baghpat,2,Dr. SATYAPAL SINGH,Bharatiya Janata Party,519631,6158,525789
Uttar Pradesh,Baghpat,3,ISTAKAR ALI,National Lokmat Party,1598,30,1628
Uttar Pradesh,Baghpat,4,UTTAR KUMAR JINDAL,Bhartiya Naujawan Inklav Party,915,17,932
Uttar Pradesh,Baghpat,5,DEVENDER,Aapki Apni Party (Peoples),654,7,661
Uttar Pradesh,Baghpat,6,PARVEEN YOGI,Bhartiya Nojawan Dal,1042,5,1047
Uttar Pradesh,Baghpat,7,MANOJ RANA,Akhil Bhartiya Lok Dal,495,8,503
Uttar Pradesh,Baghpat,8,CHAUDHARY MOHKAM,Pragatishil Samajwadi Party (Lohia),685,22,707
Uttar Pradesh,Baghpat,9,RAMKUMAR,Sarvjan Lok Shakti Party,1246,4,1250
Uttar Pradesh,Baghpat,10,RUBY KASHYAP,Hindusthan Nirman Dal,609,24,633
Uttar Pradesh,Baghpat,11,Dr. SALEEM AHMAD,Sabse Achchhi Party,550,6,556
Uttar Pradesh,Baghpat,12,JAFAR,Independent,1396,4,1400
Uttar Pradesh,Baghpat,13,SUBHASH,Independent,2450,10,2460
Uttar Pradesh,Baghpat,14,NOTA,None of the Above,4996,45,5041
Uttar Pradesh,Bahraich,1,AKSHAIBAR LAL,Bharatiya Janata Party,525512,470,525982
Uttar Pradesh,Bahraich,2,SHABBIR BALMIKI,Samajwadi Party,396843,387,397230
Uttar Pradesh,Bahraich,3,SAVITRI BAI PHULE,Indian National Congress,34383,71,34454
Uttar Pradesh,Bahraich,4,JAGDISH KUMAR SINGH,Pragatishil Samajwadi Party (Lohia),2488,1,2489
Uttar Pradesh,Bahraich,5,MAUJILAL,Rashtriya Jan Adhikar Party (United),1662,0,1662
Uttar Pradesh,Bahraich,6,RAM SAGAR,Rashtriya Kranti Party,1581,0,1581
Uttar Pradesh,Bahraich,7,RINKU SAHANI,Shivsena,2423,4,2427
Uttar Pradesh,Bahraich,8,GUR PRASAD,Independent,2131,0,2131
Uttar Pradesh,Bahraich,9,JANARDAN GOND,Independent,5179,0,5179
Uttar Pradesh,Bahraich,10,SHIVNANDAN,Independent,3524,0,3524
Uttar Pradesh,Bahraich,11,NOTA,None of the Above,13184,5,13189
Uttar Pradesh,Ballia,1,Virendra Singh,Bharatiya Janata Party,464039,5075,469114
Uttar Pradesh,Ballia,2,Sanatan Pandey,Samajwadi Party,450408,3187,453595
Uttar Pradesh,Ballia,3,ARVIND,Bhartiya Jan Nayak Party,3895,130,4025
Uttar Pradesh,Ballia,4,Uday Prakash,Janta Raj Party,1352,7,1359
Uttar Pradesh,Ballia,5,GOPAL RAM KHARWAR,Gondvana Gantantra Party,3950,52,4002
Uttar Pradesh,Ballia,6,Janmejay Kumar Prajapati,Bharatiya Samta Samaj Party,2442,12,2454
Uttar Pradesh,Ballia,7,Vinod,Suheldev Bharatiya Samaj Party,35874,26,35900
Uttar Pradesh,Ballia,8,Seema Chauhan,Janta Kranti Party (Rashtravadi),2409,44,2453
Uttar Pradesh,Ballia,9,OM PRAKASH PANDEY,Independent,1768,7,1775
Uttar Pradesh,Ballia,10,Major Ramesh Chandra Upadhyay,Independent,5435,5,5440
Uttar Pradesh,Ballia,11,NOTA,None of the Above,9540,75,9615
Uttar Pradesh,Banda,1,BALKUMAR PATEL,Indian National Congress,75350,88,75438
Uttar Pradesh,Banda,2,MAHENDRA,Communist Party of India,10347,2,10349
Uttar Pradesh,Banda,3,SHYAMA CHARAN GUPTA,Samajwadi Party,418647,341,418988
Uttar Pradesh,Banda,4,R.K. SINGH PATEL,Bharatiya Janata Party,477100,826,477926
Uttar Pradesh,Banda,5,CHHOTELAL,Pragatishil Samajwadi Party (Lohia),12746,1,12747
Uttar Pradesh,Banda,6,MIRA DEVI,Swatantra Jantaraj Party,6539,6,6545
Uttar Pradesh,Banda,7,SHIRAZ RAHAT KHAN,Ambedkar Samaj Party,7869,4,7873
Uttar Pradesh,Banda,8,RAMPRATAP,Independent,5430,3,5433
Uttar Pradesh,Banda,9,NOTA,None of the Above,19248,2,19250
Uttar Pradesh,Bansgaon,1,Kamlesh Paswan,Bharatiya Janata Party,544434,2239,546673
Uttar Pradesh,Bansgaon,2,Sadal Prasad,Bahujan Samaj Party,391441,1764,393205
Uttar Pradesh,Bansgaon,3,Surendra Prasad,Pragatishil Samajwadi Party (Lohia),8685,32,8717
Uttar Pradesh,Bansgaon,4,Lalchand Prasad,Independent,6444,4,6448
Uttar Pradesh,Bansgaon,5,NOTA,None of the Above,14060,33,14093
Uttar Pradesh,Barabanki,1,Upendra Singh Rawat,Bharatiya Janata Party,535594,323,535917
Uttar Pradesh,Barabanki,2,Tanuj Punia,Indian National Congress,159575,36,159611
Uttar Pradesh,Barabanki,3,Ram Sagar Rawat,Samajwadi Party,425624,153,425777
Uttar Pradesh,Barabanki,4,Asha Devi,Lok Dal,5761,1,5762
Uttar Pradesh,Barabanki,5,Om kar,Bahujan Mukti Party,1369,2,1371
Uttar Pradesh,Barabanki,6,Kalpana Rawat,Bharat Prabhat Party,1048,1,1049
Uttar Pradesh,Barabanki,7,Tarawati,Awami Samta Party,1920,1,1921
Uttar Pradesh,Barabanki,8,Fool Dulari,Samdarshi Samaj Party,1622,2,1624
Uttar Pradesh,Barabanki,9,Vinod Kumar,Aam Janta Party (India),1622,0,1622
Uttar Pradesh,Barabanki,10,Santosh Kumari,Dr. Bhimrao Ambedkar Dal,1549,0,1549
Uttar Pradesh,Barabanki,11,Kishan Lal,Independent,2288,1,2289
Uttar Pradesh,Barabanki,12,Molhey Ram Rawat,Independent,4380,1,4381
Uttar Pradesh,Barabanki,13,Manju Devi,Independent,3683,0,3683
Uttar Pradesh,Barabanki,14,NOTA,None of the Above,8783,2,8785
Uttar Pradesh,Bareilly,1,PRAVEEN SINGH ARON,Indian National Congress,74003,203,74206
Uttar Pradesh,Bareilly,2,BHAGWAT SARAN GANGWAR,Samajwadi Party,397403,585,397988
Uttar Pradesh,Bareilly,3,SATISH KUMAR,Communist Party of India,7515,4,7519
Uttar Pradesh,Bareilly,4,SANTOSH KUMAR GANGWAR,Bharatiya Janata Party,563533,1737,565270
Uttar Pradesh,Bareilly,5,JAGPAL SINGH YADAV,Akhand Samaj Party,2653,2,2655
Uttar Pradesh,Bareilly,6,MANOJ VIKAT,Bahujan Nyay Dal,681,0,681
Uttar Pradesh,Bareilly,7,YATENDRA SINGH,Bahujan Samyak Party (Mission),498,3,501
Uttar Pradesh,Bareilly,8,RAHEESH MIYA,VANCHITSAMAJ INSAAF PARTY,644,1,645
Uttar Pradesh,Bareilly,9,RABIYA AKHTAR,Khusro Sena Party,687,0,687
Uttar Pradesh,Bareilly,10,LAEEK AHMAD MANSOORI,Naitik Party,851,0,851
Uttar Pradesh,Bareilly,11,SAMAN TAHIR,Pragatishil Samajwadi Party (Lohia),2482,6,2488
Uttar Pradesh,Bareilly,12,USHA AGARWAL,Independent,1071,1,1072
Uttar Pradesh,Bareilly,13,ZAVED KHAN,Independent,2789,0,2789
Uttar Pradesh,Bareilly,14,NITIN MOHAN,Independent,1192,1,1193
Uttar Pradesh,Bareilly,15,RAKESH AGARWAL ADVOCATE,Independent,1985,1,1986
Uttar Pradesh,Bareilly,16,SYED RASHID ALI CHAMAN,Independent,3984,3,3987
Uttar Pradesh,Bareilly,17,NOTA,None of the Above,3797,27,3824
Uttar Pradesh,Basti,1,RAJ KISHOR SINGH,Indian National Congress,86453,467,86920
Uttar Pradesh,Basti,2,RAM PRASAD CHAUDHARY,Bahujan Samaj Party,437641,3167,440808
Uttar Pradesh,Basti,3,HARISH CHANDRA ALIAS HARISH DWIVEDI,Bharatiya Janata Party,469214,1948,471162
Uttar Pradesh,Basti,4,PANKAJ DUBEY,Lok Gathbandhan Party,7340,5,7345
Uttar Pradesh,Basti,5,PRAMOD SHUKLA,"Rashtrawadi Party of India,",2678,2,2680
Uttar Pradesh,Basti,6,RAM PRASAD CHAURASIYA,Janhit Kisan Party,3734,3,3737
Uttar Pradesh,Basti,7,ROHIT KUMAR PATHAK,Hindusthan Nirman Dal,3179,3,3182
Uttar Pradesh,Basti,8,VINOD KUMAR RAJBHAR,Suheldev Bharatiya Samaj Party,11960,11,11971
Uttar Pradesh,Basti,9,CHANDRA MANI PANDEY,Independent,3161,9,3170
Uttar Pradesh,Basti,10,BHAGWANDAS,Independent,5589,1,5590
Uttar Pradesh,Basti,11,RANGI LAL YADAV,Independent,7638,1,7639
Uttar Pradesh,Basti,12,NOTA,None of the Above,10298,37,10335
Uttar Pradesh,Bhadohi,1,Akhilesh,Nationalist Congress Party,4558,12,4570
Uttar Pradesh,Bhadohi,2,RAMAKANT,Indian National Congress,25508,96,25604
Uttar Pradesh,Bhadohi,3,RAMESH CHAND,Bharatiya Janata Party,508989,1040,510029
Uttar Pradesh,Bhadohi,4,RANGNATH MISHRA,Bahujan Samaj Party,465412,1002,466414
Uttar Pradesh,Bhadohi,5,Dr Rajesh Kumar Verma,Peoples Party of India (Democratic),4647,1,4648
Uttar Pradesh,Bhadohi,6,VINOD,Hindusthan Nirman Dal,1943,0,1943
Uttar Pradesh,Bhadohi,7,KULDEEP,Independent,1644,2,1646
Uttar Pradesh,Bhadohi,8,RAM SAKHA,Independent,1764,0,1764
Uttar Pradesh,Bhadohi,9,Satish Bahadur,Independent,1819,0,1819
Uttar Pradesh,Bhadohi,10,SUSHIL,Independent,4052,0,4052
Uttar Pradesh,Bhadohi,11,SAIYYAD MOHAMMAD ARIF,Independent,5050,0,5050
Uttar Pradesh,Bhadohi,12,SANTLAL,Independent,2764,0,2764
Uttar Pradesh,Bhadohi,13,NOTA,None of the Above,9079,8,9087
Uttar Pradesh,Bijnor,1,NASIMUDDIN SIDDIQUI,Indian National Congress,25699,134,25833
Uttar Pradesh,Bijnor,2,RAJA BHARATENDRA SINGH,Bharatiya Janata Party,488061,3043,491104
Uttar Pradesh,Bijnor,3,MALOOK NAGAR,Bahujan Samaj Party,559824,1221,561045
Uttar Pradesh,Bijnor,4,ILAMSINGH,Pragatishil Samajwadi Party (Lohia),3970,9,3979
Uttar Pradesh,Bijnor,5,ANSH CHAITANYA MAHARAJ,Hindusthan Nirman Dal,1160,2,1162
Uttar Pradesh,Bijnor,6,PARVEZ AKIL,All India Minorities Front,629,0,629
Uttar Pradesh,Bijnor,7,BABLOO RAM,Bharatiya Sarvodaya Kranti Party,827,2,829
Uttar Pradesh,Bijnor,8,MANGERAM,Peoples Party of India (Democratic),842,1,843
Uttar Pradesh,Bijnor,9,MUKESH KUMAR,All India Forward Bloc,2817,0,2817
Uttar Pradesh,Bijnor,10,RAJIV CHOUDHARY,Bhartiya Kisan Party,1078,7,1085
Uttar Pradesh,Bijnor,11,SONU,Jansatta Party,1535,0,1535
Uttar Pradesh,Bijnor,12,MOHD. ZAHID,Independent,3237,1,3238
Uttar Pradesh,Bijnor,13,MAHAK SINGH,Independent,2260,0,2260
Uttar Pradesh,Bijnor,14,NOTA,None of the Above,4374,30,4404
Uttar Pradesh,Bulandshahr,1,BANSHI SINGH,Indian National Congress,29288,177,29465
Uttar Pradesh,Bulandshahr,2,BHOLA SINGH,Bharatiya Janata Party,677196,4125,681321
Uttar Pradesh,Bulandshahr,3,YOGESH VERMA,Bahujan Samaj Party,390458,806,391264
Uttar Pradesh,Bulandshahr,4,PRAMOD KUMAR,Rashtriya Samaj Paksha,3657,7,3664
Uttar Pradesh,Bulandshahr,5,REENA DEVI,National Bhrashtachar Mukt Party,1434,19,1453
Uttar Pradesh,Bulandshahr,6,VINAY KUMAR SINGH,Aapki Apni Party (Peoples),916,1,917
Uttar Pradesh,Bulandshahr,7,SATISH,Bharatiya Bahujan Parivartan Party,1259,9,1268
Uttar Pradesh,Bulandshahr,8,MANOJ KUMAR SINGH,Independent,3386,2,3388
Uttar Pradesh,Bulandshahr,9,RADHIKA DEVI,Independent,5152,18,5170
Uttar Pradesh,Bulandshahr,10,NOTA,None of the Above,5696,23,5719
Uttar Pradesh,Chandauli,1,Dr. Mahendra Nath Pandey,Bharatiya Janata Party,508113,2620,510733
Uttar Pradesh,Chandauli,2,Sanjay Singh Chauhan,Samajwadi Party,494689,2085,496774
Uttar Pradesh,Chandauli,3,Arjun Pandey,Atulya Bharat Party,4086,10,4096
Uttar Pradesh,Chandauli,4,Krishna Pratap Singh,Samagra Utthan Party,2741,3,2744
Uttar Pradesh,Chandauli,5,Jangbahadur,Bhartiya Manav Samaj Party,1166,6,1172
Uttar Pradesh,Chandauli,6,Byasmuni,Kanshiram Bahujan Dal,829,9,838
Uttar Pradesh,Chandauli,7,Mahendra Pratap Singh,Al-Hind Party,1127,0,1127
Uttar Pradesh,Chandauli,8,Mahender Yadav,Pragatisheel Manav Samaj Party,4218,7,4225
Uttar Pradesh,Chandauli,9,Rajesh Vishwakarma,Moulik Adhikar Party,3077,4,3081
Uttar Pradesh,Chandauli,10,Ramgovind,Suheldev Bharatiya Samaj Party,18971,14,18985
Uttar Pradesh,Chandauli,11,Shivkanya Kushwaha,Jan Adhikar Party,22190,101,22291
Uttar Pradesh,Chandauli,12,Shivratri,Prithviraj Janshakti Party,2260,1,2261
Uttar Pradesh,Chandauli,13,Liyakat Ali,Independent,5411,5,5416
Uttar Pradesh,Chandauli,14,NOTA,None of the Above,11182,36,11218
Uttar Pradesh,Deoria,1,NIYAZ AHMED,Indian National Congress,50749,307,51056
Uttar Pradesh,Deoria,2,BINOD KUMAR JAISWAL,Bahujan Samaj Party,327728,2985,330713
Uttar Pradesh,Deoria,3,RAMAPATI RAM TRIPATHI,Bharatiya Janata Party,577617,3027,580644
Uttar Pradesh,Deoria,4,ISRAR AHAMAD,Bharatiya Aavaam Ekta Party,8158,6,8164
Uttar Pradesh,Deoria,5,ONKAR SINGH,Samajwadi Samaj Party,2386,31,2417
Uttar Pradesh,Deoria,6,CHANDAN KUMAR YADAV,Rashtriya Ulama Council,3299,6,3305
Uttar Pradesh,Deoria,7,JITENDRA,Suheldev Bharatiya Samaj Party,4867,1,4868
Uttar Pradesh,Deoria,8,BIRJA,Peace Party,3209,0,3209
Uttar Pradesh,Deoria,9,MANOJ KUMAR MISHRA,Manuvadi Party,3957,5,3962
Uttar Pradesh,Deoria,10,BRIJENDRA MANI TRIPATHI,Independent,5702,0,5702
Uttar Pradesh,Deoria,11,RAMASHISH RAI,Independent,7866,36,7902
Uttar Pradesh,Deoria,12,NOTA,None of the Above,13358,63,13421
Uttar Pradesh,Dhaurahra,1,ARSHAD ILIYAS SIDDIQUI,Bahujan Samaj Party,352093,201,352294
Uttar Pradesh,Dhaurahra,2,KUNWAR JITIN PRASADA,Indian National Congress,162727,129,162856
Uttar Pradesh,Dhaurahra,3,REKHA VERMA,Bharatiya Janata Party,512582,323,512905
Uttar Pradesh,Dhaurahra,4,ANIL KUMAR ' RAJVANSHI',Bahujan Awam Party,9287,1,9288
Uttar Pradesh,Dhaurahra,5,BALJEET KAUR,Hindusthan Nirman Dal,3165,1,3166
Uttar Pradesh,Dhaurahra,6,MALKHAN SINGH RAJPOOT,Pragatishil Samajwadi Party (Lohia),4288,0,4288
Uttar Pradesh,Dhaurahra,7,MUKESH KUMAR,Shivsena,3556,0,3556
Uttar Pradesh,Dhaurahra,8,REETU VERMA 'DIDI',Independent,4688,1,4689
Uttar Pradesh,Dhaurahra,9,NOTA,None of the Above,10792,6,10798
Uttar Pradesh,Domariyaganj,1,AFTAB ALAM,Bahujan Samaj Party,386901,31,386932
Uttar Pradesh,Domariyaganj,2,CHANDRASH ALIAS CHANDRESH KUMAR UPADHYAY,Indian National Congress,60538,11,60549
Uttar Pradesh,Domariyaganj,3,JAGDAMBIKA PAL,Bharatiya Janata Party,492145,108,492253
Uttar Pradesh,Domariyaganj,4,ARJUN SINGH LODHI,Bahujan Mukti Party,8265,0,8265
Uttar Pradesh,Domariyaganj,5,KESHARI NANDAN,Sabka Dal United,3066,0,3066
Uttar Pradesh,Domariyaganj,6,KESHAV RAJBHAR,Suheldev Bharatiya Samaj Party,3809,0,3809
Uttar Pradesh,Domariyaganj,7,BRIJESH KUMAR,Janhit Kisan Party,4097,0,4097
Uttar Pradesh,Domariyaganj,8,MOHAMMAD IRFAN,Peace Party,5765,0,5765
Uttar Pradesh,Domariyaganj,9,SANJAY KUMAR CHAUHAN,Nagrik Ekta Party,5029,1,5030
Uttar Pradesh,Domariyaganj,10,SHARWAN KUMAR,Independent,3746,0,3746
Uttar Pradesh,Domariyaganj,11,NOTA,None of the Above,11754,3,11757
Uttar Pradesh,Etah,1,Ku. Devendra Singh Yadav,Samajwadi Party,422054,624,422678
Uttar Pradesh,Etah,2,Rajveer Singh (Raju Bhaiya),Bharatiya Janata Party,544267,1081,545348
Uttar Pradesh,Etah,3,Atar Singh,Rashtriya Shoshit Samaj Party,5104,6,5110
Uttar Pradesh,Etah,4,Anuj Kumar,Subhashwadi Bhartiya Samajwadi Party (Subhas Party),834,4,838
Uttar Pradesh,Etah,5,Anand Prakash Singh Rajput,Rashtriya Backward Party,582,2,584
Uttar Pradesh,Etah,6,Naresh Chandra,Bhartiya Shakti Chetna Party,480,2,482
Uttar Pradesh,Etah,7,Bharat Singh,Rashtriya Kranti Party,665,1,666
Uttar Pradesh,Etah,8,Rashmi Yadav,Pragatishil Samajwadi Party (Lohia),1459,11,1470
Uttar Pradesh,Etah,9,Suraj Singh,Jan Adhikar Party,5121,5,5126
Uttar Pradesh,Etah,10,Ashok Kumar,Independent,540,2,542
Uttar Pradesh,Etah,11,Indrapal,Independent,711,1,712
Uttar Pradesh,Etah,12,Parvati Nandan,Independent,1858,0,1858
Uttar Pradesh,Etah,13,Satendra Kumar Panda,Independent,1577,0,1577
Uttar Pradesh,Etah,14,Hari Om,Independent,6337,2,6339
Uttar Pradesh,Etah,15,NOTA,None of the Above,6264,13,6277
Uttar Pradesh,Etawah,1,ASHOK KUMAR DOHARE,Indian National Congress,16460,110,16570
Uttar Pradesh,Etawah,2,KAMLESH KUMAR,Samajwadi Party,455957,1725,457682
Uttar Pradesh,Etawah,3,Dr RAM SHANKAR KATHERIA,Bharatiya Janata Party,519674,2445,522119
Uttar Pradesh,Etawah,4,AKSHASH KRISHNA,Pichhra Samaj Party,4064,9,4073
Uttar Pradesh,Etawah,5,AJAY KUMAR,Bhartiya Jan Nayak Party,850,5,855
Uttar Pradesh,Etawah,6,ARUN KUMAR,Jan Samman party,837,3,840
Uttar Pradesh,Etawah,7,ARTI DEVI,Mahasankalp Janta Party,1481,12,1493
Uttar Pradesh,Etawah,8,LALTA PRASAD,Voters Party International,1265,1,1266
Uttar Pradesh,Etawah,9,SHAMBHU DAYAL DOHARE,Pragatishil Samajwadi Party (Lohia),8657,18,8675
Uttar Pradesh,Etawah,10,SITA,Bhartiya Shakti Chetna Party,1153,1,1154
Uttar Pradesh,Etawah,11,DALVEER SINGH,Independent,2111,1,2112
Uttar Pradesh,Etawah,12,POOJA,Independent,2504,4,2508
Uttar Pradesh,Etawah,13,SANJAY KUMAR,Independent,2857,1,2858
Uttar Pradesh,Etawah,14,NOTA,None of the Above,5580,30,5610
Uttar Pradesh,Faizabad,1,ANAND SEN,Samajwadi Party,463187,357,463544
Uttar Pradesh,Faizabad,2,NIRMAL KHATRI,Indian National Congress,53322,64,53386
Uttar Pradesh,Faizabad,3,LALLU SINGH,Bharatiya Janata Party,528113,908,529021
Uttar Pradesh,Faizabad,4,ASHA DEVI,Lok Dal,6669,5,6674
Uttar Pradesh,Faizabad,5,KANCHAN YADAV,Moulik Adhikar Party,2762,6,2768
Uttar Pradesh,Faizabad,6,MAHESH TIWARI,Shivsena,1243,2,1245
Uttar Pradesh,Faizabad,7,VIJAY SHANKAR PANDEY,Lok Gathbandhan Party,2055,1,2056
Uttar Pradesh,Faizabad,8,SHER AFGAN,Bharat Prabhat Party,1336,1,1337
Uttar Pradesh,Faizabad,9,KAMLESH TIWARI,Independent,2739,0,2739
Uttar Pradesh,Faizabad,10,MANOJ KUMAR MISHRA,Independent,1821,1,1822
Uttar Pradesh,Faizabad,11,RAJBAHADUR URF RAJAN PANDEY,Independent,7345,2,7347
Uttar Pradesh,Faizabad,12,LAL MANI TRIPATHI (BHAI SAHAB),Independent,3301,1,3302
Uttar Pradesh,Faizabad,13,SHARAD KUMAR,Independent,2492,0,2492
Uttar Pradesh,Faizabad,14,NOTA,None of the Above,9381,7,9388
Uttar Pradesh,Farrukhabad,1,Manoj Agarwal,Bahujan Samaj Party,347714,464,348178
Uttar Pradesh,Farrukhabad,2,Mukesh Rajput,Bharatiya Janata Party,567930,1950,569880
Uttar Pradesh,Farrukhabad,3,Salman Khurshid,Indian National Congress,55143,115,55258
Uttar Pradesh,Farrukhabad,4,Uday pal Singh,Pragatishil Samajwadi Party (Lohia),9671,30,9701
Uttar Pradesh,Farrukhabad,5,Luxman,Shivsena,1887,6,1893
Uttar Pradesh,Farrukhabad,6,Vipin Kumar Mishra,Bhartiya Shakti Chetna Party,1311,1,1312
Uttar Pradesh,Farrukhabad,7,Shri Krishna,Mazdoor Dalit Kisaan Mahila Gareeb Party (Hindustani),1667,2,1669
Uttar Pradesh,Farrukhabad,8,Rahul Kumar,Independent,3661,1,3662
Uttar Pradesh,Farrukhabad,9,Sanjay Kumar,Independent,3963,0,3963
Uttar Pradesh,Farrukhabad,10,NOTA,None of the Above,7426,11,7437
Uttar Pradesh,Fatehpur,1,NIRANJAN JYOTI,Bharatiya Janata Party,563715,2325,566040
Uttar Pradesh,Fatehpur,2,RAKESH SACHAN,Indian National Congress,65738,339,66077
Uttar Pradesh,Fatehpur,3,SUKHDEV PRASAD VERMA,Bahujan Samaj Party,366167,1668,367835
Uttar Pradesh,Fatehpur,4,ASHOK KUMAR MISHRA,Janhit Bharat Party,5266,12,5278
Uttar Pradesh,Fatehpur,5,MAHESH CHANDRA SAHU,Pragatishil Samajwadi Party (Lohia),2706,12,2718
Uttar Pradesh,Fatehpur,6,RAJKUMAR LODHI,Vikas Insaf Party,2454,3,2457
Uttar Pradesh,Fatehpur,7,RAMKUMAR,Peoples Party of India (Democratic),2779,1,2780
Uttar Pradesh,Fatehpur,8,KAMTA PRASAD,Independent,3794,2,3796
Uttar Pradesh,Fatehpur,9,JUBER AHMAD,Independent,4903,3,4906
Uttar Pradesh,Fatehpur,10,BENI PRASAD,Independent,7072,4,7076
Uttar Pradesh,Fatehpur,11,NOTA,None of the Above,14640,52,14692
Uttar Pradesh,Fatehpur Sikri,1,RAJKUMAR CHAHAR,Bharatiya Janata Party,662794,4353,667147
Uttar Pradesh,Fatehpur Sikri,2,RAJ BABBAR,Indian National Congress,170889,1193,172082
Uttar Pradesh,Fatehpur Sikri,3,SHREEBHAGWAN SHARMA,Bahujan Samaj Party,167517,526,168043
Uttar Pradesh,Fatehpur Sikri,4,NAWAB GUL CHAMAN SHERWANI,VANCHITSAMAJ INSAAF PARTY,2198,1,2199
Uttar Pradesh,Fatehpur Sikri,5,MANISHA SINGH,Pragatishil Samajwadi Party (Lohia),1026,14,1040
Uttar Pradesh,Fatehpur Sikri,6,VIJAY SINGH DHANGAR,Rashtriya Shoshit Samaj Party,1804,4,1808
Uttar Pradesh,Fatehpur Sikri,7,SATYENDRA BAGHEL,Aam Janta Party (India),959,6,965
Uttar Pradesh,Fatehpur Sikri,8,SARVESH KUMAR,Bharatiya Majdoor Janta Party,820,2,822
Uttar Pradesh,Fatehpur Sikri,9,SADAB NOOR,Adarsh Samaj Party,620,1,621
Uttar Pradesh,Fatehpur Sikri,10,ANIL KUMAR KUSHWAHA,Independent,1442,1,1443
Uttar Pradesh,Fatehpur Sikri,11,ARTI SHARMA,Independent,994,0,994
Uttar Pradesh,Fatehpur Sikri,12,PASTAR THOMSAN MASSY,Independent,1103,0,1103
Uttar Pradesh,Fatehpur Sikri,13,NARESH KUMAR,Independent,1580,1,1581
Uttar Pradesh,Fatehpur Sikri,14,PURUSHOTTAM DAS (FAUZI BHAI),Independent,3415,14,3429
Uttar Pradesh,Fatehpur Sikri,15,RAM BAHORI,Independent,3179,3,3182
Uttar Pradesh,Fatehpur Sikri,16,NOTA,None of the Above,10664,28,10692
Uttar Pradesh,Firozabad,1,Akshay Yadav,Samajwadi Party,465686,1352,467038
Uttar Pradesh,Firozabad,2,Dr. Chandra Sen Jadon,Bharatiya Janata Party,494050,1769,495819
Uttar Pradesh,Firozabad,3,Upendra Singh Rajput,Bharatiya Kisan Parivartan Party,9486,17,9503
Uttar Pradesh,Firozabad,4,Shivpal Singh Yadav,Pragatishil Samajwadi Party (Lohia),91651,218,91869
Uttar Pradesh,Firozabad,5,Chaudhary Basheer,Independent,2539,6,2545
Uttar Pradesh,Firozabad,6,Rajveer,Independent,2409,7,2416
Uttar Pradesh,Firozabad,7,NOTA,None of the Above,6659,17,6676
Uttar Pradesh,Gautam Buddha Nagar,1,Dr. ARVIND KUMAR SINGH,Indian National Congress,41960,117,42077
Uttar Pradesh,Gautam Buddha Nagar,2,Dr. MAHESH SHARMA,Bharatiya Janata Party,828164,2648,830812
Uttar Pradesh,Gautam Buddha Nagar,3,SATVEER,Bahujan Samaj Party,493421,469,493890
Uttar Pradesh,Gautam Buddha Nagar,4,JAGDEEP SINGH,Loktantrik Janshakti Party,2723,2,2725
Uttar Pradesh,Gautam Buddha Nagar,5,JITENDRA SINGH,Pragatishil Samajwadi Party (Lohia),1852,10,1862
Uttar Pradesh,Gautam Buddha Nagar,6,DAYARAM,Aapki Apni Party (Peoples),543,2,545
Uttar Pradesh,Gautam Buddha Nagar,7,RAGHUVENDRA KUMAR,Subhashwadi Bhartiya Samajwadi Party (Subhas Party),629,2,631
Uttar Pradesh,Gautam Buddha Nagar,8,RAM PAL,Rashtriya Samaj Paksha,1291,3,1294
Uttar Pradesh,Gautam Buddha Nagar,9,VINOD KUMAR NAGAR,Rashtriya Bharatiya Jan Jan Party,1360,6,1366
Uttar Pradesh,Gautam Buddha Nagar,10,VINOD SHARMA,All Indian Rajiv Congress Party,1280,2,1282
Uttar Pradesh,Gautam Buddha Nagar,11,SHERSINGH UPADHAYA,Rashtriya Janta Party,1260,4,1264
Uttar Pradesh,Gautam Buddha Nagar,12,ASHOK KUMAR ADHANA,Independent,3929,10,3939
Uttar Pradesh,Gautam Buddha Nagar,13,RODASH GUPTA,Independent,2892,2,2894
Uttar Pradesh,Gautam Buddha Nagar,14,NOTA,None of the Above,8351,20,8371
Uttar Pradesh,Ghaziabad,1,Dolly Sharma,Indian National Congress,111730,214,111944
Uttar Pradesh,Ghaziabad,2,Vijay Kumar Singh,Bharatiya Janata Party,942576,1927,944503
Uttar Pradesh,Ghaziabad,3,Suresh Bansal,Samajwadi Party,442615,388,443003
Uttar Pradesh,Ghaziabad,4,Ashok Sharma,Subhashwadi Bhartiya Samajwadi Party (Subhas Party),2447,3,2450
Uttar Pradesh,Ghaziabad,5,Divya Yog Maya Saraswati,Rashtriya Bharatiya Jan Jan Party,923,2,925
Uttar Pradesh,Ghaziabad,6,Nagendra Kumar,Shivsena,713,1,714
Uttar Pradesh,Ghaziabad,7,Mohan Lal,Republican Party of India (A),1148,2,1150
Uttar Pradesh,Ghaziabad,8,Rakesh Suri,Right to Recall Party,707,2,709
Uttar Pradesh,Ghaziabad,9,Mohd. Salim Ahmed,Sabse Achchhi Party,801,3,804
Uttar Pradesh,Ghaziabad,10,Sunil Nair,Rashtriya Lok Sarvadhikar Party,3942,2,3944
Uttar Pradesh,Ghaziabad,11,Sewa Ram Kasana,Pragatishil Samajwadi Party (Lohia),4377,3,4380
Uttar Pradesh,Ghaziabad,12,Amit Sharma,Independent,2435,0,2435
Uttar Pradesh,Ghaziabad,13,NOTA,None of the Above,7478,17,7495
Uttar Pradesh,Ghazipur,1,AJIT PRATAP KUSHAWAHA,Indian National Congress,19656,178,19834
Uttar Pradesh,Ghazipur,2,AFZAL ANSARI,Bahujan Samaj Party,564144,1938,566082
Uttar Pradesh,Ghazipur,3,BHANU PRAKASH PANDEY,Communist Party of India,7833,11,7844
Uttar Pradesh,Ghazipur,4,MANOJ SINHA,Bharatiya Janata Party,443188,3502,446690
Uttar Pradesh,Ghazipur,5,ISHWARI PRASAD KUSHWAHA,Communist Party of India (Marxist-Leninist) (Liberation),4935,11,4946
Uttar Pradesh,Ghazipur,6,BRIJENDRA KUMAR VERMA,Kisan Mazdoor Sangharsh Party,1015,4,1019
Uttar Pradesh,Ghazipur,7,BHARAT,Janta Raj Party,949,0,949
Uttar Pradesh,Ghazipur,8,RAJESH KUMAR YADAV,Pragatisheel Manav Samaj Party,1813,9,1822
Uttar Pradesh,Ghazipur,9,Dr. RAJESH KUMAR SINGH,Bhartiya Jan Nayak Party,1226,6,1232
Uttar Pradesh,Ghazipur,10,RAMJI,Suheldev Bharatiya Samaj Party,33868,9,33877
Uttar Pradesh,Ghazipur,11,RAMPRAVESH SHARMA ALIAS RINKOO,Moulik Adhikar Party,3388,4,3392
Uttar Pradesh,Ghazipur,12,VED PRAKASH,Nationalist Janshakti Party,2396,4,2400
Uttar Pradesh,Ghazipur,13,SANTOSH KUMAR YADAV,Pragatishil Samajwadi Party (Lohia),2429,19,2448
Uttar Pradesh,Ghazipur,14,HRIDAYA NARAYAN SINGH,Independent,6219,2,6221
Uttar Pradesh,Ghazipur,15,NOTA,None of the Above,6831,40,6871
Uttar Pradesh,Ghosi,1,ATUL KUMAR SINGH,Communist Party of India,14622,22,14644
Uttar Pradesh,Ghosi,2,ATUL KUMAR SINGH,Bahujan Samaj Party,572459,1370,573829
Uttar Pradesh,Ghosi,3,BALKRISHNA,Indian National Congress,23695,117,23812
Uttar Pradesh,Ghosi,4,HARINARAYAN,Bharatiya Janata Party,449212,2049,451261
Uttar Pradesh,Ghosi,5,ABUSHAD,Akhand Samaj Party,4908,6,4914
Uttar Pradesh,Ghosi,6,KISHAN LAL,Rashtriya Krantikari Samajwadi Party,3508,27,3535
Uttar Pradesh,Ghosi,7,GEETA,Ambedkar Samaj Party,1361,6,1367
Uttar Pradesh,Ghosi,8,PARAS,Rashtriya Jantantrik Bharat Vikas Party,1599,1,1600
Uttar Pradesh,Ghosi,9,MAHENDRA,Suheldev Bharatiya Samaj Party,39842,18,39860
Uttar Pradesh,Ghosi,10,SHEFKAT TAKI,Peace Party,3960,0,3960
Uttar Pradesh,Ghosi,11,PRAVEEN KUMAR SINGH,Independent,1230,0,1230
Uttar Pradesh,Ghosi,12,RAJESH,Independent,3653,8,3661
Uttar Pradesh,Ghosi,13,SURYA KUMAR,Independent,2156,3,2159
Uttar Pradesh,Ghosi,14,SURJEET KUMAR,Independent,2884,2,2886
Uttar Pradesh,Ghosi,15,SANTOSH,Independent,6737,2,6739
Uttar Pradesh,Ghosi,16,NOTA,None of the Above,5291,33,5324
Uttar Pradesh,Gonda,1,KIRTI VARDHAN SINGH ALIAS RAJA BHAIYA,Bharatiya Janata Party,507276,914,508190
Uttar Pradesh,Gonda,2,SMT KRISHNA PATEL,Indian National Congress,25646,40,25686
Uttar Pradesh,Gonda,3,VINOD KUMAR ALIAS PANDIT SINGH,Samajwadi Party,341179,651,341830
Uttar Pradesh,Gonda,4,ASMAN DATT MISHRA,Bharat Prabhat Party,3732,2,3734
Uttar Pradesh,Gonda,5,"QUTUBUDDIN KHAN ""DIMOND""",Pragatishil Samajwadi Party (Lohia),6210,2,6212
Uttar Pradesh,Gonda,6,MOHD. JAVED ANSARI,"Vishwa Manav Samaj Kalyan Parishad,",1529,0,1529
Uttar Pradesh,Gonda,7,DHANI RAM CHAUDHRI,Rashtriya Jansambhavna Party,3539,1,3540
Uttar Pradesh,Gonda,8,PEER ALI KHAN,Kisan Mazdoor Sangharsh Party,1936,0,1936
Uttar Pradesh,Gonda,9,MUBARAK ALI,All India Forward Bloc,2830,0,2830
Uttar Pradesh,Gonda,10,RADHEY SHYAM ALIAS PAPPU RAJBHAR,Suheldev Bharatiya Samaj Party,3854,2,3856
Uttar Pradesh,Gonda,11,HAFIZ ALI,Peace Party,2103,1,2104
Uttar Pradesh,Gonda,12,MO. ARBI,Independent,2568,0,2568
Uttar Pradesh,Gonda,13,NARENDRA SINGH,Independent,3265,0,3265
Uttar Pradesh,Gonda,14,MAHESH SINGH,Independent,5475,0,5475
Uttar Pradesh,Gonda,15,VINOD KUMAR SINGH,Independent,2641,2,2643
Uttar Pradesh,Gonda,16,NOTA,None of the Above,8401,17,8418
Uttar Pradesh,Gorakhpur,1,Dr. Ashish Kumar Singh,Communist Party of India,8157,15,8172
Uttar Pradesh,Gorakhpur,2,Madhusudan Tripathi,Indian National Congress,22855,117,22972
Uttar Pradesh,Gorakhpur,3,Ravindra Shyamnarayan Shukla alias Ravi Kishan,Bharatiya Janata Party,715010,2112,717122
Uttar Pradesh,Gorakhpur,4,Rambhual Nishad,Samajwadi Party,414340,1118,415458
Uttar Pradesh,Gorakhpur,5,Abhishek Chand,Suheldev Bharatiya Samaj Party,4317,2,4319
Uttar Pradesh,Gorakhpur,6,Awadhesh Kumar Singh,Shane Hind Fourm,1305,1,1306
Uttar Pradesh,Gorakhpur,7,Jai Prakash Mishra,"Rashtrawadi Party of India,",1335,1,1336
Uttar Pradesh,Gorakhpur,8,Jitendra Kumar,Jwala Dal,1572,0,1572
Uttar Pradesh,Gorakhpur,9,Shyamnarayan Yadav,Pragatishil Samajwadi Party (Lohia),2702,6,2708
Uttar Pradesh,Gorakhpur,10,Subhash Chandra Dubey,Socialist Party (India),1982,0,1982
Uttar Pradesh,Gorakhpur,11,NOTA,None of the Above,7647,41,7688
Uttar Pradesh,Hamirpur,1,DILIP KUMAR SINGH,Bahujan Samaj Party,325803,667,326470
Uttar Pradesh,Hamirpur,2,KUNWAR PUSHPENDRA SINGH CHANDEL,Bharatiya Janata Party,574101,1021,575122
Uttar Pradesh,Hamirpur,3,PRITAM SINGH LODHI KISAAN,Indian National Congress,114376,158,114534
Uttar Pradesh,Hamirpur,4,ARVIND KUMAR PRAJAPATI,Pragatishil Samajwadi Party (Lohia),4247,4,4251
Uttar Pradesh,Hamirpur,5,ER. KEDARNATH VISHWAKARMA,Bahujan Mukti Party,2848,3,2851
Uttar Pradesh,Hamirpur,6,SHRIRAM SINGH GAUR,Bhartiya Shakti Chetna Party,2834,1,2835
Uttar Pradesh,Hamirpur,7,SURESH CHANDRA RAJPUT,Rashtriya Kranti Party,1983,0,1983
Uttar Pradesh,Hamirpur,8,KAMLESH KUMAR,Independent,2441,3,2444
Uttar Pradesh,Hamirpur,9,KAMTA PRASAD PRAJAPATI,Independent,2693,4,2697
Uttar Pradesh,Hamirpur,10,MADHURAJ,Independent,2304,2,2306
Uttar Pradesh,Hamirpur,11,RAJESH,Independent,4917,0,4917
Uttar Pradesh,Hamirpur,12,RAM GOPAL,Independent,4205,1,4206
Uttar Pradesh,Hamirpur,13,SARJOOLAL,Independent,5206,0,5206
Uttar Pradesh,Hamirpur,14,SANJAY KUMAR SAHU,Independent,24787,14,24801
Uttar Pradesh,Hamirpur,15,NOTA,None of the Above,15141,14,15155
Uttar Pradesh,Hardoi,1,Usha Verma,Samajwadi Party,434459,1210,435669
Uttar Pradesh,Hardoi,2,Jai Prakash,Bharatiya Janata Party,567244,899,568143
Uttar Pradesh,Hardoi,3,Virendra Kumar,Indian National Congress,19943,29,19972
Uttar Pradesh,Hardoi,4,Mahendra Pal Verma,Bahujan Awam Party,2247,6,2253
Uttar Pradesh,Hardoi,5,Ram Chandra,Bhartiya Krishak Dal,1130,0,1130
Uttar Pradesh,Hardoi,6,Sahab Singh,Peoples Party of India (Democratic),1197,0,1197
Uttar Pradesh,Hardoi,7,Sanjay Bharatiya,Pragatishil Samajwadi Party (Lohia),1801,1,1802
Uttar Pradesh,Hardoi,8,Avdhesh Kumar,Independent,1373,0,1373
Uttar Pradesh,Hardoi,9,Chotte Lal,Independent,2041,0,2041
Uttar Pradesh,Hardoi,10,Bhaiya Lal,Independent,7911,0,7911
Uttar Pradesh,Hardoi,11,Shive Kumar,Independent,5043,0,5043
Uttar Pradesh,Hardoi,12,NOTA,None of the Above,11003,21,11024
Uttar Pradesh,Hathras,1,RAJVIR DILER,Bharatiya Janata Party,679799,4500,684299
Uttar Pradesh,Hathras,2,RAMJI LAL SUMAN,Samajwadi Party,422588,1503,424091
Uttar Pradesh,Hathras,3,TRILOKI RAM,Indian National Congress,23715,211,23926
Uttar Pradesh,Hathras,4,BHUPENDRA KUMAR,Rashtriya Shoshit Samaj Party,1559,6,1565
Uttar Pradesh,Hathras,5,RAJARAM,Lok Dal,2297,8,2305
Uttar Pradesh,Hathras,6,TILAK SINGH,Independent,880,3,883
Uttar Pradesh,Hathras,7,DINESH SAI,Independent,1392,2,1394
Uttar Pradesh,Hathras,8,HARSWAROOP,Independent,3263,0,3263
Uttar Pradesh,Hathras,9,NOTA,None of the Above,8542,26,8568
Uttar Pradesh,Jalaun,1,AJAY SINGH (PANKAJ),Bahujan Samaj Party,422476,910,423386
Uttar Pradesh,Jalaun,2,BRIJLAL KHABRI,Indian National Congress,89444,162,89606
Uttar Pradesh,Jalaun,3,BHANU PRATAP SINGH VERMA,Bharatiya Janata Party,579723,2040,581763
Uttar Pradesh,Jalaun,4,RAMSINGH,Communist Party of India (Marxist-Leninist) (Liberation),8786,6,8792
Uttar Pradesh,Jalaun,5,SHRAVAN KUMAR PAL,Rashtriya Shoshit Samaj Party,13861,33,13894
Uttar Pradesh,Jalaun,6,NOTA,None of the Above,12493,21,12514
Uttar Pradesh,Jaunpur,1,KRISHNA PRATAP SINGH K.P.,Bharatiya Janata Party,439292,900,440192
Uttar Pradesh,Jaunpur,2,DEO VRAT MISHRA,Indian National Congress,27107,78,27185
Uttar Pradesh,Jaunpur,3,SHYAM SINGH YADAV,Bahujan Samaj Party,520046,1082,521128
Uttar Pradesh,Jaunpur,4,AJAY KUMAR SHARMA,Moulik Adhikar Party,6390,2,6392
Uttar Pradesh,Jaunpur,5,ANIL,Hum Sabki Party,1432,0,1432
Uttar Pradesh,Jaunpur,6,COM. ASHOK KUMAR KHARWAR,SOCIALIST UNITY CENTRE OF INDIA (COMMUNIST),1593,0,1593
Uttar Pradesh,Jaunpur,7,BRIJESH KUMAR,Suheldev Bharatiya Samaj Party,5465,1,5466
Uttar Pradesh,Jaunpur,8,NAVIN,Voters Party International,945,1,946
Uttar Pradesh,Jaunpur,9,MOTIUDDIN,Rashtriya Ulama Council,2960,0,2960
Uttar Pradesh,Jaunpur,10,RAJESH KUMAR,Rashtriya Samaj Paksha,2195,2,2197
Uttar Pradesh,Jaunpur,11,RUKMNI DEVI,Pragatisheel Manav Samaj Party,2162,1,2163
Uttar Pradesh,Jaunpur,12,VINOD KUMAR,Andaman & Nicobar Janta Party,2017,0,2017
Uttar Pradesh,Jaunpur,13,VISHOK KUMAR VISHWAKARMA,Nationalist Janshakti Party,2446,1,2447
Uttar Pradesh,Jaunpur,14,SHESHMANI MAURYA,Hindusthan Nirman Dal,3838,2,3840
Uttar Pradesh,Jaunpur,15,SHYAMLAL,Bharat Prabhat Party,1730,1,1731
Uttar Pradesh,Jaunpur,16,SUNIL KUMAR,Rashtriya Jan Gaurav Party,5768,0,5768
Uttar Pradesh,Jaunpur,17,SANGEETA DEVI,Pragatishil Samajwadi Party (Lohia),3747,5,3752
Uttar Pradesh,Jaunpur,18,ASHOK KUMAR,Independent,1187,0,1187
Uttar Pradesh,Jaunpur,19,PRADEEP KUMAR PANDEY,Independent,4924,0,4924
Uttar Pradesh,Jaunpur,20,MADHAVENDRA PUSHKAR SINGH,Independent,890,1,891
Uttar Pradesh,Jaunpur,21,NOTA,None of the Above,2426,15,2441
Uttar Pradesh,Jhansi,1,Anurag Sharma,Bharatiya Janata Party,808371,901,809272
Uttar Pradesh,Jhansi,2,Shyam Sundar Singh,Samajwadi Party,443090,499,443589
Uttar Pradesh,Jhansi,3,Shivsharan,Indian National Congress,86080,59,86139
Uttar Pradesh,Jhansi,4,Gaurishankar,"Kisan Raksha Party,",3302,1,3303
Uttar Pradesh,Jhansi,5,Jagat Vikram Singh,Pragatishil Samajwadi Party (Lohia),2696,1,2697
Uttar Pradesh,Jhansi,6,Dilshad Ahmed Siddique,Swatantra Jantaraj Party,2263,1,2264
Uttar Pradesh,Jhansi,7,Shruti Agrawal,Bundelkhand Kranti Dal,1845,4,1849
Uttar Pradesh,Jhansi,8,Kalpana Khard,Independent,1769,1,1770
Uttar Pradesh,Jhansi,9,Raja Khateek,Independent,2247,3,2250
Uttar Pradesh,Jhansi,10,Ramgopal,Independent,3807,0,3807
Uttar Pradesh,Jhansi,11,Sunil Prajapati,Independent,5709,2,5711
Uttar Pradesh,Jhansi,12,NOTA,None of the Above,18228,11,18239
Uttar Pradesh,Kairana,1,Tabassum Begum,Samajwadi Party,474339,462,474801
Uttar Pradesh,Kairana,2,Pradeep Kumar,Bharatiya Janata Party,564380,2581,566961
Uttar Pradesh,Kairana,3,Harendra Singh Malik,Indian National Congress,69245,110,69355
Uttar Pradesh,Kairana,4,Manoj Kumar,Aapki Apni Party (Peoples),908,5,913
Uttar Pradesh,Kairana,5,Mukesh Devi,Mahasankalp Janta Party,932,2,934
Uttar Pradesh,Kairana,6,Yogesh Kumar,Rashtriya Mazdoor Ekta Party,818,0,818
Uttar Pradesh,Kairana,7,Rekha,Hindusthan Nirman Dal,615,0,615
Uttar Pradesh,Kairana,8,Sheshraj,Bharatrashtra Democratic Party,472,0,472
Uttar Pradesh,Kairana,9,Shripal Singh,Sarvjan Lok Shakti Party,1302,2,1304
Uttar Pradesh,Kairana,10,Imran,Independent,523,1,524
Uttar Pradesh,Kairana,11,Mohd Gufran Kazmi,Independent,539,1,540
Uttar Pradesh,Kairana,12,Mohd Saleem,Independent,1138,0,1138
Uttar Pradesh,Kairana,13,Harish Kumar,Independent,2128,2,2130
Uttar Pradesh,Kairana,14,NOTA,None of the Above,3524,18,3542
Uttar Pradesh,Kaiserganj,1,Chandradev Ram Yadav,Bahujan Samaj Party,319418,339,319757
Uttar Pradesh,Kaiserganj,2,Brijbhusan Sharan Singh,Bharatiya Janata Party,580226,1132,581358
Uttar Pradesh,Kaiserganj,3,Vinay Kumar Pandey 'Vinnu',Indian National Congress,37049,83,37132
Uttar Pradesh,Kaiserganj,4,Umesh Kumar,Rashtriya Jan Adhikar Party (United),5898,1,5899
Uttar Pradesh,Kaiserganj,5,Chandra Prakash Pandey,Naitik Party,3114,3,3117
Uttar Pradesh,Kaiserganj,6,Dhananjay Sharma,Pragatishil Samajwadi Party (Lohia),2000,1,2001
Uttar Pradesh,Kaiserganj,7,Pramod Kumar,Samrat Ashok Sena Party,2214,0,2214
Uttar Pradesh,Kaiserganj,8,Vajid,Aam Janta Party (India),2036,0,2036
Uttar Pradesh,Kaiserganj,9,Santosh,Bharat Prabhat Party,2165,1,2166
Uttar Pradesh,Kaiserganj,10,Om Prakash Mishra,Independent,3085,4,3089
Uttar Pradesh,Kaiserganj,11,Munni,Independent,4563,2,4565
Uttar Pradesh,Kaiserganj,12,Shiv Narayan,Independent,4898,0,4898
Uttar Pradesh,Kaiserganj,13,NOTA,None of the Above,13157,11,13168
Uttar Pradesh,Kannauj,1,DIMPLE YADAV,Samajwadi Party,549200,1534,550734
Uttar Pradesh,Kannauj,2,SUBRAT PATHAK,Bharatiya Janata Party,561286,1801,563087
Uttar Pradesh,Kannauj,3,ANAND VIKRAM SINGH,Shivsena,4905,17,4922
Uttar Pradesh,Kannauj,4,RAMA DEVI,Bhartiya Vanchitsamaj Party,972,12,984
Uttar Pradesh,Kannauj,5,SATYA RAM,Rashtriya Kranti Party,875,0,875
Uttar Pradesh,Kannauj,6,SUBHASH CHANDRA DOHRE,All India Forward Bloc,1337,0,1337
Uttar Pradesh,Kannauj,7,SANJEEV KUMAR,Rashtriya Samaj Paksha,1200,3,1203
Uttar Pradesh,Kannauj,8,ANKIT SINGH,Independent,1159,4,1163
Uttar Pradesh,Kannauj,9,PRATYUSH PATHAK,Independent,3881,2,3883
Uttar Pradesh,Kannauj,10,SUNIL BHARTI,Independent,4143,0,4143
Uttar Pradesh,Kannauj,11,NOTA,None of the Above,8142,23,8165
Uttar Pradesh,Kanpur,1,Ram Kumar,Samajwadi Party,47703,572,48275
Uttar Pradesh,Kanpur,2,Sriprakash Jaiswal,Indian National Congress,311409,1594,313003
Uttar Pradesh,Kanpur,3,Satyadev Pachauri,Bharatiya Janata Party,466442,2495,468937
Uttar Pradesh,Kanpur,4,Alok Kumar,Sabhi Jan Party,1883,2,1885
Uttar Pradesh,Kanpur,5,Poonam Shukla,Bhartiya Shakti Chetna Party,1116,14,1130
Uttar Pradesh,Kanpur,6,Balveer Singh Chandel,Shivsena,589,2,591
Uttar Pradesh,Kanpur,7,Mukti Yadav,Bharatiya Rashtriya Morcha,314,2,316
Uttar Pradesh,Kanpur,8,Reena Urf Renu,Saaf Party,364,3,367
Uttar Pradesh,Kanpur,9,Chandra Bhan Sankhwar,Independent,592,3,595
Uttar Pradesh,Kanpur,10,Javed Mohammad Khan,Independent,694,2,696
Uttar Pradesh,Kanpur,11,Triveni Narayan Jaiswal,Independent,486,0,486
Uttar Pradesh,Kanpur,12,Dilshad Ahmad,Independent,580,0,580
Uttar Pradesh,Kanpur,13,Ram Gopal Uttam,Independent,1077,1,1078
Uttar Pradesh,Kanpur,14,Shivam Kushwaha,Independent,997,1,998
Uttar Pradesh,Kanpur,15,NOTA,None of the Above,4007,50,4057
Uttar Pradesh,Kaushambi,1,INDRAJEET SAROJ,Samajwadi Party,343274,1013,344287
Uttar Pradesh,Kaushambi,2,GIRISH PASI,Indian National Congress,16384,58,16442
Uttar Pradesh,Kaushambi,3,VINOD KUMAR SONKAR,Bharatiya Janata Party,381517,1492,383009
Uttar Pradesh,Kaushambi,4,BACHACHA LAL,Bhartiya Shakti Chetna Party,6206,5,6211
Uttar Pradesh,Kaushambi,5,MISHRI LAL,Swatantra Jantaraj Party,3178,5,3183
Uttar Pradesh,Kaushambi,6,RAJDEV,Pragatishil Samajwadi Party (Lohia),4986,0,4986
Uttar Pradesh,Kaushambi,7,SHAILENDRA KUMAR PASI,Jansatta Dal Loktantrik,156269,137,156406
Uttar Pradesh,Kaushambi,8,CHHEDDU,Independent,3562,4,3566
Uttar Pradesh,Kaushambi,9,PRADEEP KUMAR,Independent,2376,1,2377
Uttar Pradesh,Kaushambi,10,RAM SUMER,Independent,4219,5,4224
Uttar Pradesh,Kaushambi,11,SHAILENDRA KUMAR,Independent,26954,13,26967
Uttar Pradesh,Kaushambi,12,SHAILENDRA KUMAR,Independent,8009,2,8011
Uttar Pradesh,Kaushambi,13,NOTA,None of the Above,14751,18,14769
Uttar Pradesh,Kheri,1,Ajay Kumar,Bharatiya Janata Party,609285,304,609589
Uttar Pradesh,Kheri,2,Zafar Ali Naqvi,Indian National Congress,92127,28,92155
Uttar Pradesh,Kheri,3,Dr. Purvi Verma,Samajwadi Party,390665,117,390782
Uttar Pradesh,Kheri,4,Vipnesh Shukla,Communist Party of India,11857,0,11857
Uttar Pradesh,Kheri,5,Asif Khan,Bhartiya Kisan Party,1626,0,1626
Uttar Pradesh,Kheri,6,Krishna Kumar Yadav,Lok Jan Sangharsh Party,968,0,968
Uttar Pradesh,Kheri,7,Bandana Gupta,Bhartiya Shakti Chetna Party,1016,1,1017
Uttar Pradesh,Kheri,8,Mahesh Chandra Verma Advocate,Hindusthan Nirman Dal,1002,0,1002
Uttar Pradesh,Kheri,9,Moh. Mumtaz Raza,Rashtriya Janwadi Party (Socialist),1059,1,1060
Uttar Pradesh,Kheri,10,Ram Jeevan,Bahujan Awam Party,1077,1,1078
Uttar Pradesh,Kheri,11,Shrikrishna Verma,Peace Party,1989,2,1991
Uttar Pradesh,Kheri,12,Ajay Kumar Dixit,Independent,1654,0,1654
Uttar Pradesh,Kheri,13,Krishna Kumar,Independent,2496,0,2496
Uttar Pradesh,Kheri,14,Paro Kinner,Independent,5315,0,5315
Uttar Pradesh,Kheri,15,Manoj Kumar Singh,Independent,5320,0,5320
Uttar Pradesh,Kheri,16,NOTA,None of the Above,8747,3,8750
Uttar Pradesh,Kushi Nagar,1,N.P. KUSHWAHA ALIAS NATHUNI PRASAD KUSHWAHA,Samajwadi Party,257776,1703,259479
Uttar Pradesh,Kushi Nagar,2,KUNWER RATANJIT PRATAP NARAYAN SINGH,Indian National Congress,145495,656,146151
Uttar Pradesh,Kushi Nagar,3,VIJAY KUMAR DUBEY,Bharatiya Janata Party,595508,1531,597039
Uttar Pradesh,Kushi Nagar,4,AMIRUDDIN,Apna Dal United Party,8540,1,8541
Uttar Pradesh,Kushi Nagar,5,ARVIND YADAV,Communist Party of India (Marxist-Leninist) Red Star,1405,1,1406
Uttar Pradesh,Kushi Nagar,6,UMESH SINGH,Bhartiya Shakti Chetna Party,1602,3,1605
Uttar Pradesh,Kushi Nagar,7,USMAN,Peace Party,2714,1,2715
Uttar Pradesh,Kushi Nagar,8,P.C. KUREEL,Indian National League,3072,0,3072
Uttar Pradesh,Kushi Nagar,9,DR GANESH,Akhil Bhartiya Gondwana Party,1822,9,1831
Uttar Pradesh,Kushi Nagar,10,RAJIV,Suheldev Bharatiya Samaj Party,8449,5,8454
Uttar Pradesh,Kushi Nagar,11,RAM PRATAP,Purvanchal Mahapanchayat,2366,3,2369
Uttar Pradesh,Kushi Nagar,12,LALITA,Akhil Bhartiya Navnirman Party,2755,4,2759
Uttar Pradesh,Kushi Nagar,13,GUDDI KINNAR,Independent,5881,0,5881
Uttar Pradesh,Kushi Nagar,14,SHIV KUMAR,Independent,3518,0,3518
Uttar Pradesh,Kushi Nagar,15,NOTA,None of the Above,8276,21,8297
Uttar Pradesh,Lalganj,1,Trilokinath,Communist Party of India,8838,5,8843
Uttar Pradesh,Lalganj,2,Neelam Sonker,Bharatiya Janata Party,356328,895,357223
Uttar Pradesh,Lalganj,3,Pankaj Mohan Sonkar,Indian National Congress,17603,27,17630
Uttar Pradesh,Lalganj,4,Sangeeta Azad,Bahujan Samaj Party,517545,1275,518820
Uttar Pradesh,Lalganj,5,Engineer Ajeet Sonkar,Aam Aadmi Party,4517,3,4520
Uttar Pradesh,Lalganj,6,Chandrashekhar,Bharat Prabhat Party,1608,0,1608
Uttar Pradesh,Lalganj,7,Dr. Deelip Kumar Saroj,Suheldev Bharatiya Samaj Party,17924,3,17927
Uttar Pradesh,Lalganj,8,Pintoo,Kanshiram Bahujan Dal,1642,0,1642
Uttar Pradesh,Lalganj,9,Radheshyam Gautam,Rashtriya Ulama Council,6091,2,6093
Uttar Pradesh,Lalganj,10,Lcchiman Kannooizya,Prithviraj Janshakti Party,1880,0,1880
Uttar Pradesh,Lalganj,11,Hemraj Paswan,Pragatishil Samajwadi Party (Lohia),2310,10,2320
Uttar Pradesh,Lalganj,12,Akhilesh,Independent,3225,7,3232
Uttar Pradesh,Lalganj,13,Ramchandar,Independent,7325,0,7325
Uttar Pradesh,Lalganj,14,Santosh Kumar,Independent,3163,0,3163
Uttar Pradesh,Lalganj,15,Subash Saroj,Independent,3282,0,3282
Uttar Pradesh,Lalganj,16,NOTA,None of the Above,5041,19,5060
Uttar Pradesh,Lucknow,1,Poonam Shatrughan Sinha,Samajwadi Party,282858,2866,285724
Uttar Pradesh,Lucknow,2,Acharya Pramod Krishnam,Indian National Congress,178904,1107,180011
Uttar Pradesh,Lucknow,3,Rajnath Singh,Bharatiya Janata Party,627881,5145,633026
Uttar Pradesh,Lucknow,4,Amar Kumar Raizada,Akhil Bharatiya Jan Sangh,2099,5,2104
Uttar Pradesh,Lucknow,5,Kapil Mohan,Mera Adhikaar Rashtriya Dal,471,3,474
Uttar Pradesh,Lucknow,6,Ganesh Chaudhari,Saaf Party,506,9,515
Uttar Pradesh,Lucknow,7,Girish Narain Pande,Sarvodaya Bharat Party,565,4,569
Uttar Pradesh,Lucknow,8,Haji Faheem Siddiqui,Indian National League,569,3,572
Uttar Pradesh,Lucknow,9,Professor D.N.N.S. Yadav,Peoples Party of India (Democratic),666,9,675
Uttar Pradesh,Lucknow,10,Ramesh,All India Forward Bloc,730,9,739
Uttar Pradesh,Lucknow,11,Ram Sagar Pal,Awami Samta Party,1232,19,1251
Uttar Pradesh,Lucknow,12,Shamim Khan,Nagrik Ekta Party,931,4,935
Uttar Pradesh,Lucknow,13,Avinash Chandra Jain,Independent,592,2,594
Uttar Pradesh,Lucknow,14,Jimidar Singh Yadav,Independent,857,2,859
Uttar Pradesh,Lucknow,15,Sanjay Singh Rana,Independent,980,1,981
Uttar Pradesh,Lucknow,16,NOTA,None of the Above,7259,157,7416
Uttar Pradesh,Machhlishahr,1,Tribhuvan Ram (T.Ram),Bahujan Samaj Party,486763,1453,488216
Uttar Pradesh,Machhlishahr,2,Bholanath (B.P. Saroj),Bharatiya Janata Party,487093,1304,488397
Uttar Pradesh,Machhlishahr,3,Dr. Amarnath Paswan,Jan Adhikar Party,7617,5,7622
Uttar Pradesh,Machhlishahr,4,Garib,Mahamukti Dal,2476,1,2477
Uttar Pradesh,Machhlishahr,5,Chanchal Kumar,Rashtriya Samaj Paksha,2615,5,2620
Uttar Pradesh,Machhlishahr,6,Jitendra,Bhartiya Manav Samaj Party,1422,3,1425
Uttar Pradesh,Machhlishahr,7,Dasharath,Prithviraj Janshakti Party,1310,0,1310
Uttar Pradesh,Machhlishahr,8,Deep Chand Ram Urf B.D.O Sahab,Kanshiram Bahujan Dal,2806,8,2814
Uttar Pradesh,Machhlishahr,9,Nandlal,Bharat Prabhat Party,1491,0,1491
Uttar Pradesh,Machhlishahr,10,Brijesh Kumar,Republican Party of India,1999,0,1999
Uttar Pradesh,Machhlishahr,11,Rajkeshar,Sajag Samaj Party,2038,3,2041
Uttar Pradesh,Machhlishahr,12,Raj Nath,Suheldev Bharatiya Samaj Party,11212,11,11223
Uttar Pradesh,Machhlishahr,13,Ram Naresh,Moulik Adhikar Party,4272,1,4273
Uttar Pradesh,Machhlishahr,14,Gangaram,Independent,3167,1,3168
Uttar Pradesh,Machhlishahr,15,"Deepak Kumar ""Nanhe""",Independent,5018,1,5019
Uttar Pradesh,Machhlishahr,16,NOTA,None of the Above,10812,18,10830
Uttar Pradesh,Maharajganj,1,AKHILESH,Samajwadi Party,385592,333,385925
Uttar Pradesh,Maharajganj,2,PANKAJ CHOUDHARY,Bharatiya Janata Party,725557,792,726349
Uttar Pradesh,Maharajganj,3,SUPRIYA SHRINATE,Indian National Congress,72449,67,72516
Uttar Pradesh,Maharajganj,4,PAPPU CHAUHAN,Satya Kranti Party,2856,1,2857
Uttar Pradesh,Maharajganj,5,MANISH,Bahujan Mukti Party,1530,4,1534
Uttar Pradesh,Maharajganj,6,MANOJ KUMAR RANA,Bhartiya Kisan Union Samaj Party,1777,9,1786
Uttar Pradesh,Maharajganj,7,SHIV CHARAN,Jai Hind Samaj Party,1431,0,1431
Uttar Pradesh,Maharajganj,8,SUMIT,Janhit Kisan Party,5183,0,5183
Uttar Pradesh,Maharajganj,9,ANEEL KUMAR,Independent,2040,2,2042
Uttar Pradesh,Maharajganj,10,AMARJEET,Independent,2254,0,2254
Uttar Pradesh,Maharajganj,11,PANNELAL,Independent,3871,1,3872
Uttar Pradesh,Maharajganj,12,PRAMOD KUMAR,Independent,2236,0,2236
Uttar Pradesh,Maharajganj,13,MOHANKUMAR,Independent,3066,0,3066
Uttar Pradesh,Maharajganj,14,LALDHARI YADAV,Independent,5386,1,5387
Uttar Pradesh,Maharajganj,15,NOTA,None of the Above,10458,20,10478
Uttar Pradesh,Mainpuri,1,PREM SINGH SHAKYA,Bharatiya Janata Party,428559,1978,430537
Uttar Pradesh,Mainpuri,2,MULAYAM SINGH YADAV,Samajwadi Party,523145,1781,524926
Uttar Pradesh,Mainpuri,3,OMBEER LODHI,Jan Seva Sahayak Party,2574,6,2580
Uttar Pradesh,Mainpuri,4,KULDEEP KUMAR,Bhartiya Kisan Party,1173,22,1195
Uttar Pradesh,Mainpuri,5,CHAKRAPAN,Jan Adesh Akshuni Sena,1809,3,1812
Uttar Pradesh,Mainpuri,6,TEJ PRATAP SINGH JATAV,Moulik Adhikar Party,1728,2,1730
Uttar Pradesh,Mainpuri,7,RAJAT KUMAR,Bhartiya Jan Nayak Party,619,4,623
Uttar Pradesh,Mainpuri,8,RAVINDRA SINGH KATAR,Bhartiya Navodaya Party,617,2,619
Uttar Pradesh,Mainpuri,9,SHYAM SINGH,Swatantra Jantaraj Party,1051,2,1053
Uttar Pradesh,Mainpuri,10,HARIRAM SHAKYA,Voters Party International,1119,2,1121
Uttar Pradesh,Mainpuri,11,RAVINDRA SINGH YADAV,Independent,977,3,980
Uttar Pradesh,Mainpuri,12,SAVENDRA SINGH,Independent,2628,3,2631
Uttar Pradesh,Mainpuri,13,NOTA,None of the Above,6698,13,6711
Uttar Pradesh,Mathura,1,KUNWAR NARENDRA SINGH,Rashtriya Lok Dal,377319,503,377822
Uttar Pradesh,Mathura,2,MAHESH PATHAK,Indian National Congress,27970,114,28084
Uttar Pradesh,Mathura,3,HEMA MALINI,Bharatiya Janata Party,667342,3951,671293
Uttar Pradesh,Mathura,4,OMPRAKASH,Swatantra Jantaraj Party,5090,5,5095
Uttar Pradesh,Mathura,5,CHATTAR alias CHATRAPAL SINGH NISHAD,Bahujan Mukti Party,780,14,794
Uttar Pradesh,Mathura,6,JAGVIR SINGH,Pragatishil Samajwadi Party (Lohia),467,3,470
Uttar Pradesh,Mathura,7,JASVANT SINGH BAGHEL,Rashtriya Shoshit Samaj Party,1240,5,1245
Uttar Pradesh,Mathura,8,JASVEER SINGH,Rashtriya Naujawan Dal,1628,2,1630
Uttar Pradesh,Mathura,9,DINESH GAUTAM,Bhartiya Anarakshit Party,2360,3,2363
Uttar Pradesh,Mathura,10,RAMDEV GAUTAM,Bhartiya Lok Seva Dal,1260,1,1261
Uttar Pradesh,Mathura,11,PRAMOD KRISHNA,Independent,1489,1,1490
Uttar Pradesh,Mathura,12,PHAKKAD BABA,Independent,4084,2,4086
Uttar Pradesh,Mathura,13,RAMDAS TYAGI,Independent,1295,3,1298
Uttar Pradesh,Mathura,14,NOTA,None of the Above,5788,12,5800
Uttar Pradesh,Meerut,1,HAJI MOHAMMAD YAQOOB,Bahujan Samaj Party,580597,858,581455
Uttar Pradesh,Meerut,2,RAJENDRA AGARWAL,Bharatiya Janata Party,582976,3208,586184
Uttar Pradesh,Meerut,3,HARENDRA AGARWAL,Indian National Congress,34301,178,34479
Uttar Pradesh,Meerut,4,AFZAL,Bahujan Maha Party,877,5,882
Uttar Pradesh,Meerut,5,ARTI AGARWAL,Shivsena,946,11,957
Uttar Pradesh,Meerut,6,KIRAN R. C. JATAV,Kartavya Rashtriya Party,500,12,512
Uttar Pradesh,Meerut,7,DHARMENDRA,Bhartiya Janta Dal,479,10,489
Uttar Pradesh,Meerut,8,NASIR ALI KHAN,Pragatishil Samajwadi Party (Lohia),918,3,921
Uttar Pradesh,Meerut,9,RAJESH GIRI,Sarvodaya Bharat Party,976,2,978
Uttar Pradesh,Meerut,10,SHRAVAN KUMAR AGARWAL,Independent,1022,3,1025
Uttar Pradesh,Meerut,11,SAHANSAR PAL SINGH,Independent,2213,2,2215
Uttar Pradesh,Meerut,12,NOTA,None of the Above,6271,45,6316
Uttar Pradesh,Mirzapur,1,Ramcharitra Nishad,Samajwadi Party,359208,348,359556
Uttar Pradesh,Mirzapur,2,Lalitesh Pati Tripathi,Indian National Congress,91392,109,91501
Uttar Pradesh,Mirzapur,3,Archana Mishra,Satya Bahumat Party,9165,41,9206
Uttar Pradesh,Mirzapur,4,Anupriya Singh Patel,Apna Dal (Soneylal),590867,697,591564
Uttar Pradesh,Mirzapur,5,Adesh Tyagi,Bharat Prabhat Party,7866,55,7921
Uttar Pradesh,Mirzapur,6,Ashish Kumar Tripathi,Pragatishil Samajwadi Party (Lohia),4013,11,4024
Uttar Pradesh,Mirzapur,7,Jeera Devi,Communist Party of India (Marxist-Leninist) (Liberation),8545,8,8553
Uttar Pradesh,Mirzapur,8,Dinesh Kumar Pal,Rashtriya Samaj Paksha,7135,10,7145
Uttar Pradesh,Mirzapur,9,Radheshyam Inshan,Bhartiya Republican Party (Insan),14136,6,14142
Uttar Pradesh,Mirzapur,10,NOTA,None of the Above,15333,20,15353
Uttar Pradesh,Misrikh,1,Ashok Kumar Rawat,Bharatiya Janata Party,533562,867,534429
Uttar Pradesh,Misrikh,2,Dr Neelu Satyarthi,Bahujan Samaj Party,433110,647,433757
Uttar Pradesh,Misrikh,3,Manjari Rahi,Indian National Congress,26446,59,26505
Uttar Pradesh,Misrikh,4,Arun Kumari Kori,Pragatishil Samajwadi Party (Lohia),2429,13,2442
Uttar Pradesh,Misrikh,5,Nagendra Kumar,Rashtrawadi Shramjeevi Dal,1547,1,1548
Uttar Pradesh,Misrikh,6,Beerendra Kanaujiya,Hindusthan Nirman Dal,1556,1,1557
Uttar Pradesh,Misrikh,7,Rahul Kumar,Bhartiya Krishak Dal,911,0,911
Uttar Pradesh,Misrikh,8,Arpit,Independent,1002,0,1002
Uttar Pradesh,Misrikh,9,Arvind Kumar,Independent,939,0,939
Uttar Pradesh,Misrikh,10,Akash Niraj,Independent,1939,0,1939
Uttar Pradesh,Misrikh,11,Raju Verma,Independent,1303,0,1303
Uttar Pradesh,Misrikh,12,Rampal,Independent,2221,0,2221
Uttar Pradesh,Misrikh,13,Shripal Verma,Independent,7934,0,7934
Uttar Pradesh,Misrikh,14,NOTA,None of the Above,10164,17,10181
Uttar Pradesh,Mohanlalganj,1,Kaushal Kishore,Bharatiya Janata Party,626972,2776,629748
Uttar Pradesh,Mohanlalganj,2,R. K. Chaudhary,Indian National Congress,59632,429,60061
Uttar Pradesh,Mohanlalganj,3,C. L. Verma,Bahujan Samaj Party,537172,2347,539519
Uttar Pradesh,Mohanlalganj,4,Ganesh Rawat,Pragatishil Samajwadi Party (Lohia),7954,21,7975
Uttar Pradesh,Mohanlalganj,5,Jagdish Prasad Gautam,Manavtawadi Samaj Party,1441,2,1443
Uttar Pradesh,Mohanlalganj,6,Radha Ambedkar,Peoples Party of India (Democratic),1219,0,1219
Uttar Pradesh,Mohanlalganj,7,Ram Sagar Paasi,Samdarshi Samaj Party,1510,5,1515
Uttar Pradesh,Mohanlalganj,8,Shatrohan Lal Rawat,Lok Dal,2629,4,2633
Uttar Pradesh,Mohanlalganj,9,Sushil Kumar,Aadarsh Sangram Party,4281,0,4281
Uttar Pradesh,Mohanlalganj,10,Jagdish Rawat,Independent,3060,2,3062
Uttar Pradesh,Mohanlalganj,11,Prabhawati Devi,Independent,4329,3,4332
Uttar Pradesh,Mohanlalganj,12,Ramesh Kumar,Independent,2462,0,2462
Uttar Pradesh,Mohanlalganj,13,NOTA,None of the Above,10721,69,10790
Uttar Pradesh,Moradabad,1,IMRAN PRATAPGARHI,Indian National Congress,59117,81,59198
Uttar Pradesh,Moradabad,2,KUNWAR SARVESH KUMAR,Bharatiya Janata Party,549729,1809,551538
Uttar Pradesh,Moradabad,3,Dr. S.T. HASAN,Samajwadi Party,648817,599,649416
Uttar Pradesh,Moradabad,4,MOHD. ASLAM URF PASHA,Jan Shakti Dal,4593,1,4594
Uttar Pradesh,Moradabad,5,Tej Singh Seny,Rashtriya Samanta Dal,761,1,762
Uttar Pradesh,Moradabad,6,DILERAM,Bhartiya Harit Party,1886,0,1886
Uttar Pradesh,Moradabad,7,NADIR ALI MANSOORI,Peace Party,1046,5,1051
Uttar Pradesh,Moradabad,8,BHISHM JIT SINGH,Fauji Janta Party,560,4,564
Uttar Pradesh,Moradabad,9,ROOPCHAND SINGH,Bharatiya Bahujan Samta Party,931,17,948
Uttar Pradesh,Moradabad,10,AKEEL,Independent,890,0,890
Uttar Pradesh,Moradabad,11,NARESH KUMAR SAINI,Independent,911,1,912
Uttar Pradesh,Moradabad,12,PRINCE KUMAR SHARMA,Independent,2271,2,2273
Uttar Pradesh,Moradabad,13,MUSARRAT HUSAIN,Independent,2417,0,2417
Uttar Pradesh,Moradabad,14,NOTA,None of the Above,5740,17,5757
Uttar Pradesh,Muzaffarnagar,1,Ajit Singh,Rashtriya Lok Dal,565753,1501,567254
Uttar Pradesh,Muzaffarnagar,2,Sanjeev Kumar Balyan,Bharatiya Janata Party,569535,4245,573780
Uttar Pradesh,Muzaffarnagar,3,Krishan Pal Singh,Bharat Lok Sewak Party,2406,16,2422
Uttar Pradesh,Muzaffarnagar,4,S.S.K.S. Gangwal,Bharatiya Bahujan Samta Party,1215,47,1262
Uttar Pradesh,Muzaffarnagar,5,Jaipal Singh Saini,Jansatta Party,945,4,949
Uttar Pradesh,Muzaffarnagar,6,Mangeram Kashyap,Majdoor Kisan Union Party,686,1,687
Uttar Pradesh,Muzaffarnagar,7,Ashok,Independent,453,5,458
Uttar Pradesh,Muzaffarnagar,8,Ankit,Independent,550,7,557
Uttar Pradesh,Muzaffarnagar,9,Neel Kumar,Independent,4884,3,4887
Uttar Pradesh,Muzaffarnagar,10,Yajpal Singh Rathi,Independent,2704,1,2705
Uttar Pradesh,Muzaffarnagar,11,NOTA,None of the Above,5061,49,5110
Uttar Pradesh,Nagina,1,OMVATI DEVI,Indian National Congress,19967,79,20046
Uttar Pradesh,Nagina,2,GIRISH CHANDRA,Bahujan Samaj Party,567195,1183,568378
Uttar Pradesh,Nagina,3,DR. YASHWANT SINGH,Bharatiya Janata Party,399348,2198,401546
Uttar Pradesh,Nagina,4,AMICHAND,Rashtriya Samanta Dal,6154,2,6156
Uttar Pradesh,Nagina,5,KAMESH KUMAR,Peoples Party of India (Democratic),1751,1,1752
Uttar Pradesh,Nagina,6,TEJ SINGH,Ambedkar Samaj Party,2165,4,2169
Uttar Pradesh,Nagina,7,CHARAN SINGH,Independent,2877,4,2881
Uttar Pradesh,Nagina,8,NOTA,None of the Above,6498,30,6528
Uttar Pradesh,Phulpur,1,Keshari Devi Patel,Bharatiya Janata Party,542398,2303,544701
Uttar Pradesh,Phulpur,2,Pandhari Yadav,Samajwadi Party,371318,1415,372733
Uttar Pradesh,Phulpur,3,Pankaj Patel,Indian National Congress,32617,144,32761
Uttar Pradesh,Phulpur,4,Atul Kumar Dwivedi,Lok Gathbandhan Party,1398,8,1406
Uttar Pradesh,Phulpur,5,Kamala Prasad,Ambedkar Yug Party,916,5,921
Uttar Pradesh,Phulpur,6,Dakkhini Prasad Kushwaha,Rashtriya Garib Dal,974,1,975
Uttar Pradesh,Phulpur,7,Priya Singh Paul Alias Priyadarshini Gandhi,Pragatishil Samajwadi Party (Lohia),1602,5,1607
Uttar Pradesh,Phulpur,8,Ramnath Priydarshi Suman,Rashtriya Janmat Party,2058,0,2058
Uttar Pradesh,Phulpur,9,Dr. Ramlakhan Chaurasiya,Moulik Adhikar Party,1965,1,1966
Uttar Pradesh,Phulpur,10,Srichandra Kesarwani (Advocate),Baliraja Party,1261,1,1262
Uttar Pradesh,Phulpur,11,Sunil Kumar Maurya,Pragatisheel Samaj Party,2185,4,2189
Uttar Pradesh,Phulpur,12,Sanjeev Kumar Mishra,Yuva Vikas Party,2858,0,2858
Uttar Pradesh,Phulpur,13,Rishabh Pandey,Independent,1945,0,1945
Uttar Pradesh,Phulpur,14,Dr. Neeraj,Independent,2969,3,2972
Uttar Pradesh,Phulpur,15,NOTA,None of the Above,7862,20,7882
Uttar Pradesh,Pilibhit,1,Feroze Varun Gandhi,Bharatiya Janata Party,702755,1794,704549
Uttar Pradesh,Pilibhit,2,Hemraj Verma,Samajwadi Party,447140,1782,448922
Uttar Pradesh,Pilibhit,3,Anita Tripathi,Shivsena,3961,13,3974
Uttar Pradesh,Pilibhit,4,Dr. Bharat,Janata Dal (United),1606,18,1624
Uttar Pradesh,Pilibhit,5,Dr. Sita Ram Rajput,Sabka Dal United,1097,1,1098
Uttar Pradesh,Pilibhit,6,Sanjay Kumar Bharti,Naitik Party,689,7,696
Uttar Pradesh,Pilibhit,7,Md. Hanif,Pragatishil Samajwadi Party (Lohia),1275,1,1276
Uttar Pradesh,Pilibhit,8,Urvashi Singh,Independent,861,3,864
Uttar Pradesh,Pilibhit,9,Kaif Raza Khan,Independent,924,2,926
Uttar Pradesh,Pilibhit,10,Jafri Begum,Independent,1627,6,1633
Uttar Pradesh,Pilibhit,11,Munesh Singh,Independent,2128,1,2129
Uttar Pradesh,Pilibhit,12,Varun Gandhi,Independent,4471,12,4483
Uttar Pradesh,Pilibhit,13,Surendra Kumar Gupta,Independent,4440,2,4442
Uttar Pradesh,Pilibhit,14,NOTA,None of the Above,9916,57,9973
Uttar Pradesh,Pratapgarh,1,ASHOK TRIPATHI,Bahujan Samaj Party,316633,1906,318539
Uttar Pradesh,Pratapgarh,2,RAJKUMARI RATNA SINGH,Indian National Congress,76686,410,77096
Uttar Pradesh,Pratapgarh,3,SANGAM LAL GUPTA,Bharatiya Janata Party,434222,2069,436291
Uttar Pradesh,Pratapgarh,4,AKSHAY PRATAP SINGH ALIAS GOPAL JI,Jansatta Dal Loktantrik,46766,197,46963
Uttar Pradesh,Pratapgarh,5,M. IRSHAD,Sarvodaya Bharat Party,5558,1,5559
Uttar Pradesh,Pratapgarh,6,RAM BAHADUR SHARMA,Moulik Adhikar Party,5576,2,5578
Uttar Pradesh,Pratapgarh,7,SHESHNATH TIWARI,SOCIALIST UNITY CENTRE OF INDIA (COMMUNIST),4526,2,4528
Uttar Pradesh,Pratapgarh,8,DR. B. L. VERMA,Independent,7921,31,7952
Uttar Pradesh,Pratapgarh,9,NOTA,None of the Above,12127,32,12159
Uttar Pradesh,Rae Bareli,1,DINESH PRATAP SINGH,Bharatiya Janata Party,365839,1901,367740
Uttar Pradesh,Rae Bareli,2,SONIA GANDHI,Indian National Congress,533687,1231,534918
Uttar Pradesh,Rae Bareli,3,ASHOK PRATAP MAURYA,Aajad Bharat Party (Democratic),9449,10,9459
Uttar Pradesh,Rae Bareli,4,KIRAN CHAUDHARY,Bahujan Mukti Party,2629,22,2651
Uttar Pradesh,Rae Bareli,5,RAM NARAYAN,Voters Party International,1726,2,1728
Uttar Pradesh,Rae Bareli,6,RAM SINGH YADAV,Pragatishil Samajwadi Party (Lohia),2282,23,2305
Uttar Pradesh,Rae Bareli,7,RAMESHVAR LODHI,Sabka Dal United,2117,2,2119
Uttar Pradesh,Rae Bareli,8,SUNEEL KUMAR,Peace Party,1770,1,1771
Uttar Pradesh,Rae Bareli,9,HORI LAL,Pragatisheel Samaj Party,3295,1,3296
Uttar Pradesh,Rae Bareli,10,NAIMISH PRATAP NARAYAN SINGH,Independent,1765,0,1765
Uttar Pradesh,Rae Bareli,11,PRAMENDRA KUMAR,Independent,2887,1,2888
Uttar Pradesh,Rae Bareli,12,PRAMOD KUREEL,Independent,3454,5,3459
Uttar Pradesh,Rae Bareli,13,VIJAY BAHADUR SINGH,Independent,2812,2,2814
Uttar Pradesh,Rae Bareli,14,SARTAJ KHAN,Independent,3333,0,3333
Uttar Pradesh,Rae Bareli,15,SURENDRA BAHADUR SINGH,Independent,8051,7,8058
Uttar Pradesh,Rae Bareli,16,NOTA,None of the Above,10225,27,10252
Uttar Pradesh,Rampur,1,Jayaprada Nahata,Bharatiya Janata Party,448630,550,449180
Uttar Pradesh,Rampur,2,Mohammad Azam Khan,Samajwadi Party,559018,159,559177
Uttar Pradesh,Rampur,3,Sanjay Kapoor,Indian National Congress,34965,44,35009
Uttar Pradesh,Rampur,4,Arshad Warsi,Minorities Democratic Party,1070,0,1070
Uttar Pradesh,Rampur,5,Ishrat Khan,All India Minorities Front,499,0,499
Uttar Pradesh,Rampur,6,Mohd. Khushi,United Democratic Front Secular,451,0,451
Uttar Pradesh,Rampur,7,Saroj,Peoples Party of India (Democratic),647,5,652
Uttar Pradesh,Rampur,8,Javed Khan,Independent,1963,0,1963
Uttar Pradesh,Rampur,9,Naim,Independent,1518,0,1518
Uttar Pradesh,Rampur,10,Sameena Begum,Independent,2122,0,2122
Uttar Pradesh,Rampur,11,Haneef Khan,Independent,2703,0,2703
Uttar Pradesh,Rampur,12,NOTA,None of the Above,6575,2,6577
Uttar Pradesh,Robertsganj,1,ASHOK KUMAR KANAUJIYA,Communist Party of India,17445,21,17466
Uttar Pradesh,Robertsganj,2,BHAGWATI PRASAD CHAUDHARI,Indian National Congress,35222,47,35269
Uttar Pradesh,Robertsganj,3,BHAI LAL,Samajwadi Party,393304,274,393578
Uttar Pradesh,Robertsganj,4,ANITA KOL,Janata Dal (United),6597,86,6683
Uttar Pradesh,Robertsganj,5,ANUJ KUMAR KANAUJIA,Bhartiya Lokmat Rashtrwadi Party,18333,5,18338
Uttar Pradesh,Robertsganj,6,KAILASH NATH,Suheldev Bharatiya Samaj Party,4813,4,4817
Uttar Pradesh,Robertsganj,7,S R DARAPURI,All India Peoples' Front (Radical),11029,3,11032
Uttar Pradesh,Robertsganj,8,PAKAURI LAL KOL,Apna Dal (Soneylal),447691,223,447914
Uttar Pradesh,Robertsganj,9,RUBY PRASAD,Pragatishil Samajwadi Party (Lohia),9120,10,9130
Uttar Pradesh,Robertsganj,10,Sunil Kumar,Bharat Prabhat Party,5787,6,5793
Uttar Pradesh,Robertsganj,11,PRABHUDAYAL,Independent,8357,1,8358
Uttar Pradesh,Robertsganj,12,Vidya Prakash Kureel,Independent,8788,3,8791
Uttar Pradesh,Robertsganj,13,NOTA,None of the Above,21103,15,21118
Uttar Pradesh,Saharanpur,1,IMRAN MASOOD,Indian National Congress,206908,160,207068
Uttar Pradesh,Saharanpur,2,HAJI FAZLUR REHMAN,Bahujan Samaj Party,513268,871,514139
Uttar Pradesh,Saharanpur,3,RAGHAV LAKHANPAL,Bharatiya Janata Party,489942,1780,491722
Uttar Pradesh,Saharanpur,4,MOHD. UVAIS,Pragatishil Samajwadi Party (Lohia),2437,1,2438
Uttar Pradesh,Saharanpur,5,PAWAN KUMAR,Aapki Apni Party (Peoples),726,1,727
Uttar Pradesh,Saharanpur,6,BRAJPAL SINGH,Hindusthan Nirman Dal,1224,1,1225
Uttar Pradesh,Saharanpur,7,YOGESH DAHIYA,Aam Aadmi Party,1444,5,1449
Uttar Pradesh,Saharanpur,8,RAVINDER KUMAR,Inqalab Vikas Dal,718,0,718
Uttar Pradesh,Saharanpur,9,AMAR BAHADUR,Independent,1090,1,1091
Uttar Pradesh,Saharanpur,10,INDU DEVI,Independent,2197,2,2199
Uttar Pradesh,Saharanpur,11,SHABNAM,Independent,4684,2,4686
Uttar Pradesh,Saharanpur,12,NOTA,None of the Above,4277,7,4284
Uttar Pradesh,Salempur,1,R S KUSHWAHA,Bahujan Samaj Party,351820,2944,354764
Uttar Pradesh,Salempur,2,RAVINDER,Bharatiya Janata Party,463930,3311,467241
Uttar Pradesh,Salempur,3,RAJESH KUMAR MISHRA,Indian National Congress,26970,318,27288
Uttar Pradesh,Salempur,4,AJIMULLAH,Peace Party,2194,10,2204
Uttar Pradesh,Salempur,5,KAILASH CHAUHAN,Janta Kranti Party (Rashtravadi),2403,10,2413
Uttar Pradesh,Salempur,6,KRIPA SHANKAR PRASAD,Bharatiya Samta Samaj Party,1290,9,1299
Uttar Pradesh,Salempur,7,PUJA PANDEY,Pragatishil Samajwadi Party (Lohia),1719,33,1752
Uttar Pradesh,Salempur,8,RAJARAM,Suheldev Bharatiya Samaj Party,33504,16,33520
Uttar Pradesh,Salempur,9,RAMJI PRATAP JIGYASU,Hindusthan Nirman Dal,1592,2,1594
Uttar Pradesh,Salempur,10,MOHD SAROOR ALI,Janata Congress,1562,1,1563
Uttar Pradesh,Salempur,11,SUMESHWAR NATH TIWARI,RASHTRIYA VIKLANG PARTY,3835,1,3836
Uttar Pradesh,Salempur,12,CHHOTELAL,Independent,2283,0,2283
Uttar Pradesh,Salempur,13,VIDYA SHANKER PANDEY,Independent,2427,3,2430
Uttar Pradesh,Salempur,14,VISHRAM,Independent,4812,1,4813
Uttar Pradesh,Salempur,15,SUNIL KUMAR PANDEY,Independent,6266,1,6267
Uttar Pradesh,Salempur,16,NOTA,None of the Above,7752,47,7799
Uttar Pradesh,Sambhal,1,MAJOR JAGAT PAL SINGH,Indian National Congress,12076,29,12105
Uttar Pradesh,Sambhal,2,PARAMESHVAR LAL SAINI,Bharatiya Janata Party,482466,714,483180
Uttar Pradesh,Sambhal,3,DR. SHAFIQUR REHMAN BARQ,Samajwadi Party,657505,501,658006
Uttar Pradesh,Sambhal,4,ILYAS,Bhartiya Hind Fauj,4081,0,4081
Uttar Pradesh,Sambhal,5,KARAN SINGH YADAV,Pragatishil Samajwadi Party (Lohia),4195,3,4198
Uttar Pradesh,Sambhal,6,BHOJRAJ,Swatantra Jantaraj Party,746,0,746
Uttar Pradesh,Sambhal,7,RAM CHANDRA,Bharat Prabhat Party,645,0,645
Uttar Pradesh,Sambhal,8,SHAHLA WAJID,Ambedkar Samaj Party,1044,4,1048
Uttar Pradesh,Sambhal,9,HASAN RAZA,Rashtriya Ulama Council,1227,0,1227
Uttar Pradesh,Sambhal,10,FIROZ KHAN,Independent,2733,1,2734
Uttar Pradesh,Sambhal,11,MOHD. MASROOR,Independent,3628,0,3628
Uttar Pradesh,Sambhal,12,VIRENDRA KUMAR PRAJAPATI,Independent,4637,4,4641
Uttar Pradesh,Sambhal,13,NOTA,None of the Above,7226,4,7230
Uttar Pradesh,Sant Kabir Nagar,1,PRAVEEN KUMAR NISHAD,Bharatiya Janata Party,466167,1376,467543
Uttar Pradesh,Sant Kabir Nagar,2,BHAL CHANDRA YADAV,Indian National Congress,128242,264,128506
Uttar Pradesh,Sant Kabir Nagar,3,BHEESHMA SHANKAR,Bahujan Samaj Party,430899,895,431794
Uttar Pradesh,Sant Kabir Nagar,4,AKHILESH KUMAR,Moulik Adhikar Party,8013,12,8025
Uttar Pradesh,Sant Kabir Nagar,5,ANAND KUMAR GAUTAM,Bahujan Mukti Party,3984,3,3987
Uttar Pradesh,Sant Kabir Nagar,6,RAJENDRA YADAV,Independent,6915,17,6932
Uttar Pradesh,Sant Kabir Nagar,7,LOTAN,Independent,3972,0,3972
Uttar Pradesh,Sant Kabir Nagar,8,NOTA,None of the Above,12614,17,12631
Uttar Pradesh,Shahjahanpur,1,Amar Chandra Jauhar,Bahujan Samaj Party,417337,3235,420572
Uttar Pradesh,Shahjahanpur,2,Arun Kumar Sagar,Bharatiya Janata Party,686352,2638,688990
Uttar Pradesh,Shahjahanpur,3,Brahm Swaroop Sagar,Indian National Congress,35055,228,35283
Uttar Pradesh,Shahjahanpur,4,Manish Chandra Kori,Communist Party of India,9462,2,9464
Uttar Pradesh,Shahjahanpur,5,Kishan Lal,Sanyukt Vikas Party,2249,1,2250
Uttar Pradesh,Shahjahanpur,6,Kuwar Pal Singh Gautam,Jan Seva Sahayak Party,1150,1,1151
Uttar Pradesh,Shahjahanpur,7,Dharmvir Balmiki,Bhartiya Bhaichara Party,1155,4,1159
Uttar Pradesh,Shahjahanpur,8,Narveer Fauji,Pragatishil Samajwadi Party (Lohia),2094,10,2104
Uttar Pradesh,Shahjahanpur,9,Manohar Lal Saroj,Netaji Subhash Chander Bose Rashtriya Azad Party,2340,2,2342
Uttar Pradesh,Shahjahanpur,10,Ramesh Chandra Verma,Manav Kranti Party,1343,1,1344
Uttar Pradesh,Shahjahanpur,11,Sohan Pal alias Sonpal,Bhartiya Krishak Dal,1711,1,1712
Uttar Pradesh,Shahjahanpur,12,Arun Kumar,Independent,2836,1,2837
Uttar Pradesh,Shahjahanpur,13,Vineet,Independent,2604,0,2604
Uttar Pradesh,Shahjahanpur,14,Shyamacharan,Independent,5308,0,5308
Uttar Pradesh,Shahjahanpur,15,NOTA,None of the Above,8978,59,9037
Uttar Pradesh,Shrawasti,1,DADDAN MISHRA,Bharatiya Janata Party,436228,223,436451
Uttar Pradesh,Shrawasti,2,DHIRENDRA PRATAP SINGH,Indian National Congress,58014,28,58042
Uttar Pradesh,Shrawasti,3,NABBAN KHAN,Communist Party of India,12662,0,12662
Uttar Pradesh,Shrawasti,4,RAM SHIROMANI,Bahujan Samaj Party,441505,266,441771
Uttar Pradesh,Shrawasti,5,RAJWANT SINGH,Shivsena,7479,0,7479
Uttar Pradesh,Shrawasti,6,RAM KUMAR PANDEY,Hindusthan Nirman Dal,4325,0,4325
Uttar Pradesh,Shrawasti,7,HANOMAN PRASAD MISHRA,Kisan Mazdoor Sangharsh Party,3165,0,3165
Uttar Pradesh,Shrawasti,8,ARJUN,Independent,3509,0,3509
Uttar Pradesh,Shrawasti,9,UGRASEN SINGH,Independent,7064,0,7064
Uttar Pradesh,Shrawasti,10,BALMUKUND,Independent,5431,0,5431
Uttar Pradesh,Shrawasti,11,NOTA,None of the Above,17104,4,17108
Uttar Pradesh,Sitapur,1,Qaiser Jahan,Indian National Congress,95958,60,96018
Uttar Pradesh,Sitapur,2,Nakul Dubey,Bahujan Samaj Party,413173,522,413695
Uttar Pradesh,Sitapur,3,Rajesh Verma,Bharatiya Janata Party,513984,544,514528
Uttar Pradesh,Sitapur,4,Anil Singh,Aam Janta Party (India),7530,2,7532
Uttar Pradesh,Sitapur,5,Abu bakar,Bharat Prabhat Party,1827,1,1828
Uttar Pradesh,Sitapur,6,Geeta Devi,Bahujan Awam Party,1441,0,1441
Uttar Pradesh,Sitapur,7,Mahendra Kumar,Awami Samta Party,2332,0,2332
Uttar Pradesh,Sitapur,8,Vijay Kumar Mishra,Pragatishil Samajwadi Party (Lohia),1737,5,1742
Uttar Pradesh,Sitapur,9,Turab Ali,Independent,4508,0,4508
Uttar Pradesh,Sitapur,10,Pyare Lal Bhargva,Independent,4447,1,4448
Uttar Pradesh,Sitapur,11,Vinod Kumar,Independent,4083,0,4083
Uttar Pradesh,Sitapur,12,Shuchita Kumar,Independent,3492,1,3493
Uttar Pradesh,Sitapur,13,NOTA,None of the Above,8866,7,8873
Uttar Pradesh,Sultanpur,1,"CHANDRA BHADRA SINGH ""SSONU""",Bahujan Samaj Party,444422,248,444670
Uttar Pradesh,Sultanpur,2,MANEKA SANJAI GANDHI,Bharatiya Janata Party,458281,915,459196
Uttar Pradesh,Sultanpur,3,Dr. SANJAY SINH,Indian National Congress,41588,93,41681
Uttar Pradesh,Sultanpur,4,RISHABH SHRIVASTAVA,Bhartiya Hind Fauj,2424,3,2427
Uttar Pradesh,Sultanpur,5,KAMLA DEVI,Pragatishil Samajwadi Party (Lohia),11484,10,11494
Uttar Pradesh,Sultanpur,6,NASIR ALI,Bharat Prabhat Party,1246,0,1246
Uttar Pradesh,Sultanpur,7,FIROJ AHAMAD,Kanshiram Bahujan Dal,1590,2,1592
Uttar Pradesh,Sultanpur,8,MANJU LATA PAL,Aam Janta Party (India),2148,0,2148
Uttar Pradesh,Sultanpur,9,SUNITA RAJBHAR,Suheldev Bharatiya Samaj Party,4270,1,4271
Uttar Pradesh,Sultanpur,10,HARI LAL,Rastriya Insaaf Party,3265,0,3265
Uttar Pradesh,Sultanpur,11,AKHILESH,Independent,1826,2,1828
Uttar Pradesh,Sultanpur,12,ABU UMAIMA,Independent,1577,0,1577
Uttar Pradesh,Sultanpur,13,MATHURA,Independent,2226,0,2226
Uttar Pradesh,Sultanpur,14,RAJ KUMAR,Independent,5756,0,5756
Uttar Pradesh,Sultanpur,15,VIRENDRA,Independent,7168,0,7168
Uttar Pradesh,Sultanpur,16,NOTA,None of the Above,9770,1,9771
Uttar Pradesh,Unnao,1,Annu Tandon,Indian National Congress,185468,166,185634
Uttar Pradesh,Unnao,2,Arun Shanker Shukla,Samajwadi Party,302263,288,302551
Uttar Pradesh,Unnao,3,Swami Sakshi Ji Maharaj,Bharatiya Janata Party,702441,1066,703507
Uttar Pradesh,Unnao,4,Umar Khan,Nagrik Ekta Party,11122,1,11123
Uttar Pradesh,Unnao,5,Chedi Lal,Bharat Prabhat Party,3088,2,3090
Uttar Pradesh,Unnao,6,Deepak Chaurasia,Janhit Kisan Party,5712,3,5715
Uttar Pradesh,Unnao,7,Shailesh Kushwaha,Aajad Bharat Party (Democratic),3550,0,3550
Uttar Pradesh,Unnao,8,Satish Kumar Shukla,Pragatishil Samajwadi Party (Lohia),6710,1,6711
Uttar Pradesh,Unnao,9,Satyendra Nath Gaur,Independent,4003,2,4005
Uttar Pradesh,Unnao,10,NOTA,None of the Above,11189,1,11190
Uttar Pradesh,Varanasi,1,AJAY RAI,Indian National Congress,152456,92,152548
Uttar Pradesh,Varanasi,2,NARENDRA MODI,Bharatiya Janata Party,673453,1211,674664
Uttar Pradesh,Varanasi,3,SHALINI YADAV,Samajwadi Party,194763,396,195159
Uttar Pradesh,Varanasi,4,ANIL KUMAR CHAURASIYA,Janhit Kisan Party,2756,2,2758
Uttar Pradesh,Varanasi,5,AMRESH MISHRA,Bharat Prabhat Party,555,0,555
Uttar Pradesh,Varanasi,6,AASHIN U. S.,Indian Gandhiyan Party,503,1,504
Uttar Pradesh,Varanasi,7,ASHUTOSH KUMAR PANDEY,Mera Adhikaar Rashtriya Dal,498,1,499
Uttar Pradesh,Varanasi,8,UMESH CHANDRA KATIYAR,Al-Hind Party,637,0,637
Uttar Pradesh,Varanasi,9,TIRBHUWAN SHARMA,Bharatiya Rashtravadi Samanta Party,1694,1,1695
Uttar Pradesh,Varanasi,10,ADVOCATE PREM NATH SHARMA,Moulik Adhikar Party,1603,3,1606
Uttar Pradesh,Varanasi,11,BRAJENDRA DUTT TRIPATHI,Adarshwaadi Congress Party,838,0,838
Uttar Pradesh,Varanasi,12,Dr. RAKESH PRATAP,Bharatiya Jan Kranti Dal (Democratic),907,0,907
Uttar Pradesh,Varanasi,13,RAJESH BHARTI SURYA,Rashtriya Ambedkar Dal,1257,1,1258
Uttar Pradesh,Varanasi,14,RAMSHARAN,Vikas Insaf Party,1236,1,1237
Uttar Pradesh,Varanasi,15,Dr. SHEKH SIRAJ BABA,Rashtriya Matadata Party,1771,0,1771
Uttar Pradesh,Varanasi,16,SURENDRA RAJBHAR,Suheldev Bharatiya Samaj Party,8890,2,8892
Uttar Pradesh,Varanasi,17,HARI BHAI PATEL,Aam Janta Party (India),1339,1,1340
Uttar Pradesh,Varanasi,18,HEENA SHAHID,Janhit Bharat Party,1914,0,1914
Uttar Pradesh,Varanasi,19,ATEEK AHMAD,Independent,854,1,855
Uttar Pradesh,Varanasi,20,ISHWAR DAYAL SINGH SETH,Independent,657,0,657
Uttar Pradesh,Varanasi,21,CHANDRIKA PRASAD,Independent,331,0,331
Uttar Pradesh,Varanasi,22,MANISH SHRIVASTAVA,Independent,350,0,350
Uttar Pradesh,Varanasi,23,MANOHAR ANANDRAO PATIL,Independent,2134,0,2134
Uttar Pradesh,Varanasi,24,MAANAV,Independent,1434,1,1435
Uttar Pradesh,Varanasi,25,SUNNAM ISTARI,Independent,798,0,798
Uttar Pradesh,Varanasi,26,SUNIL KUMAR,Independent,1097,0,1097
Uttar Pradesh,Varanasi,27,NOTA,None of the Above,4019,18,4037
Uttarakhand,Almora,1,Ajay Tamta,Bharatiya Janata Party,430455,14196,444651
Uttarakhand,Almora,2,Pradeep Tamta,Indian National Congress,209836,1829,211665
Uttarakhand,Almora,3,Sunder Dhoni (Advocate),Bahujan Samaj Party,10059,131,10190
Uttarakhand,Almora,4,K.L. Arya,Uttarakhand Kranti Dal,3991,69,4060
Uttarakhand,Almora,5,Dropadi Verma,Uttarakhand Kranti Dal (Democratic),2981,69,3050
Uttarakhand,Almora,6,Advocate Vimla Arya,UTTARAKHAND PARIVARTAN PARTY,5291,60,5351
Uttarakhand,Almora,7,NOTA,None of the Above,15311,194,15505
Uttarakhand,Garhwal,1,Tirath Singh Rawat,Bharatiya Janata Party,487613,19367,506980
Uttarakhand,Garhwal,2,Manish Khanduri,Indian National Congress,202610,1701,204311
Uttarakhand,Garhwal,3,Dilendrr Pal Singh,Uttarakhand Kranti Dal (Democratic),5212,71,5283
Uttarakhand,Garhwal,4,Dr. Mukesh Semwal,SOCIALIST UNITY CENTRE OF INDIA (COMMUNIST),1404,33,1437
Uttarakhand,Garhwal,5,Shanti Prasad Bhatt,Uttarakhand Kranti Dal,1877,74,1951
Uttarakhand,Garhwal,6,Anandmani Dutt Joshi,Independent,1429,24,1453
Uttarakhand,Garhwal,7,Bhagwat Prasad,Independent,1581,20,1601
Uttarakhand,Garhwal,8,Dr. Ramendra Singh Bhandari,Independent,2165,25,2190
Uttarakhand,Garhwal,9,Vinod Prasad Notiyal,Independent,5277,25,5302
Uttarakhand,Garhwal,10,NOTA,None of the Above,12181,95,12276
Uttarakhand,Hardwar,1,Dr. Antriksh Saini,Bahujan Samaj Party,173169,359,173528
Uttarakhand,Hardwar,2,Ambrish Kumar,Indian National Congress,406264,681,406945
Uttarakhand,Hardwar,3,Ramesh Pokhriyal 'Nishank',Bharatiya Janata Party,661050,4624,665674
Uttarakhand,Hardwar,4,Tribirendra Singh Rawat,Uttarakhand Kranti Dal (Democratic),3539,34,3573
Uttarakhand,Hardwar,5,Narendra Chauhan,Bhartiya Sarvodaya Party,935,2,937
Uttarakhand,Hardwar,6,Furkan Ali Advocate,Pragatishil Samajwadi Party (Lohia),705,2,707
Uttarakhand,Hardwar,7,Bhanpal Singh,Bahujan Mukti Party,801,2,803
Uttarakhand,Hardwar,8,Reenu,Hindusthan Nirman Dal,884,13,897
Uttarakhand,Hardwar,9,Lalit Kumar,Peoples Party of India (Democratic),734,4,738
Uttarakhand,Hardwar,10,Surendra Kumar Upadhayay,Uttarakhand Kranti Dal,1653,9,1662
Uttarakhand,Hardwar,11,Aadil,Independent,1315,4,1319
Uttarakhand,Hardwar,12,Dharmendra,Independent,1133,1,1134
Uttarakhand,Hardwar,13,Bachi Singh,Independent,1365,2,1367
Uttarakhand,Hardwar,14,"Thakur Manish Singh (Verma) ""Swabhimani""",Independent,2910,3,2913
Uttarakhand,Hardwar,15,Shishupal Singh,Independent,2549,3,2552
Uttarakhand,Hardwar,16,NOTA,None of the Above,6207,74,6281
Uttarakhand,Nainital-udhamsingh Nagar,1,Ajay Bhatt,Bharatiya Janata Party,765173,7022,772195
Uttarakhand,Nainital-udhamsingh Nagar,2,Er. Navneet Agarwal,Bahujan Samaj Party,28271,184,28455
Uttarakhand,Nainital-udhamsingh Nagar,3,Harish Rawat,Indian National Congress,431101,1998,433099
Uttarakhand,Nainital-udhamsingh Nagar,4,Comrade Dr. Kailash Pandey,Communist Party of India (Marxist-Leninist) (Liberation),5468,20,5488
Uttarakhand,Nainital-udhamsingh Nagar,5,Er. Jyoti Prakash Tamta,Bahujan Mukti Party,2045,8,2053
Uttarakhand,Nainital-udhamsingh Nagar,6,Prem Prasad Arya,Pragatisheel Lok Manch,3332,7,3339
Uttarakhand,Nainital-udhamsingh Nagar,7,Sukumar Vishvas,Independent,3326,7,3333
Uttarakhand,Nainital-udhamsingh Nagar,8,NOTA,None of the Above,10540,68,10608
Uttarakhand,Tehri Garhwal,1,PRITAM SINGH,Indian National Congress,262171,2576,264747
Uttarakhand,Tehri Garhwal,2,MALA RAJYA LAXMI SHAH,Bharatiya Janata Party,556120,9213,565333
Uttarakhand,Tehri Garhwal,3,RAJENDRA PUROHIT,Communist Party of India (Marxist),6605,21,6626
Uttarakhand,Tehri Garhwal,4,SATYAPAL,Bahujan Samaj Party,4498,84,4582
Uttarakhand,Tehri Garhwal,5,ANU PANT,Uttarakhand Kranti Dal (Democratic),708,15,723
Uttarakhand,Tehri Garhwal,6,GAUTAM SINGH BISHT,Sarv Vikas Party,673,15,688
Uttarakhand,Tehri Garhwal,7,JAY PRAKASH UPADHYAY,Uttarakhand Kranti Dal,1146,11,1157
Uttarakhand,Tehri Garhwal,8,(CA) SANJAY KUNDALIYA,Uttarakhand Pragatisheel Party,1090,8,1098
Uttarakhand,Tehri Garhwal,9,GOPAL MANI,Independent,10540,146,10686
Uttarakhand,Tehri Garhwal,10,DAULAT KUNWAR,Independent,1374,25,1399
Uttarakhand,Tehri Garhwal,11,BRIJ BHUSHAN KARANWAL,Independent,1953,9,1962
Uttarakhand,Tehri Garhwal,12,BARHM DEV JHA,Independent,1444,2,1446
Uttarakhand,Tehri Garhwal,13,MADHU SHAH,Independent,1470,13,1483
Uttarakhand,Tehri Garhwal,14,SANJAY GOYAL,Independent,2405,1,2406
Uttarakhand,Tehri Garhwal,15,SARDAR KHAN (PAPPU),Independent,5454,3,5457
Uttarakhand,Tehri Garhwal,16,NOTA,None of the Above,6155,121,6276
West Bengal,Alipurduars,1,JOHN BARLA,Bharatiya Janata Party,747788,3016,750804
West Bengal,Alipurduars,2,DASRATH TIRKEY,All India Trinamool Congress,505885,930,506815
West Bengal,Alipurduars,3,MILI ORAON,Revolutionary Socialist Party,53859,151,54010
West Bengal,Alipurduars,4,MOHANLAL BASUMATA,Indian National Congress,27279,148,27427
West Bengal,Alipurduars,5,RABICHAN RABHA,SOCIALIST UNITY CENTRE OF INDIA (COMMUNIST),4152,13,4165
West Bengal,Alipurduars,6,GERGORY TRIKEY,Independent,4289,14,4303
West Bengal,Alipurduars,7,PRASEN JAYANT KINDO,Independent,11506,12,11518
West Bengal,Alipurduars,8,NOTA,None of the Above,21147,28,21175
West Bengal,Arambagh,1,APARUPA PODDAR (AFRIN ALI),All India Trinamool Congress,649613,316,649929
West Bengal,Arambagh,2,JYOTI KUMARI DAS,Indian National Congress,25094,34,25128
West Bengal,Arambagh,3,TAPAN KUMAR RAY,Bharatiya Janata Party,647755,1032,648787
West Bengal,Arambagh,4,SAKTI MOHAN MALIK,Communist Party of India (Marxist),100373,147,100520
West Bengal,Arambagh,5,SAMIR MITRA,Bahujan Samaj Party,4710,4,4714
West Bengal,Arambagh,6,JHANTU LAL PAKRE,Bharatiya Nyay-Adhikar Raksha Party,2616,2,2618
West Bengal,Arambagh,7,PROSANTA MALIK,SOCIALIST UNITY CENTRE OF INDIA (COMMUNIST),3473,0,3473
West Bengal,Arambagh,8,BINAY KUMAR MALIK,Rashtriya Janadhikar Suraksha Party,8668,1,8669
West Bengal,Arambagh,9,CHITTARANJAN MALLICK,Independent,7646,2,7648
West Bengal,Arambagh,10,NOTA,None of the Above,20484,11,20495
West Bengal,Asansol,1,GOURANGA CHATTERJEE,Communist Party of India (Marxist),87553,55,87608
West Bengal,Asansol,2,BABUL SUPRIYO,Bharatiya Janata Party,632727,651,633378
West Bengal,Asansol,3,BISWARUP MONDAL,Indian National Congress,21019,19,21038
West Bengal,Asansol,4,MOON MOON SEN,All India Trinamool Congress,435584,157,435741
West Bengal,Asansol,5,SANDIP SARKAR,Bahujan Samaj Party,7859,1,7860
West Bengal,Asansol,6,ABHISHEKH KUMAR SINGH,Shivsena,5757,4,5761
West Bengal,Asansol,7,AMARNATH CHOWDHURY,SOCIALIST UNITY CENTRE OF INDIA (COMMUNIST),4383,0,4383
West Bengal,Asansol,8,MD. ZAHIR ALAM,Bahujan Mukti Party,12677,0,12677
West Bengal,Asansol,9,KAJAL BANERJEE,Independent,5176,0,5176
West Bengal,Asansol,10,Swaraj Das (BAPI),Independent,10065,1,10066
West Bengal,Asansol,11,NOTA,None of the Above,14432,15,14447
West Bengal,Baharampur,1,ADHIR RANJAN CHOWDHURY,Indian National Congress,589580,1526,591106
West Bengal,Baharampur,2,APURBA SARKAR (DAVID),All India Trinamool Congress,509886,524,510410
West Bengal,Baharampur,3,ID MOHAMMAD,Revolutionary Socialist Party,13342,20,13362
West Bengal,Baharampur,4,KUSHADHAJ BALA,Bahujan Samaj Party,2892,22,2914
West Bengal,Baharampur,5,KRISHNA JOYARDAR,Bharatiya Janata Party,141231,1807,143038
West Bengal,Baharampur,6,ANISUL AMBIA,SOCIALIST UNITY CENTRE OF INDIA (COMMUNIST),2634,8,2642
West Bengal,Baharampur,7,ASISH SINGHA,Shivsena,1210,7,1217
West Bengal,Baharampur,8,KASHINATH DUTTA,Republican Party of India (A),1798,5,1803
West Bengal,Baharampur,9,MD EZARUDDIN,Jamat-E-Seratul Mustakim,3040,6,3046
West Bengal,Baharampur,10,DURBADAL DAS,Independent,2691,0,2691
West Bengal,Baharampur,11,SAMIR BISWAS,Independent,13681,1,13682
West Bengal,Baharampur,12,NOTA,None of the Above,14072,14,14086
West Bengal,Balurghat,1,Arpita Ghosh,All India Trinamool Congress,505463,561,506024
West Bengal,Balurghat,2,Abdus Sadek Sarkar,Indian National Congress,36698,85,36783
West Bengal,Balurghat,3,Nalin Chandra Murmu,Bahujan Samaj Party,3302,18,3320
West Bengal,Balurghat,4,Ranen Barman,Revolutionary Socialist Party,72917,73,72990
West Bengal,Balurghat,5,Sukanta Majumdar,Bharatiya Janata Party,537577,1740,539317
West Bengal,Balurghat,6,Naran Tudu,Jharkhand Mukti Morcha,6383,4,6387
West Bengal,Balurghat,7,Nubash Chandra Barman,Kamatapur People’s Party (United),1762,1,1763
West Bengal,Balurghat,8,Biren Mahanta,SOCIALIST UNITY CENTRE OF INDIA (COMMUNIST),1525,1,1526
West Bengal,Balurghat,9,Manas Chakraborty,Communist Party of India (Marxist-Leninist) Red Star,1345,4,1349
West Bengal,Balurghat,10,Ranjit Kumar Mohanta,Shivsena,3297,3,3300
West Bengal,Balurghat,11,Ranendra Nath Mali,Bahujan Mukti Party,2005,2,2007
West Bengal,Balurghat,12,Bibhuti Tudu,Independent,4714,5,4719
West Bengal,Balurghat,13,Muslima Khatun,Independent,4949,1,4950
West Bengal,Balurghat,14,NOTA,None of the Above,13403,11,13414
West Bengal,Bangaon,1,ALAKESH DAS,Communist Party of India (Marxist),89996,126,90122
West Bengal,Bangaon,2,CHANDAN MALLICK,Bahujan Samaj Party,4669,38,4707
West Bengal,Bangaon,3,MAMATA THAKUR,All India Trinamool Congress,575382,646,576028
West Bengal,Bangaon,4,SHANTANU THAKUR,Bharatiya Janata Party,685237,2385,687622
West Bengal,Bangaon,5,SOURAV PROSAD,Indian National Congress,22552,66,22618
West Bengal,Bangaon,6,SAMARESH BISWAS,Party for Democratic Socialism,1912,1,1913
West Bengal,Bangaon,7,SUBRATA BISWAS,Bahujan Mukti Party,1289,2,1291
West Bengal,Bangaon,8,SWAPAN MONDAL,SOCIALIST UNITY CENTRE OF INDIA (COMMUNIST),4539,5,4544
West Bengal,Bangaon,9,ANIMESH CHANDRA HALDER,Independent,9518,6,9524
West Bengal,Bangaon,10,SWAPAN KUMAR ROY,Independent,1859,0,1859
West Bengal,Bangaon,11,NOTA,None of the Above,7513,17,7530
West Bengal,Bankura,1,AMIYA PATRA,Communist Party of India (Marxist),100014,268,100282
West Bengal,Bankura,2,MAHADEB BAURI,Bahujan Samaj Party,6689,18,6707
West Bengal,Bankura,3,SUBRATA MUKHERJEE,All India Trinamool Congress,500122,864,500986
West Bengal,Bankura,4,DR. SUBHAS SARKAR,Bharatiya Janata Party,672202,3117,675319
West Bengal,Bankura,5,ANIMESH MAL,Bharatiya Nyay-Adhikar Raksha Party,9119,4,9123
West Bengal,Bankura,6,ANANDA KUMAR SAREN,Rashtriya Janadhikar Suraksha Party,3220,8,3228
West Bengal,Bankura,7,GOUR CHANDRA (AKHAN) HEMBRAM,Jharkhand People's Party,2212,8,2220
West Bengal,Bankura,8,DR. TANMAY MANDAL,SOCIALIST UNITY CENTRE OF INDIA (COMMUNIST),5662,17,5679
West Bengal,Bankura,9,PRABIR BANERJEE,Jharkhand Anushilan Party,4158,6,4164
West Bengal,Bankura,10,SUKCHAND SAREN,Communist Party of India (Marxist-Leninist) Red Star,2885,4,2889
West Bengal,Bankura,11,SUBHASH SARKAR,Shivsena,9057,15,9072
West Bengal,Bankura,12,ABDUL RAHIM MALLIK,Independent,5818,1,5819
West Bengal,Bankura,13,BIBHUTI SARDAR,Independent,12369,3,12372
West Bengal,Bankura,14,MILAN MANDI,Independent,14937,5,14942
West Bengal,Bankura,15,SHYAMAL KUMAR PALIT,Independent,5034,0,5034
West Bengal,Bankura,16,NOTA,None of the Above,13987,32,14019
West Bengal,Barasat,1,Dr. Kakoli Ghoshdastidar,All India Trinamool Congress,647459,625,648084
West Bengal,Barasat,2,Mrinal Kanti Debnath,Bharatiya Janata Party,536921,1180,538101
West Bengal,Barasat,3,Sukumar Bala,Bahujan Samaj Party,9730,10,9740
West Bengal,Barasat,4,Subrata Dutta,Indian National Congress,37230,41,37271
West Bengal,Barasat,5,Haripada Biswas,All India Forward Bloc,123723,251,123974
West Bengal,Barasat,6,Oli Mahammad Mallick,Communist Party of India (Marxist-Leninist) Red Star,1294,12,1306
West Bengal,Barasat,7,Tushar Ghosh,SOCIALIST UNITY CENTRE OF INDIA (COMMUNIST),1754,0,1754
West Bengal,Barasat,8,Dipankar Baidya,Rashtriya Janasachetan Party (R.J.P.),1274,3,1277
West Bengal,Barasat,9,Debasish Biswas,Amra Bangalee,2348,0,2348
West Bengal,Barasat,10,Bani Chakraborty,Shivsena,3115,1,3116
West Bengal,Barasat,11,Saurav Basu,Rashtriya Janadhikar Suraksha Party,4424,1,4425
West Bengal,Barasat,12,Mrinal Kanti Bhattacharjee,Independent,5598,3,5601
West Bengal,Barasat,13,NOTA,None of the Above,17737,32,17769
West Bengal,Bardhaman Durgapur,1,S.S AHLUWALIA,Bharatiya Janata Party,597450,926,598376
West Bengal,Bardhaman Durgapur,2,ABHAS RAY CHAUDHURI,Communist Party of India (Marxist),161103,226,161329
West Bengal,Bardhaman Durgapur,3,DR. MAMTAZ SANGHAMITA,All India Trinamool Congress,595611,326,595937
West Bengal,Bardhaman Durgapur,4,RANAJIT MUKHERJEE,Indian National Congress,38481,35,38516
West Bengal,Bardhaman Durgapur,5,RAMKRISHNA MALIK (DEV),Bahujan Samaj Party,13762,4,13766
West Bengal,Bardhaman Durgapur,6,SUCHETA KUNDU(BANERJEE),SOCIALIST UNITY CENTRE OF INDIA (COMMUNIST),6542,1,6543
West Bengal,Bardhaman Durgapur,7,NOTA,None of the Above,18526,14,18540
West Bengal,Bardhaman Purba,1,ISWAR CHANDRA DAS,Communist Party of India (Marxist),175768,152,175920
West Bengal,Bardhaman Purba,2,PARESH CHANDRA DAS,Bharatiya Janata Party,550671,852,551523
West Bengal,Bardhaman Purba,3,MUKUL BISWAS,Bahujan Samaj Party,8852,10,8862
West Bengal,Bardhaman Purba,4,SIDDHARTHA MAJUMDAR,Indian National Congress,38426,46,38472
West Bengal,Bardhaman Purba,5,SUNIL KUMAR MONDAL,All India Trinamool Congress,640490,344,640834
West Bengal,Bardhaman Purba,6,NIRMAL MAJHI,SOCIALIST UNITY CENTRE OF INDIA (COMMUNIST),6416,3,6419
West Bengal,Bardhaman Purba,7,BIPLAB MISTRI,Bharatiya Nyay-Adhikar Raksha Party,6494,2,6496
West Bengal,Bardhaman Purba,8,NOTA,None of the Above,10747,13,10760
West Bengal,Barrackpore,1,ARJUN SINGH,Bharatiya Janata Party,471490,1504,472994
West Bengal,Barrackpore,2,GARGI CHATTERJEE,Communist Party of India (Marxist),117354,102,117456
West Bengal,Barrackpore,3,Tapash Sarkar,Bahujan Samaj Party,3823,15,3838
West Bengal,Barrackpore,4,DINESH TRIVEDI,All India Trinamool Congress,457870,267,458137
West Bengal,Barrackpore,5,MD. ALAM,Indian National Congress,15784,32,15816
West Bengal,Barrackpore,6,Pradip Chaudhuri,SOCIALIST UNITY CENTRE OF INDIA (COMMUNIST),1629,3,1632
West Bengal,Barrackpore,7,UDAY VEER CHOUDHURY,Independent,670,0,670
West Bengal,Barrackpore,8,Kundan Singh,Independent,712,1,713
West Bengal,Barrackpore,9,KRISHANPAL BALMIKI,Independent,858,0,858
West Bengal,Barrackpore,10,GANESH DAS,Independent,1705,0,1705
West Bengal,Barrackpore,11,GOPAL RAUT,Independent,1041,1,1042
West Bengal,Barrackpore,12,MD. SHYEAD AHAMED,Independent,2982,2,2984
West Bengal,Barrackpore,13,RAMU MANDI,Independent,8135,1,8136
West Bengal,Barrackpore,14,SHAMPA SIL,Independent,2270,1,2271
West Bengal,Barrackpore,15,Sourav Singh,Independent,3533,1,3534
West Bengal,Barrackpore,16,NOTA,None of the Above,12711,20,12731
West Bengal,Basirhat,1,Abul Kashem Dhali,Bahujan Samaj Party,4671,9,4680
West Bengal,Basirhat,2,Quazi Abdur Rahim,Indian National Congress,104137,46,104183
West Bengal,Basirhat,3,Nusrat Jahan Ruhi,All India Trinamool Congress,781920,158,782078
West Bengal,Basirhat,4,Pallab Sengupta,Communist Party of India,68278,38,68316
West Bengal,Basirhat,5,Sayantan Basu,Bharatiya Janata Party,431105,604,431709
West Bengal,Basirhat,6,Ajay Kumar Bain,SOCIALIST UNITY CENTRE OF INDIA (COMMUNIST),3824,0,3824
West Bengal,Basirhat,7,Imamul Hasan Mallik,Bharatiya Nyay-Adhikar Raksha Party,1608,1,1609
West Bengal,Basirhat,8,Md. Tabarok Hossain Molla,All India Labour Party,2707,0,2707
West Bengal,Basirhat,9,Mizanoor Rahaman,Independent,2375,0,2375
West Bengal,Basirhat,10,Amiya Sarkar,Independent,4062,3,4065
West Bengal,Basirhat,11,Abdul Hannan Sardar,Independent,3433,0,3433
West Bengal,Basirhat,12,Parimal Mistri,Independent,10953,0,10953
West Bengal,Basirhat,13,Subhasis Kumar Bhowmik,Independent,4301,0,4301
West Bengal,Basirhat,14,NOTA,None of the Above,9102,4,9106
West Bengal,Birbhum,1,IMAM HOSSAIN,Indian National Congress,75451,95,75546
West Bengal,Birbhum,2,KARIM REZAUL,Communist Party of India (Marxist),96673,90,96763
West Bengal,Birbhum,3,DUDH KUMAR MONDAL,Bharatiya Janata Party,563715,1438,565153
West Bengal,Birbhum,4,PRABIR MUKHOPADHYAY,Bahujan Samaj Party,9459,8,9467
West Bengal,Birbhum,5,SATABDI ROY,All India Trinamool Congress,653426,651,654077
West Bengal,Birbhum,6,AHAMED FARUK,Rashtravadi Janata Party,15171,0,15171
West Bengal,Birbhum,7,AYESHA KHATUN,SOCIALIST UNITY CENTRE OF INDIA (COMMUNIST),5995,5,6000
West Bengal,Birbhum,8,MD. FIROJ ALI,Bharatiya National Janta Dal,9400,0,9400
West Bengal,Birbhum,9,CHITTARANJAN HANSDA,Independent,5526,2,5528
West Bengal,Birbhum,10,NOTA,None of the Above,12307,11,12318
West Bengal,Bishnupur,1,KHAN NARAYAN CHANDRA,Indian National Congress,17860,72,17932
West Bengal,Bishnupur,2,KHAN SUNIL,Communist Party of India (Marxist),102498,117,102615
West Bengal,Bishnupur,3,KHAN SAUMITRA,Bharatiya Janata Party,654904,2115,657019
West Bengal,Bishnupur,4,SHYAMAL SANTRA,All India Trinamool Congress,578560,412,578972
West Bengal,Bishnupur,5,AJIT KUMAR BAURI,SOCIALIST UNITY CENTRE OF INDIA (COMMUNIST),11210,15,11225
West Bengal,Bishnupur,6,JITENDRA NATH ROY,Communist Party of India (Marxist-Leninist) Red Star,6434,4,6438
West Bengal,Bishnupur,7,BASUDEB SIKARI,Bahujan Mukti Party,13542,3,13545
West Bengal,Bishnupur,8,TARANI ROY,Independent,11059,11,11070
West Bengal,Bishnupur,9,SANJIT KHAN,Independent,7390,6,7396
West Bengal,Bishnupur,10,NOTA,None of the Above,14414,22,14436
West Bengal,Bolpur,1,ABHIJIT SAHA,Indian National Congress,30005,107,30112
West Bengal,Bolpur,2,ASIT KUMAR MAL,All India Trinamool Congress,698441,730,699171
West Bengal,Bolpur,3,DAS RAMPRASAD,Bharatiya Janata Party,591445,1324,592769
West Bengal,Bolpur,4,DAS SAMIRAN,Bahujan Samaj Party,9156,9,9165
West Bengal,Bolpur,5,RAM CHANDRA DOME,Communist Party of India (Marxist),91831,133,91964
West Bengal,Bolpur,6,BIJOY DOLUI,SOCIALIST UNITY CENTRE OF INDIA (COMMUNIST),8796,1,8797
West Bengal,Bolpur,7,SIMANTA MONDAL,Rashtravadi Janata Party,17010,3,17013
West Bengal,Bolpur,8,NOTA,None of the Above,12265,13,12278
West Bengal,Cooch behar,1,ADHIKARY PARESH CHANDRA,All India Trinamool Congress,676339,1024,677363
West Bengal,Cooch behar,2,GOBINDA CHANDRA ROY,All India Forward Bloc,46648,162,46810
West Bengal,Cooch behar,3,NISITH PRAMANIK,Bharatiya Janata Party,728634,2960,731594
West Bengal,Cooch behar,4,PIYA ROY CHOWDHURY,Indian National Congress,28087,128,28215
West Bengal,Cooch behar,5,KANGSA RAJ BARMAN,Kamatapur People’s Party (United),2066,12,2078
West Bengal,Cooch behar,6,DHANANJOY BARMAN,Welfare Party Of India,1729,4,1733
West Bengal,Cooch behar,7,PRABHAT ROY,SOCIALIST UNITY CENTRE OF INDIA (COMMUNIST),3169,5,3174
West Bengal,Cooch behar,8,SUBODH BARMAN,Amra Bangalee,1930,5,1935
West Bengal,Cooch behar,9,NARESH CHANDRA ROY,Independent,4068,9,4077
West Bengal,Cooch behar,10,NIRMAL KUMAR ROY,Independent,7068,1,7069
West Bengal,Cooch behar,11,HAREKRISHNA SARKAR,Independent,6144,1,6145
West Bengal,Cooch behar,12,NOTA,None of the Above,14470,20,14490
West Bengal,Darjeeling,1,AMAR SINGH RAI,All India Trinamool Congress,335793,831,336624
West Bengal,Darjeeling,2,RAJU BISTA,Bharatiya Janata Party,744657,5410,750067
West Bengal,Darjeeling,3,Sankar Malakar,Indian National Congress,64744,442,65186
West Bengal,Darjeeling,4,SAMAN PATHAK,Communist Party of India (Marxist),50446,78,50524
West Bengal,Darjeeling,5,SUDIP MANDAL,Bahujan Samaj Party,2232,27,2259
West Bengal,Darjeeling,6,CHRISTOPHER GAHATRAJ,Indian Democratic Republican Front,1670,8,1678
West Bengal,Darjeeling,7,TANMAY DUTTA,SOCIALIST UNITY CENTRE OF INDIA (COMMUNIST),1445,4,1449
West Bengal,Darjeeling,8,DIPAK KUMAR ROY,Kamatapur People’s Party (United),1525,14,1539
West Bengal,Darjeeling,9,BHARAT DONG,Gorkha Rashtriya Congress,2927,25,2952
West Bengal,Darjeeling,10,SUNIL PANDIT,Rashtriya Janasachetan Party (R.J.P.),1486,19,1505
West Bengal,Darjeeling,11,HARKA BAHADUR CHHETRI,All India Jana Andolan Party,6364,131,6495
West Bengal,Darjeeling,12,AJAY DAHAL,Independent,2189,10,2199
West Bengal,Darjeeling,13,RESEEKA CHETTRI,Independent,3281,78,3359
West Bengal,Darjeeling,14,DIGBIJAY MANDAL,Independent,4115,2,4117
West Bengal,Darjeeling,15,NIRODE CHANDRA ADHIKARY,Independent,10718,1,10719
West Bengal,Darjeeling,16,RAJESH SINGH,Independent,15972,1,15973
West Bengal,Darjeeling,17,NOTA,None of the Above,10561,64,10625
West Bengal,Diamond harbour,1,ABHISHEK BANERJEE,All India Trinamool Congress,790725,402,791127
West Bengal,Diamond harbour,2,NILANJAN ROY,Bharatiya Janata Party,470047,486,470533
West Bengal,Diamond harbour,3,Dr. FUAD HALIM,Communist Party of India (Marxist),93833,108,93941
West Bengal,Diamond harbour,4,MD. GORIBULLA MOLLA,Bahujan Samaj Party,2907,4,2911
West Bengal,Diamond harbour,5,SOUMYA AICH ROY,Indian National Congress,19819,9,19828
West Bengal,Diamond harbour,6,AJAY GHOSH,SOCIALIST UNITY CENTRE OF INDIA (COMMUNIST),1846,0,1846
West Bengal,Diamond harbour,7,SANTOSH KUMAR,Shivsena,2252,0,2252
West Bengal,Diamond harbour,8,SWARNALATA SARKAR,Bharatiya Nyay-Adhikar Raksha Party,2018,0,2018
West Bengal,Diamond harbour,9,PRABIR SARKAR,Independent,2743,1,2744
West Bengal,Diamond harbour,10,SUBRATA BOSE,Independent,5555,0,5555
West Bengal,Diamond harbour,11,NOTA,None of the Above,16242,5,16247
West Bengal,Dum dum,1,NARESH CHANDRA BARUI,Bahujan Samaj Party,4967,7,4974
West Bengal,Dum dum,2,NEPALDEB BHATTACHARYA,Communist Party of India (Marxist),167249,341,167590
West Bengal,Dum dum,3,SAMIK BHATTACHARYA,Bharatiya Janata Party,458270,790,459060
West Bengal,Dum dum,4,SOUGATA RAY,All India Trinamool Congress,511707,355,512062
West Bengal,Dum dum,5,SAURAV SAHA,Indian National Congress,29066,31,29097
West Bengal,Dum dum,6,AMIT SENGUPTA,Rashtriya Janasachetan Party (R.J.P.),1186,0,1186
West Bengal,Dum dum,7,INDRANIL BANERJEE,Shivsena,2394,1,2395
West Bengal,Dum dum,8,JHUMA SAHA,Party for Democratic Socialism,1703,2,1705
West Bengal,Dum dum,9,TARUN KUMAR DAS,SOCIALIST UNITY CENTRE OF INDIA (COMMUNIST),2436,1,2437
West Bengal,Dum dum,10,SHANKAR DAS,Communist Party of India (Marxist-Leninist) Red Star,4379,0,4379
West Bengal,Dum dum,11,SATYA BRATA BANDYOPADHYAY,Rashtriya Janadhikar Suraksha Party,2964,0,2964
West Bengal,Dum dum,12,SUBIR DAS,New Democratic Party of India,2320,0,2320
West Bengal,Dum dum,13,NOTA,None of the Above,14466,25,14491
West Bengal,Ghatal,1,ADHIKARI DEEPAK (DEV),All India Trinamool Congress,717407,552,717959
West Bengal,Ghatal,2,KHANDAKAR MD. SAIFULLAH (SAIFUL),Indian National Congress,32793,46,32839
West Bengal,Ghatal,3,TAPAN GANGULI,Communist Party of India,96943,117,97060
West Bengal,Ghatal,4,BHARATI GHOSH,Bharatiya Janata Party,608523,1463,609986
West Bengal,Ghatal,5,SURAJIT SENAPATI,Bahujan Samaj Party,7646,4,7650
West Bengal,Ghatal,6,UJJWAL KUMAR GHATAK,Shivsena,4209,4,4213
West Bengal,Ghatal,7,DINESH MAIKAP,SOCIALIST UNITY CENTRE OF INDIA (COMMUNIST),5283,18,5301
West Bengal,Ghatal,8,NOTA,None of the Above,13796,14,13810
West Bengal,Hooghly,1,PRATUL CHANDRA SAHA,Indian National Congress,25329,45,25374
West Bengal,Hooghly,2,PRADIP SAHA,Communist Party of India (Marxist),121329,259,121588
West Bengal,Hooghly,3,VIJAY KUMAR MAHATO,Bahujan Samaj Party,5125,13,5138
West Bengal,Hooghly,4,DR. RATNA DE (NAG),All India Trinamool Congress,597482,604,598086
West Bengal,Hooghly,5,LOCKET CHATTERJEE,Bharatiya Janata Party,670031,1417,671448
West Bengal,Hooghly,6,BHASKAR GHOSH,SOCIALIST UNITY CENTRE OF INDIA (COMMUNIST),8079,3,8082
West Bengal,Hooghly,7,SAJAL ADHIKARI,Communist Party of India (Marxist-Leninist) (Liberation),8010,2,8012
West Bengal,Hooghly,8,DULAL CH. HEMBRAM,Independent,3078,2,3080
West Bengal,Hooghly,9,NOOR HOSSAIN MONDAL,Independent,3507,2,3509
West Bengal,Hooghly,10,NOTA,None of the Above,13498,27,13525
West Bengal,Howrah,1,Prasun Banerjee,All India Trinamool Congress,576499,212,576711
West Bengal,Howrah,2,Rantidev Sengupta,Bharatiya Janata Party,472456,560,473016
West Bengal,Howrah,3,SUVRA GHOSH,Indian National Congress,32088,19,32107
West Bengal,Howrah,4,Sumitro Adhikary,Communist Party of India (Marxist),105421,126,105547
West Bengal,Howrah,5,GAUTAM KUMAR SHAW,Purvanchal Janta Party (Secular),1378,1,1379
West Bengal,Howrah,6,CHANDRA SEKHAR JHA,Shivsena,1840,0,1840
West Bengal,Howrah,7,Md. Shanawaz,SOCIALIST UNITY CENTRE OF INDIA (COMMUNIST),1119,1,1120
West Bengal,Howrah,8,Sudarsan Manna,Samajtantric Party of India,730,0,730
West Bengal,Howrah,9,ASHRAF ALI,Independent,974,1,975
West Bengal,Howrah,10,IMTIAZ AHMED MOLLAH,Independent,1323,0,1323
West Bengal,Howrah,11,Kanai Sit,Independent,1003,0,1003
West Bengal,Howrah,12,KASHI NATH MALICK,Independent,1014,0,1014
West Bengal,Howrah,13,Debasish Mandal,Independent,1346,1,1347
West Bengal,Howrah,14,PANKAJ GAR,Independent,1179,0,1179
West Bengal,Howrah,15,SISIR SAMANTA,Independent,3555,0,3555
West Bengal,Howrah,16,SEKHAR MONDAL,Independent,6446,1,6447
West Bengal,Howrah,17,SHAILENDRA KUMAR JAISWAL,Independent,3949,0,3949
West Bengal,Howrah,18,SHYAM PRASAD RAM,Independent,2028,0,2028
West Bengal,Howrah,19,Samir Mondal,Independent,686,0,686
West Bengal,Howrah,20,NOTA,None of the Above,6325,12,6337
West Bengal,Jadavpur,1,ANUPAM HAZRA,Bharatiya Janata Party,392610,623,393233
West Bengal,Jadavpur,2,BIKASH RANJAN BHATTACHARYYA,Communist Party of India (Marxist),301560,704,302264
West Bengal,Jadavpur,3,BIMAL KRISHNA MANDAL,Bahujan Samaj Party,5112,2,5114
West Bengal,Jadavpur,4,MIMI CHAKRABORTY,All India Trinamool Congress,687773,699,688472
West Bengal,Jadavpur,5,ANURADHA PUTATUNDA,Party for Democratic Socialism,5549,0,5549
West Bengal,Jadavpur,6,GOPAL NASKAR,Rashtriya Janasachetan Party (R.J.P.),1342,1,1343
West Bengal,Jadavpur,7,DR NAZRUL ISLAM,Mulnibasi Party of India,1601,4,1605
West Bengal,Jadavpur,8,RUPA KHAN,Bharatiya Nyay-Adhikar Raksha Party,1667,0,1667
West Bengal,Jadavpur,9,SUJATA BANERJEE,SOCIALIST UNITY CENTRE OF INDIA (COMMUNIST),4345,9,4354
West Bengal,Jadavpur,10,ATANU CHATTERJEE,Independent,2345,0,2345
West Bengal,Jadavpur,11,KARTIK KAYAL,Independent,9378,0,9378
West Bengal,Jadavpur,12,KARTICK NASKAR,Independent,2554,0,2554
West Bengal,Jadavpur,13,MANGAL KUMAR SARDAR,Independent,3474,1,3475
West Bengal,Jadavpur,14,NOTA,None of the Above,15516,25,15541
West Bengal,Jalpaiguri,1,Dr. JAYANTA KUMAR ROY,Bharatiya Janata Party,757806,2339,760145
West Bengal,Jalpaiguri,2,JIBAN KRISHNA MAJUMDER,Bahujan Samaj Party,8101,33,8134
West Bengal,Jalpaiguri,3,BIJOY CHANDRA BARMAN,All India Trinamool Congress,575547,594,576141
West Bengal,Jalpaiguri,4,BHAGIRATH CHANDRA ROY,Communist Party of India (Marxist),76054,112,76166
West Bengal,Jalpaiguri,5,MANI KUMAR DARNAL,Indian National Congress,28488,74,28562
West Bengal,Jalpaiguri,6,KHUSHI RANJAN MONDAL,Amra Bangalee,2199,6,2205
West Bengal,Jalpaiguri,7,RANJIT KUMAR ROY,Samajwadi Jan Parishad,1894,5,1899
West Bengal,Jalpaiguri,8,SUBAL CHANDRA ROY,Kamatapur People’s Party (United),2668,17,2685
West Bengal,Jalpaiguri,9,HARIBHAKTA SARDAR,SOCIALIST UNITY CENTRE OF INDIA (COMMUNIST),4686,6,4692
West Bengal,Jalpaiguri,10,SACHIMOHAN BARMAN,Independent,3411,2,3413
West Bengal,Jalpaiguri,11,SUBHASH BISWAS,Independent,10854,3,10857
West Bengal,Jalpaiguri,12,HAREKRISHNA SARKAR,Independent,6094,1,6095
West Bengal,Jalpaiguri,13,NOTA,None of the Above,19909,19,19928
West Bengal,Jangipur,1,ABHIJIT MUKHERJEE,Indian National Congress,255554,282,255836
West Bengal,Jangipur,2,KHALILUR RAHAMAN,All India Trinamool Congress,562518,320,562838
West Bengal,Jangipur,3,MAFUJA KHATUN,Bharatiya Janata Party,316147,909,317056
West Bengal,Jangipur,4,MD. ZULFIKAR ALI,Communist Party of India (Marxist),95450,51,95501
West Bengal,Jangipur,5,SHAMIMUL ISLAM,Bahujan Samaj Party,3497,1,3498
West Bengal,Jangipur,6,DR. S.Q.R. ILYAS,Welfare Party Of India,21292,10,21302
West Bengal,Jangipur,7,TAIEDUL ISLAM,SOCIAL DEMOCRATIC PARTY OF INDIA,11693,3,11696
West Bengal,Jangipur,8,DHANANJOY BANERJEE,Purvanchal Janta Party (Secular),2934,2,2936
West Bengal,Jangipur,9,SAMIRUDDIN,SOCIALIST UNITY CENTRE OF INDIA (COMMUNIST),3856,1,3857
West Bengal,Jangipur,10,AVIJIT KHAMARU,Independent,5788,2,5790
West Bengal,Jangipur,11,PRASAD HALDER,Independent,12838,1,12839
West Bengal,Jangipur,12,NOTA,None of the Above,11349,6,11355
West Bengal,Jhargram,1,Ashok Kumar Murmu,Bahujan Samaj Party,11311,13,11324
West Bengal,Jhargram,2,Kunar Hembram,Bharatiya Janata Party,623373,3210,626583
West Bengal,Jhargram,3,Deblina Hembram,Communist Party of India (Marxist),75379,301,75680
West Bengal,Jhargram,4,Birbaha Saren,All India Trinamool Congress,613566,1250,614816
West Bengal,Jhargram,5,Jageswar Hembram,Indian National Congress,20712,42,20754
West Bengal,Jhargram,6,Birbaha Hansda,Jharkhand Party (Naren),11165,39,11204
West Bengal,Jhargram,7,Maheswar Hembram,Akhil Bhartiya Jharkhand Party,8481,3,8484
West Bengal,Jhargram,8,SUSHIL MANDI,SOCIALIST UNITY CENTRE OF INDIA (COMMUNIST),6446,3,6449
West Bengal,Jhargram,9,NARENDRA NATH HEMBRAM,Independent,13209,19,13228
West Bengal,Jhargram,10,NOTA,None of the Above,17664,28,17692
West Bengal,Joynagar,1,DR. ASHOK KANDARY,Bharatiya Janata Party,444040,387,444427
West Bengal,Joynagar,2,TAPAN MONDAL,Indian National Congress,18746,12,18758
West Bengal,Joynagar,3,PRATIMA MONDAL,All India Trinamool Congress,760934,268,761202
West Bengal,Joynagar,4,SANKAR DEB MONDAL,Bahujan Samaj Party,8531,2,8533
West Bengal,Joynagar,5,SUBHAS NASKAR,Revolutionary Socialist Party,67880,33,67913
West Bengal,Joynagar,6,ASHOKE BAIRAGI,New Democratic Party of India,3267,0,3267
West Bengal,Joynagar,7,JAYKRISHNA HALDAR,SOCIALIST UNITY CENTRE OF INDIA (COMMUNIST),38258,3,38261
West Bengal,Joynagar,8,SWAPAN KUMAR MANDAL,Rashtriya Janasachetan Party (R.J.P.),3298,0,3298
West Bengal,Joynagar,9,NOTA,None of the Above,10437,6,10443
West Bengal,Kanthi,1,Adhikari Sisir,All India Trinamool Congress,711233,639,711872
West Bengal,Kanthi,2,Dipak Kumar Das,Indian National Congress,16789,62,16851
West Bengal,Kanthi,3,Dr. Debasish Samanta,Bharatiya Janata Party,598616,1588,600204
West Bengal,Kanthi,4,Paritosh Pattanayak,Communist Party of India (Marxist),76002,183,76185
West Bengal,Kanthi,5,Barman Khokan,Bahujan Samaj Party,3000,4,3004
West Bengal,Kanthi,6,Kenaram Misra,Shivsena,4143,4,4147
West Bengal,Kanthi,7,Manas Pradhan,SOCIALIST UNITY CENTRE OF INDIA (COMMUNIST),3288,9,3297
West Bengal,Kanthi,8,NOTA,None of the Above,8679,8,8687
West Bengal,Kolkata Dakshin,1,Chandra Kumar Bose,Bharatiya Janata Party,417086,841,417927
West Bengal,Kolkata Dakshin,2,Mala Roy,All India Trinamool Congress,572188,931,573119
West Bengal,Kolkata Dakshin,3,Mita Chakraborty,Indian National Congress,42536,82,42618
West Bengal,Kolkata Dakshin,4,Nandini Mukherjee,Communist Party of India (Marxist),139770,505,140275
West Bengal,Kolkata Dakshin,5,Sarfaraz Khan,Bahujan Samaj Party,2358,2,2360
West Bengal,Kolkata Dakshin,6,Debabrata Bera,SOCIALIST UNITY CENTRE OF INDIA (COMMUNIST),2389,2,2391
West Bengal,Kolkata Dakshin,7,Sridhar Chandra Bagari,Shivsena,1697,0,1697
West Bengal,Kolkata Dakshin,8,Badal Mondal,Independent,801,0,801
West Bengal,Kolkata Dakshin,9,Gautam Mitra,Independent,699,2,701
West Bengal,Kolkata Dakshin,10,Kashinath Das,Independent,1253,0,1253
West Bengal,Kolkata Dakshin,11,Niraj Agarwal,Independent,1658,0,1658
West Bengal,Kolkata Dakshin,12,Rita Dutta,Independent,2457,0,2457
West Bengal,Kolkata Dakshin,13,Santanu Roy,Independent,4564,0,4564
West Bengal,Kolkata Dakshin,14,NOTA,None of the Above,14780,44,14824
West Bengal,Kolkata Uttar,1,BANDYOPADHYAY SUDIP,All India Trinamool Congress,474490,401,474891
West Bengal,Kolkata Uttar,2,KANINIKA BOSE (GHOSH),Communist Party of India (Marxist),70848,232,71080
West Bengal,Kolkata Uttar,3,OMPRAKASH PRAJAPATI,Bahujan Samaj Party,2594,3,2597
West Bengal,Kolkata Uttar,4,RAHUL (BISWAJIT) SINHA,Bharatiya Janata Party,347307,489,347796
West Bengal,Kolkata Uttar,5,SYED SHAHID IMAM,Indian National Congress,26072,21,26093
West Bengal,Kolkata Uttar,6,BIJNAN KUMAR BERA,SOCIALIST UNITY CENTRE OF INDIA (COMMUNIST),1314,1,1315
West Bengal,Kolkata Uttar,7,JOYDEB DAS,Bharateeya Manavadhikar party,480,0,480
West Bengal,Kolkata Uttar,8,MANAS MAJUMDER,Shivsena,901,0,901
West Bengal,Kolkata Uttar,9,MANMOHAN GARODIA,Rashtriya Ahinsa Manch,440,0,440
West Bengal,Kolkata Uttar,10,MD IMTIAZ KHAN,Bharat Prabhat Party,418,0,418
West Bengal,Kolkata Uttar,11,MIR TIPU SULTAN ALI,Party for Democratic Socialism,503,0,503
West Bengal,Kolkata Uttar,12,NARESH KR SINGH,Jan Sangh Party,712,0,712
West Bengal,Kolkata Uttar,13,RATHINDRA NATH ROY,Purvanchal Janta Party (Secular),1602,0,1602
West Bengal,Kolkata Uttar,14,RINKU GUPTA,Pyramid Party of India,965,0,965
West Bengal,Kolkata Uttar,15,SUBHASH VERMA,Jan Sangharsh Virat Party,1301,0,1301
West Bengal,Kolkata Uttar,16,ANUJIT KUMAR NAN,Independent,5737,0,5737
West Bengal,Kolkata Uttar,17,DEBJIT ROY CHOWDHURY,Independent,3713,0,3713
West Bengal,Kolkata Uttar,18,KALIPADA JANA,Independent,923,1,924
West Bengal,Kolkata Uttar,19,PANNA LAL SHAW,Independent,599,0,599
West Bengal,Kolkata Uttar,20,SUMANTA BHOWMICK,Independent,1301,0,1301
West Bengal,Kolkata Uttar,21,UTPAL BISWAS,Independent,509,0,509
West Bengal,Kolkata Uttar,22,NOTA,None of the Above,6724,12,6736
West Bengal,Krishnanagar,1,INTAJ ALI SHAH,Indian National Congress,38116,189,38305
West Bengal,Krishnanagar,2,UDDHAB ROY,Bahujan Samaj Party,4166,33,4199
West Bengal,Krishnanagar,3,KALYAN CHAUBEY,Bharatiya Janata Party,548248,3406,551654
West Bengal,Krishnanagar,4,JHA SHANTANU,Communist Party of India (Marxist),120016,206,120222
West Bengal,Krishnanagar,5,MAHUA MOITRA,All India Trinamool Congress,613652,1220,614872
West Bengal,Krishnanagar,6,KHODABOX SHAIKH,SOCIALIST UNITY CENTRE OF INDIA (COMMUNIST),8096,16,8112
West Bengal,Krishnanagar,7,JAYANTO DEBNATH,Aihra National Party,2218,7,2225
West Bengal,Krishnanagar,8,SUBIMAL SENGUPTA,Communist Party of India (Marxist-Leninist) (Liberation),7581,4,7585
West Bengal,Krishnanagar,9,ASHOK AGARWALA (LALU DA),Independent,2963,4,2967
West Bengal,Krishnanagar,10,NIRAPADA MODAK,Independent,6512,0,6512
West Bengal,Krishnanagar,11,BHASKAR PAUL,Independent,2279,3,2282
West Bengal,Krishnanagar,12,NOTA,None of the Above,7484,24,7508
West Bengal,Maldaha Dakshin,1,ABU HASEM KHAN CHOWDHURY (DALU),Indian National Congress,443540,730,444270
West Bengal,Maldaha Dakshin,2,FULCHAND MANDAL,Bahujan Samaj Party,6171,19,6190
West Bengal,Maldaha Dakshin,3,MD. MOAZZEM HOSSAIN,All India Trinamool Congress,350374,979,351353
West Bengal,Maldaha Dakshin,4,SREERUPA MITRA CHAUDHURY,Bharatiya Janata Party,434003,2045,436048
West Bengal,Maldaha Dakshin,5,ANGSHUDHAR MANDAL,SOCIALIST UNITY CENTRE OF INDIA (COMMUNIST),5600,5,5605
West Bengal,Maldaha Dakshin,6,NASMUL HOQUE,Party for Democratic Socialism,2416,1,2417
West Bengal,Maldaha Dakshin,7,PAPPU AHAMED,Aihra National Party,2415,0,2415
West Bengal,Maldaha Dakshin,8,MANJUR ALAHI MUNSHI,Independent,5542,1,5543
West Bengal,Maldaha Dakshin,9,RATAN MANDAL,Independent,9428,2,9430
West Bengal,Maldaha Dakshin,10,HASIM AKHTAR,Independent,3866,3,3869
West Bengal,Maldaha Dakshin,11,NOTA,None of the Above,12043,19,12062
West Bengal,Maldaha Uttar,1,ISHA KHAN CHOUDHURY,Indian National Congress,304964,306,305270
West Bengal,Maldaha Uttar,2,KHAGEN MURMU,Bharatiya Janata Party,507798,1726,509524
West Bengal,Maldaha Uttar,3,NITISH KUMAR MANDAL,Bahujan Samaj Party,6332,15,6347
West Bengal,Maldaha Uttar,4,BISWANATH GHOSH,Communist Party of India (Marxist),50315,86,50401
West Bengal,Maldaha Uttar,5,MAUSAM NOOR,All India Trinamool Congress,424517,719,425236
West Bengal,Maldaha Uttar,6,ARJUN KESHARI,Shivsena,4985,0,4985
West Bengal,Maldaha Uttar,7,NITYA DAS,Aihra National Party,1469,1,1470
West Bengal,Maldaha Uttar,8,MONATAN HEMBRAM,Bahujan Mukti Party,5981,4,5985
West Bengal,Maldaha Uttar,9,JOSEPH KISKU,Jharkhand Mukti Morcha,1917,3,1920
West Bengal,Maldaha Uttar,10,SUBHASH BARMAN,Kamatapur People’s Party (United),1641,1,1642
West Bengal,Maldaha Uttar,11,SUBHASH SARKAR,SOCIALIST UNITY CENTRE OF INDIA (COMMUNIST),2029,1,2030
West Bengal,Maldaha Uttar,12,AL MONOWARA BEGAM,Independent,7225,0,7225
West Bengal,Maldaha Uttar,13,ALAM NOORSED,Independent,2534,1,2535
West Bengal,Maldaha Uttar,14,NIMAI BESARA,Independent,3090,0,3090
West Bengal,Maldaha Uttar,15,MD. DULAL HOQUE,Independent,5534,0,5534
West Bengal,Maldaha Uttar,16,MOHAN HASDA,Independent,13471,2,13473
West Bengal,Maldaha Uttar,17,NOTA,None of the Above,8028,11,8039
West Bengal,Mathurapur,1,KRITTIBAS SARDAR,Indian National Congress,32299,25,32324
West Bengal,Mathurapur,2,CHOUDHURY MOHAN JATUA,All India Trinamool Congress,726463,365,726828
West Bengal,Mathurapur,3,DR. SARAT CHANDRA HALDAR,Communist Party of India (Marxist),92372,45,92417
West Bengal,Mathurapur,4,SHYAMAPRASAD HALDER,Bharatiya Janata Party,522267,587,522854
West Bengal,Mathurapur,5,SOUMEN SARKAR,Bahujan Samaj Party,4633,1,4634
West Bengal,Mathurapur,6,AMITAV NASKAR,New Democratic Party of India,1493,1,1494
West Bengal,Mathurapur,7,PURNA CHANDRA NAIYA,SOCIALIST UNITY CENTRE OF INDIA (COMMUNIST),6690,2,6692
West Bengal,Mathurapur,8,ASIT KUMAR HALDAR,Independent,1750,2,1752
West Bengal,Mathurapur,9,PRONAB KUMAR JATUA,Independent,6048,0,6048
West Bengal,Mathurapur,10,NOTA,None of the Above,6904,6,6910
West Bengal,Medinipur,1,Dilip Ghosh,Bharatiya Janata Party,683285,2148,685433
West Bengal,Medinipur,2,Biplab Bhatta,Communist Party of India,62232,87,62319
West Bengal,Medinipur,3,Manas Ranjan Bhunia,All India Trinamool Congress,595972,509,596481
West Bengal,Medinipur,4,Ramkrishna Sarkar,Bahujan Samaj Party,7558,10,7568
West Bengal,Medinipur,5,Sambhunath Chattapadhyay,Indian National Congress,20769,38,20807
West Bengal,Medinipur,6,Ashoke Sarkar,Shivsena,3087,6,3093
West Bengal,Medinipur,7,Tushar Jana,SOCIALIST UNITY CENTRE OF INDIA (COMMUNIST),6598,5,6603
West Bengal,Medinipur,8,Rabindra Nath Bera,Amra Bangalee,8569,1,8570
West Bengal,Medinipur,9,Tapas Kumar Kar,Independent,4178,5,4183
West Bengal,Medinipur,10,NOTA,None of the Above,14729,29,14758
West Bengal,Murshidabad,1,ABU TAHER KHAN,All India Trinamool Congress,604024,322,604346
West Bengal,Murshidabad,2,"ABU HENA, S/O - LATE ABDUS SATTAR",Indian National Congress,377721,208,377929
West Bengal,Murshidabad,3,BADARUDDOZA KHAN,Communist Party of India (Marxist),180662,131,180793
West Bengal,Murshidabad,4,MIJANUL HAQUE,Bahujan Samaj Party,4509,12,4521
West Bengal,Murshidabad,5,HUMAYUN KABIR,Bharatiya Janata Party,246745,1064,247809
West Bengal,Murshidabad,6,KAMARUJJAMAN (BAKUL) KHANDEKAR,SOCIALIST UNITY CENTRE OF INDIA (COMMUNIST),5649,6,5655
West Bengal,Murshidabad,7,DHANANJOY SARKAR,Bahujan Mukti Party,1107,8,1115
West Bengal,Murshidabad,8,MD. HABIBUR RAHAMAN,Jamat-E-Seratul Mustakim,2836,3,2839
West Bengal,Murshidabad,9,"ABU HENA, S/O - SAZZAD ALI",Independent,2500,3,2503
West Bengal,Murshidabad,10,MD. JALALUDDIN MONDAL,Independent,4040,0,4040
West Bengal,Murshidabad,11,HUMAYUN KABIR SEKH,Independent,7178,2,7180
West Bengal,Murshidabad,12,NOTA,None of the Above,15012,13,15025
West Bengal,Purulia,1,ANANDI TUDU,Bahujan Samaj Party,11180,22,11202
West Bengal,Purulia,2,JYOTIRMAY SINGH MAHATO,Bharatiya Janata Party,666016,2091,668107
West Bengal,Purulia,3,NEPAL MAHATA,Indian National Congress,84366,111,84477
West Bengal,Purulia,4,BIR SINGH MAHATO,All India Forward Bloc,68293,141,68434
West Bengal,Purulia,5,Dr. MRIGANKA MAHATO,All India Trinamool Congress,462785,590,463375
West Bengal,Purulia,6,UTTAM TANTUBAY,Bharateeya Manavadhikar party,6031,0,6031
West Bengal,Purulia,7,JAWAHARLAL MAHATO,Mulnibasi Party of India,2450,2,2452
West Bengal,Purulia,8,DIPENDU MAHATO,Jharkhand Mukti Morcha,1796,2,1798
West Bengal,Purulia,9,RANGALAL KUMAR,SOCIALIST UNITY CENTRE OF INDIA (COMMUNIST),4363,6,4369
West Bengal,Purulia,10,RAJIB MAHATO,Shivsena,1661,0,1661
West Bengal,Purulia,11,LAXMIKANTA MAHATA,Amra Bangalee,3499,4,3503
West Bengal,Purulia,12,SEKH FATIK,Bharatiya Nyay-Adhikar Raksha Party,7777,0,7777
West Bengal,Purulia,13,UMA CHARAN MAHATO,Independent,3875,1,3876
West Bengal,Purulia,14,BARJURAM SINGH SARDAR,Independent,6512,4,6516
West Bengal,Purulia,15,MRITYUNJOY MAHATO,Independent,10334,2,10336
West Bengal,Purulia,16,NOTA,None of the Above,11304,18,11322
West Bengal,Raiganj,1,AGARWAL KANAIALAL,All India Trinamool Congress,449269,1809,451078
West Bengal,Raiganj,2,CHURKA MURMU,Bahujan Samaj Party,4080,11,4091
West Bengal,Raiganj,3,DEEPA DASMUNSI,Indian National Congress,83460,202,83662
West Bengal,Raiganj,4,DEBASREE CHAUDHURI,Bharatiya Janata Party,509862,1790,511652
West Bengal,Raiganj,5,MD. SALIM,Communist Party of India (Marxist),181310,725,182035
West Bengal,Raiganj,6,AKIK HOSSAIN CHOWDHURY,Kamatapur People’s Party (United),2959,0,2959
West Bengal,Raiganj,7,LAKSHMAN MURMU,Ambedkarite Party of India,3267,2,3269
West Bengal,Raiganj,8,SANTHAPAN HASDAK,Jharkhand Mukti Morcha,2829,2,2831
West Bengal,Raiganj,9,SUJAN KRISHNA PAUL,SOCIALIST UNITY CENTRE OF INDIA (COMMUNIST),1629,3,1632
West Bengal,Raiganj,10,ADVOCATE ANJAY DEBSARMA,Independent,2369,2,2371
West Bengal,Raiganj,11,KUMARESH SARKAR,Independent,3159,4,3163
West Bengal,Raiganj,12,BINOY KUMAR DAS,Independent,6925,0,6925
West Bengal,Raiganj,13,MD. SAHAJAN BADSHA,Independent,5054,0,5054
West Bengal,Raiganj,14,RAJU PAUL,Independent,2638,0,2638
West Bengal,Raiganj,15,NOTA,None of the Above,13747,2,13749
West Bengal,Ranaghat,1,GAUTAM RAY,Bahujan Samaj Party,8536,33,8569
West Bengal,Ranaghat,2,JAGANNATH SARKAR,Bharatiya Janata Party,779767,3486,783253
West Bengal,Ranaghat,3,BISWAS RAMA,Communist Party of India (Marxist),97462,309,97771
West Bengal,Ranaghat,4,MINATI BISWAS,Indian National Congress,23178,119,23297
West Bengal,Ranaghat,5,RUPALI BISWAS,All India Trinamool Congress,548736,1089,549825
West Bengal,Ranaghat,6,HALDAR PARESH,SOCIALIST UNITY CENTRE OF INDIA (COMMUNIST),6449,5,6454
West Bengal,Ranaghat,7,BIDYUT BISWAS,Independent,5716,13,5729
West Bengal,Ranaghat,8,NOTA,None of the Above,9111,26,9137
West Bengal,Srerampur,1,KALYAN BANERJEE,All India Trinamool Congress,637231,476,637707
West Bengal,Srerampur,2,TIRTHANKAR RAY,Communist Party of India (Marxist),152050,231,152281
West Bengal,Srerampur,3,DEBJIT SARKAR,Bharatiya Janata Party,538273,898,539171
West Bengal,Srerampur,4,DEBABRATA BISWAS,Indian National Congress,32474,35,32509
West Bengal,Srerampur,5,LACHMAN RAJAK,Bahujan Samaj Party,2589,4,2593
West Bengal,Srerampur,6,KASHINATH MURMU,Indian Unity Centre,1662,2,1664
West Bengal,Srerampur,7,PRADYUT CHOWDHURI,SOCIALIST UNITY CENTRE OF INDIA (COMMUNIST),1886,0,1886
West Bengal,Srerampur,8,PRABHASH CHANDRA KAR,Rashtriya Janadhikar Suraksha Party,1772,0,1772
West Bengal,Srerampur,9,AVASH MUNSHI,Independent,2270,2,2272
West Bengal,Srerampur,10,MANGAL SARKAR,Independent,5092,0,5092
West Bengal,Srerampur,11,SWAPAN MANNA,Independent,4257,0,4257
West Bengal,Srerampur,12,NOTA,None of the Above,20486,15,20501
West Bengal,Tamluk,1,Adhikari Dibyendu,All India Trinamool Congress,723641,792,724433
West Bengal,Tamluk,2,Makhan Mahapatra,Bahujan Samaj Party,4480,16,4496
West Bengal,Tamluk,3,Lakshman Chandra Seth,Indian National Congress,15954,47,16001
West Bengal,Tamluk,4,Sidharthashankar Naskar,Bharatiya Janata Party,532844,1424,534268
West Bengal,Tamluk,5,Sk Ibrahim Ali,Communist Party of India (Marxist),135862,267,136129
West Bengal,Tamluk,6,Motyar Rahaman,Bharat Prabhat Party,1339,2,1341
West Bengal,Tamluk,7,Madhusudan Bera,SOCIALIST UNITY CENTRE OF INDIA (COMMUNIST),5998,10,6008
West Bengal,Tamluk,8,Sankar Mondal,Rashtriya Jan Adhikar Party,1225,1,1226
West Bengal,Tamluk,9,Satadal Metya,Shivsena,3194,3,3197
West Bengal,Tamluk,10,Adak Sukomal,Independent,2486,0,2486
West Bengal,Tamluk,11,Dhananjoy Dalai,Independent,1631,0,1631
West Bengal,Tamluk,12,Marphat Ali Khan,Independent,4749,1,4750
West Bengal,Tamluk,13,NOTA,None of the Above,10513,20,10533
West Bengal,Uluberia,1,JOY BANERJEE,Bharatiya Janata Party,479016,570,479586
West Bengal,Uluberia,2,MAKSUDA KHATUN,Communist Party of India (Marxist),81149,165,81314
West Bengal,Uluberia,3,SAJDA AHMED,All India Trinamool Congress,694617,328,694945
West Bengal,Uluberia,4,Shoma Ranisree Roy,Indian National Congress,27555,13,27568
West Bengal,Uluberia,5,ALIMUDDIN NAZIR,Rashtriya Janadhikar Suraksha Party,2519,0,2519
West Bengal,Uluberia,6,MINATI SARKAR,SOCIALIST UNITY CENTRE OF INDIA (COMMUNIST),1696,1,1697
West Bengal,Uluberia,7,SIMAL SAREN,Indian Unity Centre,2338,1,2339
West Bengal,Uluberia,8,Amal Barman,Independent,1885,0,1885
West Bengal,Uluberia,9,DURGADAS HAJRA,Independent,6770,0,6770
West Bengal,Uluberia,10,SUSANTA KUMAR DALUI,Independent,3077,0,3077
West Bengal,Uluberia,11,NOTA,None of the Above,9395,4,9399